Sector: Aviation,
Date: 09-Nov-2025,
Note:- Statement: 1 = Standalone and 2 = Consolidated,
Generated by and for: signshailesh@gmail.com,

Stock Name,Symbol,Industry,Market Cap(Rs. Cr.),Exchange,LTP,Chg%,TTM Statement,Period Ending,Total Debt(Rs. Cr.),Enterprise Value(Rs. Cr.),TTM Ending (Results),Net Sales (Rs. Cr.),Profit After Tax (Rs. Cr.),TTM Ending (Valuation),Price Earning Ratio(TTM),"PEG Ratio ",Price To Book Value(TTM),Statement,Year Ending,Debt Equity Ratio,Return On Equity(%),Return On Capital Employed(%),Symbol with Comma for External Upload
Interglobe Aviation Ltd.,INDIGO,Airlines,215796.53,NSE,5583.50,-1.92,2,2025-09,1800.1,196314.03,2025-09,83314.2,5110.5,2025-09,42.22,0.42,24.99,2,2025-03,0.19,129.64,168.93,"INDIGO,"
GMR Airports Ltd.,GMRAIRPORT,Airport Management Services,101028.28,NSE,95.66,1.28,2,2025-03,37633.71,137718.07,2025-06,11217.27,-808.31,2025-06,0,0,-37.6,2,2025-03,-15.03,0,8.99,"GMRAIRPORT,"
SpiceJet Ltd.,SPICEJET,Airlines,4985.49,BSE,35.27,-1.01,2,2025-03,889.19,5614.51,2025-06,4737.66,-330.26,2025-06,0,0,-2.16,2,2025-03,-0.43,0,0,"SPICEJET,"
Raymond Ltd.,RAYMOND,Airlines,3712.48,NSE,557.05,-1.14,2,2025-09,972.28,4361.3,2025-09,2563.34,152.3,2025-09,0.67,0,1.14,2,2025-03,0.18,1.26,2.32,"RAYMOND,"
TAAL Tech Ltd.,TAALENT,Airlines,947.68,BSE,3010.00,-3.39,2,2025-03,0,899.96,2025-06,182.94,51.73,2025-06,18.32,1.05,4.35,2,2025-03,0,26.64,36.83,"TAALENT,"
FlySBS Aviation Ltd.,FLYSBS,Airlines,921.08,NSE,532.30,1.02,1,2025-03,17.93,889.18,2025-03,193.9,28.4,2025-03,32.43,,3.64,1,2025-03,0.12,26.23,34.67,"FLYSBS,"
Taneja Aerospace & Aviation Ltd.,TANAA,Airlines,860.52,BSE,338.00,-4.95,2,2025-09,,837.18,2025-09,39.57,17.92,2025-09,48.02,1.89,5.75,2,2025-03,0,13.25,17.49,"TANAA,"
Dreamfolks Services Ltd.,DREAMFOLKS,Airport Management Services,651.76,NSE,122.11,-1.61,2,2025-03,1.58,594.65,2025-06,1320.03,69.17,2025-06,9.38,,2.07,2,2025-03,0.01,24.85,34.7,"DREAMFOLKS,"
Global Vectra Helicorp Ltd.,GLOBALVECT,Airlines,317.73,NSE,226.66,0.44,1,2025-03,101.85,408.18,2025-06,531.16,-3.95,2025-06,0,,26.84,1,2025-03,4.79,-3.02,28.74,"GLOBALVECT,"
