Sector: Capital Goods,
Date: 09-Nov-2025,
Note:- Statement: 1 = Standalone and 2 = Consolidated,
Generated by and for: signshailesh@gmail.com,

Stock Name,Symbol,Industry,Market Cap(Rs. Cr.),Exchange,LTP,Chg%,TTM Statement,Period Ending,Total Debt(Rs. Cr.),Enterprise Value(Rs. Cr.),TTM Ending (Results),Net Sales (Rs. Cr.),Profit After Tax (Rs. Cr.),TTM Ending (Valuation),Price Earning Ratio(TTM),"PEG Ratio ",Price To Book Value(TTM),Statement,Year Ending,Debt Equity Ratio,Return On Equity(%),Return On Capital Employed(%),Symbol with Comma for External Upload
Hindustan Aeronautics Ltd.,HAL,Defence,309438.85,NSE,4626.60,0.72,2,2025-03,50.28,271306.88,2025-06,31452.46,8265.78,2025-06,37.23,1.52,8.51,2,2025-03,0,26.09,33.91,"HAL,"
Bharat Electronics Ltd.,BEL,Defence,302807.59,NSE,414.25,1.33,2,2025-09,,294691.07,2025-09,25152.11,5661.37,2025-09,53.16,2.23,14.04,2,2025-03,0,29.13,39.18,"BEL,"
CG Power and Industrial Solutions Ltd.,CGPOWER,Electric Equipment,115414.95,NSE,733.25,0.08,2,2025-09,0.3,114811.61,2025-09,11069.29,1063.42,2025-09,108.02,3.34,15.47,2,2025-03,0,28.59,39.9,"CGPOWER,"
Siemens Energy India Ltd.,ENRIN,Electric Equipment,114982.41,NSE,3228.20,1.34,1,2025-03,,114915.61,,,,-0,,,,1,-0,,,,"ENRIN,"
Siemens Ltd.,SIEMENS,Electric Equipment,108082.5,NSE,3033.40,-1.62,2,2025-03,,101989.3,2025-06,18654.1,2034.6,2025-06,44.12,2.22,8.48,2,2024-09,0,19.11,26.29,"SIEMENS,"
ABB India Ltd.,ABB,Electric Equipment,106246.62,NSE,5016.50,-4.05,2,2024-12,0,100738.8,2012-12,7610.48,140.94,2012-12,753.84,18.96,,1,2024-12,0,28.8,38.86,"ABB,"
Waaree Energies Ltd.,WAAREEENER,Electric Equipment,94307.39,NSE,3276.20,-2.75,2,2025-09,2390.42,88913.82,2025-09,17952.69,2802.45,2025-09,34.94,,8.21,2,2025-03,0.1,28.65,36.65,"WAAREEENER,"
Hitachi Energy India Ltd.,POWERINDIA,Electric Equipment,93063.97,NSE,20863.00,3.25,1,2025-09,,88405.07,2025-09,6815.4,717.23,2025-09,129.75,,20.31,1,2025-03,0,13.78,19.94,"POWERINDIA,"
Bharat Heavy Electricals Ltd.,BHEL,Engineering - Industrial Equipments,91822.01,NSE,263.85,1.46,2,2025-09,10748.29,94416.17,2025-09,29269.17,502.33,2025-09,164.4,8.75,3.76,2,2025-03,0.36,2.17,4.95,"BHEL,"
Havells India Ltd.,HAVELLS,Electric Equipment,90902.06,NSE,1448.50,0.43,2,2025-09,,89440.41,2025-09,21667.22,1455.95,2025-09,62.14,4.17,10.48,2,2025-03,0,18.67,26.16,"HAVELLS,"
GE Vernova T&D India Ltd.,GVT&D,Electric Equipment,78761.19,NSE,3073.20,2.42,1,2025-09,,77872.51,2025-09,5094.78,919.85,2025-09,85.62,2.5,37.75,1,2025-03,0,40.34,56.11,"GVT&D,"
Suzlon Energy Ltd.,SUZLON,Electric Equipment,78680.63,NSE,57.38,-3.74,2,2025-09,320.38,78299.75,2025-09,13767.27,3172.5,2025-09,24.8,1.08,10.01,2,2025-03,0.05,41.97,32.66,"SUZLON,"
Bharat Dynamics Ltd.,BDL,Defence,53034.26,NSE,1447.70,0.67,1,2025-03,4.48,48848.38,2025-06,3401.81,560.78,2025-06,94.57,171.95,13.22,1,2025-03,0,14.44,19.76,"BDL,"
Thermax Ltd.,THERMAX,Engineering - Industrial Equipments,38025.75,NSE,3190.90,-2.00,2,2025-03,1693.34,38564.55,2025-06,10354.46,668.73,2025-06,56.67,2.32,7.48,2,2025-03,0.34,13.38,16.25,"THERMAX,"
Apar Industries Ltd.,APARINDS,Electric Equipment,33286.08,NSE,8280.50,-1.47,2,2025-09,590.92,33510.42,2025-09,20745.76,939.66,2025-09,35.43,0.82,6.86,2,2025-03,0.1,19.61,33.47,"APARINDS,"
Inox Wind Ltd.,INOXWIND,Electric Equipment,25854.44,NSE,149.45,-0.41,2,2025-03,1466.35,27107.91,2025-06,3744.58,490.17,2025-06,50.97,1.73,4.14,2,2025-03,0.3,13.2,12.33,"INOXWIND,"
Schneider Electric Infrastructure Ltd.,SCHNEIDER,Electric Equipment,20604.79,NSE,861.95,-1.60,1,2025-09,432.58,20760.23,2025-09,2715.86,258.7,2025-09,79.65,1.35,31.3,1,2025-03,0.78,64.45,47.04,"SCHNEIDER,"
Jyoti CNC Automation Ltd.,JYOTICNC,Engineering - Industrial Equipments,20176.98,NSE,886.15,-1.04,2,2025-03,496.84,20548.51,2025-06,1866.03,336.51,2025-06,59.96,,11.48,2,2025-03,0.29,20.72,23.88,"JYOTICNC,"
BEML Ltd.,BEML,Construction Vehicles,16708.61,NSE,2006.70,1.00,2,2025-09,650.9,17322.53,2025-09,4001.38,295.88,2025-09,56.47,1.58,5.97,2,2025-03,0.08,10.53,16,"BEML,"
Triveni Turbine Ltd.,TRITURBINE,Engineering - Industrial Equipments,16375.6,NSE,515.85,-1.98,2,2025-03,0,16049.14,2025-06,1913.8,342.6,2025-06,47.92,2,12.82,2,2025-03,0,33.02,45.42,"TRITURBINE,"
V-Guard Industries Ltd.,VGUARD,Electric Equipment,15754.22,NSE,360.95,-2.23,2,2025-09,7.49,15706.63,2025-09,5613.73,290.49,2025-09,54.23,4.98,7.19,2,2025-03,0.01,16.38,20.81,"VGUARD,"
Elgi Equipments Ltd.,ELGIEQUIP,Compressors / Pumps,15154.59,NSE,479.15,-0.88,2,2025-03,483.1,14763.19,2025-06,3576.05,354.54,2025-06,41.76,0.8,7.8,2,2025-03,0.26,20.2,22.86,"ELGIEQUIP,"
Data Patterns (India) Ltd.,DATAPATTNS,Defence,14643.45,NSE,2616.20,0.09,1,2025-03,0,14517.05,2025-06,703.6,214.52,2025-06,68.26,,9.55,1,2025-03,0,15.66,21.71,"DATAPATTNS,"
Kirloskar Oil Engines Ltd.,KIRLOSENG,Engineering - Industrial Equipments,14011.54,NSE,964.35,-2.45,2,2025-03,5760.83,18775.79,2025-06,6470.71,453.51,2025-06,29.7,1.36,4.38,2,2025-03,1.88,16.62,14.56,"KIRLOSENG,"
Kirloskar Brothers Ltd.,KIRLOSBROS,Compressors / Pumps,13621.81,NSE,1715.20,-4.85,2,2025-09,163.7,13449.01,2025-09,4432.2,375.2,2025-09,34.75,0.82,6.17,2,2025-03,0.06,21.17,28.5,"KIRLOSBROS,"
KSB Ltd.,KSB,Compressors / Pumps,13186.08,NSE,757.00,-1.57,2,2025-06,,12869.38,2025-06,2605,242.2,2025-06,51.35,2.34,8.59,2,2024-12,0,17.76,23.92,"KSB,"
Tega Industries Ltd.,TEGA,Engineering - Industrial Equipments,12678.67,NSE,1906.20,-0.19,2,2025-03,261.93,12819.44,2025-06,1654.77,194.08,2025-06,63.8,,8.86,2,2025-03,0.19,15.46,18.56,"TEGA,"
Zen Technologies Ltd.,ZENTEC,Defence,12272.72,NSE,1358.80,-1.34,2,2025-09,0.49,11440.48,2025-09,808.97,272.03,2025-09,49.5,1.35,6.83,2,2025-03,0.03,27.92,38.61,"ZENTEC,"
TD Power Systems Ltd.,TDPOWERSYS,Electric Equipment,12195.5,NSE,780.60,-2.16,2,2025-09,35.73,12038.37,2025-09,1522.9,208.22,2025-09,58.57,0.99,12.69,2,2025-03,0.01,22.32,30.34,"TDPOWERSYS,"
Action Construction Equipment Ltd.,ACE,Construction Vehicles,12176.85,NSE,1022.00,-4.66,2,2025-09,134.41,12277.04,2025-09,3232.42,418.02,2025-09,29.13,0.57,6.83,2,2025-03,0.01,28.79,40.36,"ACE,"
Elecon Engineering Company Ltd.,ELECON,Engineering - Industrial Equipments,12065.98,NSE,537.75,-1.52,2,2025-09,,11754.72,2025-09,2395.16,513.07,2025-09,23.33,0.65,5.38,2,2025-03,0,23.04,30.52,"ELECON,"
Ingersoll-Rand (India) Ltd.,INGERRAND,Compressors / Pumps,11864.04,NSE,3760.10,0.07,1,2025-03,0,11652.37,2025-06,1345.08,264.65,2025-06,44.83,1.73,17.83,1,2025-03,0,45.17,60.81,"INGERRAND,"
Transformers & Rectifiers (India) Ltd.,TARIL,Electric Equipment,11789.01,NSE,391.90,-3.11,2,2025-09,365.75,11934.45,2025-09,2225.2,254.49,2025-06,45.08,0.18,8.94,2,2025-03,0.23,23.96,28.61,"TARIL,"
Graphite India Ltd.,GRAPHITE,Electrodes & Welding Equipment,11294.66,NSE,577.25,-2.35,2,2025-03,172.32,11285.03,2025-06,2497,355,2025-06,31.46,0.53,1.88,2,2025-03,0.03,7.98,10.19,"GRAPHITE,"
Engineers India Ltd.,ENGINERSIN,Engineering,11035.7,NSE,196.44,1.05,2,2025-03,0,9708.8,2025-06,3334.12,485.73,2025-06,19.94,3.08,4.02,2,2025-03,0,19.2,25.84,"ENGINERSIN,"
Genus Power Infrastructures Ltd.,GENUSPOWER,Electric Equipment,10759.47,NSE,353.50,-0.27,2,2025-09,1744.45,11902.43,2025-09,3632.4,433.68,2025-09,23.38,0.69,5.64,2,2025-03,0.73,17.18,19.21,"GENUSPOWER,"
Inox India Ltd.,INOXINDIA,Engineering - Industrial Equipments,10678.78,NSE,1175.30,-2.29,2,2025-09,90.5,10743.54,2025-09,1400.87,245.85,2025-09,43.44,,10.89,2,2025-03,0.04,29.91,39.4,"INOXINDIA,"
HEG Ltd.,HEG,Electrodes & Welding Equipment,10599.29,NSE,549.50,-1.28,2,2025-03,584.86,11037.11,2025-06,2205.16,183.59,2025-06,53.85,4.8,2.33,2,2025-03,0.13,2.59,3.96,"HEG,"
Azad Engineering Ltd.,AZAD,Engineering - Industrial Equipments,10420.59,NSE,1611.20,-0.44,2,2025-09,293.7,10366.46,2025-09,530.13,110.57,2025-09,93.34,,7.05,2,2025-03,0.17,8.49,12.28,"AZAD,"
Astra Microwave Products Ltd.,ASTRAMICRO,Defence,9890.42,NSE,1042.50,0.59,2,2025-03,422.53,10214.79,2025-06,1095.73,153.56,2025-06,60.83,2.14,8.88,2,2025-03,0.38,14.87,19.18,"ASTRAMICRO,"
Vesuvius India Ltd.,VESUVIUS,Refractories,9881.15,NSE,486.35,-1.30,1,2025-06,,9419.65,2025-06,1959.32,250.7,2025-06,39.41,1.56,6.49,1,2024-12,0,20.16,26.88,"VESUVIUS,"
Shakti Pumps (India) Ltd.,SHAKTIPUMP,Compressors / Pumps,9846.54,NSE,798.05,0.19,2,2025-09,616.31,10064,2025-09,2602.94,401.82,2025-09,24.5,0.25,6.36,2,2025-03,0.14,42.67,55.37,"SHAKTIPUMP,"
RHI Magnesita India Ltd.,RHIM,Refractories,9747.9,NSE,471.15,0.24,2,2025-03,245.84,9894.53,2025-06,3756.05,164.9,2025-06,59.11,7.11,2.42,2,2025-03,0.06,5.16,7.24,"RHIM,"
Nesco Ltd.,NESCO,Engineering - Industrial Equipments,9548.03,NSE,1355.70,8.91,2,2025-09,,9526.99,2025-03,732.01,375.21,2025-03,25.45,2.57,3.41,2,2025-03,0,15.23,20.36,"NESCO,"
Transrail Lighting Ltd.,TRANSRAILL,Electric Equipment,9305.96,NSE,692.90,-0.35,2,2025-03,643.46,9328.5,2025-06,6051.82,377.88,2025-06,24.44,,4.69,2,2025-03,0.34,21.66,35.64,"TRANSRAILL,"
Lloyds Engineering Works Ltd.,LLOYDSENGG,Engineering - Industrial Equipments,8659.91,NSE,58.73,0.22,2,2025-09,120.7,8582.54,2025-09,1031.84,119.22,2025-09,63.68,,7.19,2,2025-03,0.09,16.98,21.19,"LLOYDSENGG,"
Atlanta Electricals Ltd.,ATLANTAELE,Electric Equipment,8303.68,NSE,1079.90,8.20,2,2025-03,141.03,8378.64,,,,2025-03,69.99,,10.62,2,2025-03,0.4,41.03,50.41,"ATLANTAELE,"
Oswal Pumps Ltd.,OSWALPUMPS,Compressors / Pumps,8045.67,NSE,705.50,4.49,2,2025-03,323.47,8360.23,2025-03,1430.31,278.71,2025-03,28.67,,4.14,2,2025-03,0.7,87.02,78.75,"OSWALPUMPS,"
Quality Power Electrical Equipments Ltd.,QPOWER,Electric Equipment,7508.21,NSE,969.40,3.77,2,2025-03,8.9,7307.18,2025-03,336.65,100.15,2025-03,74.97,,16.27,2,2025-03,0.02,34.68,36.72,"QPOWER,"
MTAR Technologies Ltd.,MTARTECH,Engineering,7442.28,NSE,2419.20,1.91,2,2025-09,183.7,7607.89,2025-09,649.72,44.74,2025-09,166.33,15.05,10,2,2025-03,0.24,7.53,10.57,"MTARTECH,"
Esab India Ltd.,ESABINDIA,Electrodes & Welding Equipment,7336.01,NSE,4761.80,-0.43,1,2025-03,0,7257.19,2025-06,1395.88,171.91,2025-06,42.67,2.17,18.24,1,2025-03,0,52.58,71.26,"ESABINDIA,"
Voltamp Transformers Ltd.,VOLTAMP,Electric Equipment,7251.4,NSE,7158.00,0.97,1,2025-09,,7222.05,2025-09,2014.48,328.63,2025-09,22.07,0.75,4.35,1,2025-03,0,22.13,29.77,"VOLTAMP,"
Balu Forge Industries Ltd.,BALUFORGE,Engineering - Industrial Equipments,7015.63,NSE,615.65,1.67,2,2025-03,35.91,6955.33,2025-06,981.5,226.86,2025-06,30.92,,6.3,2,2025-03,0.04,27.3,31.33,"BALUFORGE,"
Kirloskar Pneumatic Company Ltd.,KIRLPNU,Compressors / Pumps,6937.48,NSE,1069.20,-0.67,2,2025-09,8,6886.18,2025-09,1602.33,185.96,2025-09,37.13,,6.09,2,2025-03,0.01,29.8,39.49,"KIRLPNU,"
Ajax Engineering Ltd.,AJAXENGG,Engineering - Industrial Equipments,6795.76,NSE,594.20,2.25,1,2025-03,0,6728.28,2025-03,2073.92,260.1,2025-03,26.13,,5.65,1,2025-03,0,25.21,33.63,"AJAXENGG,"
HMT Ltd.,HMT,Engineering - Industrial Equipments,6646.59,NSE,55.26,-0.27,2,2025-03,1066.03,7506.85,2025-06,135.11,-141.88,2025-06,0,,-6.17,2,2025-03,-0.56,0,0,"HMT,"
Praj Industries Ltd.,PRAJIND,Engineering - Industrial Equipments,6092.48,NSE,332.90,-0.25,2,2025-09,,5835.97,2025-09,3194.54,105.54,2025-09,57.73,2.51,4.68,2,2025-03,0,16.49,23.9,"PRAJIND,"
Dynamatic Technologies Ltd.,DYNAMATECH,Compressors / Pumps,5785.19,NSE,8526.00,2.95,2,2025-03,451.04,6190.33,2025-06,1428.45,42.42,2025-06,136.38,69.58,7.94,2,2025-03,0.63,6.21,9.92,"DYNAMATECH,"
Skipper Ltd.,SKIPPER,Engineering - Industrial Equipments,5738.91,NSE,509.65,-1.54,2,2025-09,770.18,6452.88,2025-09,4938.65,161.85,2025-09,34.51,1.18,4.48,2,2025-03,0.59,14.29,24.49,"SKIPPER,"
GMM Pfaudler Ltd.,GMMPFAUDLR,Engineering - Industrial Equipments,5531.76,NSE,1230.10,-4.01,2,2025-09,865.94,5898.57,2025-09,3304.96,61.62,2025-09,82.43,49.06,4.7,2,2025-03,0.64,4.98,11.91,"GMMPFAUDLR,"
Paras Defence And Space Technologies Ltd.,PARAS,Defence,5452.54,NSE,676.60,0.97,2,2025-03,23.09,5364.8,2025-06,374.28,61.67,2025-06,85.88,,8.91,2,2025-03,0.04,12.29,17.03,"PARAS,"
Kennametal India Ltd.,KENNAMET,Engineering,5067.08,BSE,2305.50,6.63,1,2025-06,0,4901.68,2025-09,1196,109.3,2025-09,46.36,1.99,6.51,1,2025-06,0,13.91,18.99,"KENNAMET,"
Unimech Aerospace and Manufacturing Ltd.,UNIMECH,Defence,5027.46,NSE,988.00,1.19,2,2025-03,71.62,4956.56,2025-03,242.93,83.52,2025-03,60.24,,7.31,2,2025-03,0.11,21.48,24.23,"UNIMECH,"
Shilchar Technologies Ltd.,SHILCTECH,Electric Equipment,5012.81,BSE,4381.75,-1.31,1,2025-09,,4981.38,2025-09,715.63,177.57,2025-09,28.23,0.19,11.94,1,2025-03,0,52.78,71.1,"SHILCTECH,"
KRN Heat Exchanger And Refrigeration Ltd.,KRN,Engineering - Industrial Equipments,4953.26,NSE,796.60,-0.92,2,2025-09,30.47,4911.44,2025-09,510.32,59.04,2025-09,83.9,,9.37,2,2025-03,0.07,16.81,21.21,"KRN,"
The Anup Engineering Ltd.,ANUP,Engineering - Industrial Equipments,4633.88,NSE,2313.00,0.83,2,2025-03,29.44,4647.64,2025-06,761.68,120.54,2025-06,38.44,1.71,7.3,2,2025-03,0.05,22.64,26.73,"ANUP,"
Avantel Ltd.,AVANTEL,Defence,4307.08,NSE,162.69,0.28,2,2025-09,30.69,4288.21,2025-09,227.27,33.66,2025-09,127.97,,13.31,2,2025-03,0.09,29.55,38.01,"AVANTEL,"
WPIL Ltd.,WPIL,Compressors / Pumps,4280.91,BSE,438.30,-4.15,2,2025-09,549.37,4274.56,2025-09,1758.08,80.44,2025-09,44.37,2.38,3.07,2,2025-03,0.32,9.64,18.72,"WPIL,"
Ujaas Energy Ltd.,UEL,Electric Equipment,4202.48,NSE,123.11,,1,2025-03,24,4224.37,2025-06,23.3,7.52,2025-06,558.84,25.82,37.98,1,2025-03,0.28,10.14,10.45,"UEL,"
HLE Glascoat Ltd.,HLEGLAS,Engineering - Industrial Equipments,4048.52,NSE,583.10,-1.46,2,2025-03,349.89,4346.25,2025-06,1084.46,74.21,2025-06,71.93,17.59,8.48,2,2025-03,0.76,14.11,14.37,"HLEGLAS,"
Kirloskar Industries Ltd.,KIRLOSIND,Engineering - Industrial Equipments,3821.13,NSE,3637.40,-1.00,2,2025-03,1275.86,4927.19,2025-06,6754.58,336.68,2025-06,23.24,2.92,0.6,2,2025-03,0.2,5.49,8.59,"KIRLOSIND,"
Harsha Engineers International Ltd.,HARSHA,Engineering - Industrial Equipments,3568.47,NSE,391.55,0.89,2,2025-09,315.42,3861.23,2025-09,1455.54,98.67,2025-09,36.17,,2.72,2,2025-03,0.16,7.36,10.32,"HARSHA,"
Pitti Engineering Ltd.,PITTIENG,Engineering,3460.55,NSE,920.70,-1.57,2,2025-09,662.33,3977.83,2025-09,1818.05,127.87,2025-09,27.06,,3.76,2,2025-03,0.64,18.61,18.88,"PITTIENG,"
Standard Glass Lining Technology Ltd.,SGLTL,Engineering - Industrial Equipments,3389.36,NSE,169.82,0.60,2,2025-09,110.72,3479.93,2025-09,662.32,73.96,2025-09,47.64,,4.53,2,2025-03,0.06,12.32,17.15,"SGLTL,"
Bharat Bijlee Ltd.,BBL,Electric Equipment,3322.61,NSE,2939.30,0.20,1,2025-09,185,3229.38,2025-09,2071.19,147.04,2025-09,22.6,0.94,1.51,1,2025-03,0.04,7.02,9.69,"BBL,"
Sanghvi Movers Ltd.,SANGHVIMOV,Engineering - Industrial Equipments,3294.22,NSE,378.55,2.24,2,2025-09,492.54,3716.37,2025-09,958.64,173.44,2025-09,18.99,,2.76,2,2025-03,0.38,15.78,18.63,"SANGHVIMOV,"
Alpex Solar Ltd.,ALPEXSOLAR,Electric Equipment,3269.5,NSE,1280.00,3.76,2,2025-09,150.31,3281.75,2025-09,1418.26,153.43,2025-09,21.25,,6.91,2,2025-03,0.33,47.78,52.33,"ALPEXSOLAR,"
Marine Electricals (India) Ltd.,MARINE,Engineering - Industrial Equipments,3207.9,NSE,232.55,1.64,2,2025-09,50.99,3108.65,2025-09,833.76,46.58,2025-09,68.72,1.46,7.46,2,2024-03,0.38,11.34,15.72,"MARINE,"
Hind Rectifiers Ltd.,HIRECT,Electric Equipment,2988.52,NSE,1749.20,-5.00,2,2025-09,203.15,3165.73,2025-09,795.91,47.49,2025-09,62.93,,15.71,2,2025-03,1,26.18,22.3,"HIRECT,"
Marsons Ltd.,MARSONS,Electric Equipment,2966.14,BSE,172.35,1.23,2,2025-09,3.42,2967.44,2025-09,206.81,32.54,2025-09,91.16,,21.23,2,2025-03,0.02,40.99,38.04,"MARSONS,"
Jash Engineering Ltd.,JASH,Engineering - Industrial Equipments,2882.63,NSE,458.50,-0.48,2,2025-03,81.42,2860.73,2025-06,748.25,81.9,2025-06,35.11,1.02,6.82,2,2025-03,0.19,22.4,25.75,"JASH,"
M&B Engineering Ltd.,MBEL,Engineering - Industrial Equipments,2878.84,NSE,502.75,14.94,2,2025-03,186.13,2980.16,,,,2025-03,37.36,,2.98,2,2025-03,0.61,28.56,26.26,"MBEL,"
Kilburn Engineering Ltd.,KLBRENG-B,Engineering - Industrial Equipments,2841.68,BSE,552.00,1.14,2,2025-03,78.71,2893.35,2025-06,468.22,72.11,2025-06,39.41,,5.93,2,2025-03,0.19,19.61,21.94,"KLBRENG-B,"
KP Green Engineering Ltd.,KPGEL,Engineering,2757.75,BSE,551.55,-6.13,1,2025-09,196.03,2944.1,2025-03,694.64,73.5,2025-03,37.52,,8.51,2,2025-03,0.29,24.9,30.55,"KPGEL,"
HPL Electric & Power Ltd.,HPL,Electric Equipment,2714.12,NSE,421.10,-1.05,2,2025-03,633.09,3285.93,2025-06,1690.37,95.44,2025-06,28.52,0.84,2.91,2,2025-03,0.69,10.78,14.49,"HPL,"
John Cockerill India Ltd,COCKERILL,Engineering - Industrial Equipments,2686.91,BSE,5441.50,-0.38,1,2025-06,,2563.13,2025-09,327.86,8.42,2025-09,319.26,,12.71,1,2024-12,0,-2.61,-2.37,"COCKERILL,"
Servotech Renewable Power System Ltd.,SERVOTECH,Electric Equipment,2628.16,NSE,116.37,2.40,2,2025-03,75.14,2660.76,2025-06,698.99,31.49,2025-06,81.38,,12.27,2,2025-03,0.38,21.46,20.17,"SERVOTECH,"
Spectrum Electrical Industries Ltd.,SPECTRUM,Electric Equipment,2599.07,NSE,1397.60,-3.53,2,2025-03,168.37,2762.93,2025-03,402.24,25.42,2025-03,101.49,2.51,12.67,2,2025-03,0.9,14.54,16.01,"SPECTRUM,"
Honda India Power Products Ltd.,HONDAPOWER,Electric Equipment,2549.16,NSE,2515.10,0.39,1,2025-03,0,2007,2025-06,804.97,73.27,2025-06,34.79,7.28,2.92,1,2025-03,0,9.54,12.92,"HONDAPOWER,"
Rossell Techsys Ltd.,ROSSTECH,Defence,2542.06,NSE,677.20,10.63,2,2025-03,240.34,2778.33,2025-06,301.98,15.25,2025-06,166.71,,18.57,2,2025-03,1.8,5.92,7.3,"ROSSTECH,"
Windsor Machines Ltd.,WINDMACHIN,Engineering - Industrial Equipments,2515.87,NSE,289.90,-2.60,2,2025-09,15.79,2526.29,2025-09,478.45,31.29,2025-06,0,0,3.67,2,2025-03,0.02,-0.71,5.44,"WINDMACHIN,"
DCX Systems Ltd.,DCXINDIA,Defence,2304.03,NSE,206.71,-2.34,2,2025-03,0.02,1300.55,2025-06,1167.75,39.99,2025-06,57.62,,1.67,2,2025-03,0,3.11,5.1,"DCXINDIA,"
Sika Interplant Systems Ltd.,SIKA,Defence,2286.2,BSE,1078.35,-2.08,2,2025-09,,2255.55,2025-09,203.59,34.34,2025-09,66.56,2.24,16.57,2,2025-03,0,22.32,29.77,"SIKA,"
Uniparts India Ltd.,UNIPARTS,Engineering - Industrial Equipments,2190.12,NSE,484.65,-0.31,2,2025-03,83.78,2240.83,2025-06,976.16,97.58,2025-06,22.45,,2.38,2,2025-03,0.09,10.04,12.89,"UNIPARTS,"
RM Drip and Sprinklers System Ltd.,RMDRIP,Engineering - Industrial Equipments,2039.12,NSE,81.72,3.10,2,2025-03,26.43,2065.2,2025-03,131.19,24.08,2025-03,84.95,,23.9,2,2025-03,0.33,41.69,44.64,"RMDRIP,"
Concord Control Systems Ltd.,CNCRD,Engineering - Industrial Equipments,2002.8,BSE,1981.00,5.02,1,2025-03,0.34,1988.23,2025-03,73.92,15.07,2025-03,132.9,,16.86,2,2025-03,0,27.4,36.78,"CNCRD,"
Ideaforge Technology Ltd.,IDEAFORGE,Defence,1999.43,NSE,462.25,1.71,2,2025-09,29.8,1978.49,2025-09,91.46,-92.9,2025-09,0,,3.52,2,2025-03,0,-10.02,-9.46,"IDEAFORGE,"
Disa India Ltd.,DISAQ,Engineering - Industrial Equipments,1976.06,BSE,13600.00,0.54,2,2025-09,,1763.19,2025-09,413.34,47.98,2025-09,41.19,3.18,7.13,2,2025-03,0,19.67,27,"DISAQ,"
TIL Ltd.,TIL,Construction Vehicles,1967.42,NSE,294.65,1.25,2,2025-03,268.83,2228.27,2025-06,311.21,-2.3,2025-06,0,0,25.84,2,2025-03,3.26,5.02,12.73,"TIL,"
Thejo Engineering Ltd.,THEJO,Engineering,1924.81,NSE,1774.60,1.52,2,2025-03,3.35,1850.2,2025-06,557.76,52.46,2025-06,38.72,2.63,6.28,2,2025-03,0.01,19.18,25.95,"THEJO,"
Exicom Tele-Systems Ltd.,EXICOM,Electric Equipment,1885.92,NSE,135.05,1.58,2,2025-03,455.98,2122.39,2025-06,820.84,-211.41,2025-06,0,,2.4,2,2025-03,0.75,-16.53,-6.82,"EXICOM,"
Solex Energy Ltd.,SOLEX,Electric Equipment,1825.08,NSE,1689.50,0.24,1,2025-03,147.5,1960.53,2025-03,660.05,39.6,2025-03,46.09,,11.54,2,2025-03,0.92,41.37,29.96,"SOLEX,"
Ador Welding Ltd.,ADOR,Electrodes & Welding Equipment,1794.49,NSE,1028.70,-0.15,2,2025-09,0.98,1746.99,2025-09,1116.91,54.56,2025-09,32.89,1.56,3.64,2,2025-03,0,12.3,18.11,"ADOR,"
Indo Tech Transformers Ltd.,INDOTECH,Electric Equipment,1758.99,NSE,1664.10,2.88,1,2025-03,8.16,1674.06,2025-06,693.56,77.14,2025-06,22.8,0.22,5.86,1,2025-03,0.03,25.66,37.81,"INDOTECH,"
Salasar Techno Engineering Ltd.,SALASAR,Engineering - Industrial Equipments,1742.71,NSE,9.98,-0.40,2,2025-03,316.02,2005.88,2025-06,1440.16,25.18,2025-06,70.05,76.14,2.24,2,2025-03,0.41,3.15,9.62,"SALASAR,"
NIBE Ltd.,NIBE,Defence,1740.15,NSE,1197.40,2.51,2,2025-03,73.18,1804.02,2025-06,479.76,20.6,2025-06,83.97,,7.22,2,2025-03,0.32,14.56,17.98,"NIBE,"
IFGL Refractories Ltd.,IFGLEXPOR,Refractories,1693.85,NSE,235.37,-1.87,2,2025-09,205.49,1841.88,2025-09,1770.01,29.75,2025-09,56.94,10.28,1.47,2,2025-03,0.18,3.94,5.76,"IFGLEXPOR,"
Dee Development Engineers Ltd,DEEDEV,Engineering - Industrial Equipments,1613.49,NSE,233.00,-1.02,2,2025-09,565.33,2083.15,2025-09,942.13,49.12,2025-09,32.76,,1.93,2,2025-03,0.51,7.02,9.56,"DEEDEV,"
Danish Power Ltd.,DANISH,Electric Equipment,1572.28,NSE,798.45,-2.47,1,2025-09,2.92,1472.27,2025-03,424.97,58.34,2025-03,26.95,,4.9,2,2025-03,0.01,28.63,40.14,"DANISH,"
JNK India Ltd.,JNKINDIA,Engineering - Industrial Equipments,1563.35,NSE,278.40,-1.83,2,2025-03,4.41,1382.22,2025-06,487.46,24.96,2025-06,62.64,,3.11,2,2025-03,0.01,8.82,15.43,"JNKINDIA,"
Rajoo Engineers Ltd.,RAJOOENG,Engineering - Industrial Equipments,1554.83,NSE,87.05,0.18,2,2025-09,17.51,1440.63,2025-09,323.3,50.67,2025-09,28.84,,4.75,2,2025-03,0,24.35,32.86,"RAJOOENG,"
Igarashi Motors India Ltd.,IGARASHI,Electric Equipment,1546.84,NSE,492.85,-1.24,1,2025-09,124.24,1664.55,2025-09,824.13,15.26,2025-09,101.35,-24.3,3.33,1,2025-03,0.28,5.3,8.05,"IGARASHI,"
Everest Kanto Cylinder Ltd.,EKC,Engineering - Industrial Equipments,1545.66,NSE,137.90,-1.47,2,2025-03,143.22,1609.41,2025-06,1543.28,121.41,2025-06,12.72,0.16,1.23,2,2025-03,0.12,8.47,11.27,"EKC,"
Virtuoso Optoelectronics Ltd.,VOEPL,Electric Equipment,1461.18,BSE,470.05,-0.64,2,2025-03,171.5,1630.33,2025-03,697.72,14.09,2025-03,103.69,,4.12,2,2025-03,0.61,5.98,12.67,"VOEPL,"
Rishabh Instruments Ltd.,RISHABH,Electric Equipment,1437.99,NSE,372.65,-1.44,2,2025-03,95.87,1335.77,2025-06,741.32,37.63,2025-06,37.16,,2.44,2,2025-03,0.17,3.86,5.48,"RISHABH,"
Yash Highvoltage Ltd.,YASHHV,Electric Equipment,1408.58,BSE,493.35,0.71,1,2025-09,27.56,1377.25,2025-03,150.14,21.41,2025-03,65.8,,9.55,1,2025-03,0.15,22.61,28.57,"YASHHV,"
CFF Fluid Control Ltd.,CFF,Defence,1405.26,BSE,668.15,-2.32,1,2025-03,21.11,1423.78,2025-03,145.56,23.85,2025-03,58.92,,5.96,1,2025-03,0.14,17.42,22.13,"CFF,"
Diffusion Engineers Ltd.,DIFFNKG,Electrodes & Welding Equipment,1397.68,NSE,375.05,2.03,2,2025-03,23.21,1293.84,2025-06,344.78,41.27,2025-06,34.33,,3.68,2,2025-03,0.06,12.88,15.94,"DIFFNKG,"
Tembo Global Industries Ltd.,TEMBO,Engineering - Industrial Equipments,1357.21,NSE,695.80,10.00,2,2025-03,258.38,1613.2,2025-06,850.45,67.22,2025-06,21.02,0.28,3.17,1,2024-03,0.94,30,24.19,"TEMBO,"
Mangal Electrical Industries Ltd.,MEIL,Electric Equipment,1318.23,NSE,476.00,5.82,1,2025-09,67.53,1212.93,,,,2025-03,27.87,,2.33,1,2025-03,0.92,34.89,30.44,"MEIL,"
Salzer Electronics Ltd.,SALZERELEC,Electric Equipment,1282.62,NSE,724.80,-2.05,2,2025-09,476.7,1743.67,2025-09,1577.23,57.37,2025-09,23.02,2.09,2.25,2,2025-03,0.77,10.34,13.28,"SALZERELEC,"
Yuken India Ltd.,YUKEN,Compressors / Pumps,1256.52,NSE,925.80,0.30,2,2025-03,88.62,1342.56,2025-06,451.71,22.35,2025-06,53.66,1.05,3.44,2,2025-03,0.29,8.47,11.28,"YUKEN,"
Roto Pumps Ltd.,ROTO,Compressors / Pumps,1252.79,NSE,66.46,-0.43,2,2025-03,30.61,1253.89,2025-06,306.21,34.35,2025-06,36.72,1.56,5.23,2,2025-03,0.14,16.2,20.48,"ROTO,"
MIC Electronics Ltd.,MICEL,Electric Equipment,1238.08,NSE,51.15,-0.39,2,2025-09,45.85,1274.68,2025-09,106.09,9.58,2025-09,129.29,6.72,5.42,2,2025-03,0.29,8.63,8.86,"MICEL,"
Indef Manufacturing Ltd.,BAJAJINDEF,Engineering - Industrial Equipments,1185.44,NSE,371.60,2.33,2,2025-03,0,1179.27,2025-03,178.63,34.16,2025-03,34.7,,4.58,2,2025-03,0,13.51,16.76,"BAJAJINDEF,"
Walchandnagar Industries Ltd.,WALCHANNAG,Engineering - Industrial Equipments,1155.08,NSE,170.89,2.10,1,2025-03,193.5,1239.66,2025-06,229.44,-94.67,2025-06,0,0,3.18,1,2025-03,0.52,-25.17,-7.18,"WALCHANNAG,"
Krishna Defence and Allied Industries Ltd.,KRISHNADEF,Defence,1148.09,NSE,769.55,0.42,1,2025-03,9.45,1134.86,2025-03,194.87,21.92,2025-03,52.36,,7.64,2,2025-03,0.08,19.66,24.3,"KRISHNADEF,"
Monolithisch India Ltd.,MONOLITH,Refractories,1128.97,NSE,519.40,-1.37,1,2025-09,,1108.14,,,,2025-03,78.61,,9.63,2,2025-03,0.21,41.15,46.28,"MONOLITH,"
C2C Advanced Systems Ltd.,C2C,Defence,1125.09,NSE,663.05,-0.84,1,2025-03,37.61,1160.98,2025-03,115.11,28.84,2025-03,39.01,,5.19,1,2025-03,0.19,21.05,27,"C2C,"
Bajaj Steel Industries Ltd.,BAJAJST,Engineering - Industrial Equipments,1118.83,BSE,535.50,-0.16,2,2025-09,46.51,1070.39,2025-09,573.7,60.44,2025-09,18.51,0.84,2.83,2,2025-03,0.16,23.44,27.95,"BAJAJST,"
Mamata Machinery Ltd.,MAMATA,Engineering - Industrial Equipments,1076.71,NSE,437.25,-0.60,2,2025-09,6.28,1055.65,2025-09,276.52,43.06,2025-09,25,,6.09,2,2025-03,0.02,26.9,35.29,"MAMATA,"
Ganesh Green Bharat Ltd.,GGBL,Electric Equipment,1006.67,NSE,405.90,-0.20,1,2025-03,47.57,1009.02,2025-03,311.39,29.62,2025-03,33.99,,5.06,2,2025-03,0.23,23.19,25.45,"GGBL,"
Eimco Elecon (India) Ltd.,EIMCOELECO,Engineering - Industrial Equipments,981.32,NSE,1705.90,1.22,1,2025-09,,980.42,2025-09,210.93,40.9,2025-09,23.99,2.24,2.19,2,2024-03,0,10.46,13.31,"EIMCOELECO,"
Vilas Transcore Ltd.,VILAS,Electric Equipment,963.53,NSE,393.60,-1.22,1,2025-03,11.41,862.64,2025-03,353.05,34.17,2025-03,28.2,,3.53,1,2025-03,0.04,16.42,23.72,"VILAS,"
Prostarm Info Systems Ltd.,PROSTARM,Electric Equipment,953.18,NSE,162.05,1.98,2,2025-03,67.23,1017.8,2025-03,350.65,28.85,2025-03,32.11,,3.49,2,2025-03,0.65,30.76,29.92,"PROSTARM,"
Gala Precision Engineering Ltd.,GALAPREC,Engineering - Industrial Equipments,946.9,NSE,735.50,-1.59,2,2025-03,23.09,910.55,2025-06,247.74,27.07,2025-06,34.96,,3.6,2,2025-03,0.09,14.84,17.04,"GALAPREC,"
Forbes Precision Tools And Machine Parts Ltd.,TOTEM,Engineering - Industrial Equipments,940.83,BSE,182.35,-1.17,1,2025-09,17.32,951.12,2025-09,239.03,28.67,2025-09,32.82,,6.17,1,2025-03,0.12,18.91,25.53,"TOTEM,"
Emkay Tools Ltd.,ETL,Engineering - Industrial Equipments,918.8,NSE,861.00,-0.05,1,2025-03,0.77,918.76,,,,2025-03,20.65,,11,1,2025-03,0.01,53.26,70.86,"ETL,"
Airfloa Rail Technology Ltd.,AIRFLOA,Engineering - Industrial Equipments,880.3,BSE,367.25,0.91,1,2025-03,59.98,936.35,,,,2025-03,34.44,,4.41,2,2025-03,0.54,23.05,26.96,"AIRFLOA,"
Mallcom (India) Ltd,MALLCOM,Engineering - Industrial Equipments,874.69,NSE,1406.50,-0.74,2,2025-03,115.8,984.25,2025-06,506.83,58.76,2025-06,14.89,0.56,2.84,2,2025-03,0.39,21.42,21.53,"MALLCOM,"
Shraddha Prime Projects Ltd.,SHRADDHA,Engineering - Industrial Equipments,872.86,BSE,217.90,1.73,2,2025-03,189.25,1051.71,2025-06,188.21,32.31,2025-06,27.35,,10.16,2,2025-03,2.4,38.4,16.46,"SHRADDHA,"
Morganite Crucible (India) Ltd.,MORGANITE,Refractories,863.41,BSE,1545.00,-0.59,1,2025-03,0,841.43,2025-06,173.83,25.42,2025-06,33.97,2.12,6.28,1,2025-03,0,21.18,30.42,"MORGANITE,"
Kabra Extrusiontechnik Ltd.,KABRAEXTRU,Engineering - Industrial Equipments,810.5,NSE,230.83,-3.51,2,2025-09,138.11,942.91,2025-09,481.27,9.45,2025-09,76.56,2.75,1.82,2,2025-03,0.27,7.04,9.06,"KABRAEXTRU,"
Shree Refrigerations Ltd.,SHREEREF,Engineering - Industrial Equipments,807.39,BSE,226.60,0.98,1,2025-03,42.44,843.88,,,,2025-03,62.12,,3.43,2,2025-03,0.37,14.63,18.23,"SHREEREF,"
Axtel Industries Ltd.,AXTEL,Engineering - Industrial Equipments,781.08,BSE,483.50,1.35,1,2025-03,0,759.5,2025-06,161.09,15.81,2025-06,49.4,4.66,6.27,1,2025-03,0,15.3,20.89,"AXTEL,"
Macpower CNC Machines Ltd.,MACPOWER,Engineering - Industrial Equipments,778.57,NSE,778.25,-1.19,1,2025-03,0.22,772.21,2025-06,272.25,25.92,2025-06,30.03,0.53,5.28,1,2025-03,0,19.43,26.85,"MACPOWER,"
Permanent Magnets Ltd.,PERMAGN,Electric Equipment,776.48,BSE,903.00,-1.31,2,2025-03,11.38,768.59,2025-06,204.28,16.89,2025-06,45.97,,5.17,2,2025-03,0.08,11.5,15.84,"PERMAGN,"
Integra Engineering India Ltd.,INTEGRAEN,Engineering - Industrial Equipments,774.74,BSE,225.05,-7.29,2,2025-09,33.64,805.26,2025-09,175.79,18.79,2025-09,41.22,1.57,7.45,2,2025-03,0.41,21.5,24.46,"INTEGRAEN,"
OBSC Perfection Ltd.,OBSCP,Engineering - Industrial Equipments,762.18,NSE,311.70,0.40,1,2025-03,26.97,772.55,2025-03,142.79,16.76,2025-03,45.48,,7.33,1,2025-03,0.26,25,23.46,"OBSCP,"
Kirloskar Electric Company Ltd.,KECL,Electric Equipment,750.15,NSE,112.98,-1.75,2,2025-03,116.11,837.11,2025-06,542.59,2.23,2025-06,336.39,,-3.21,2,2025-03,-0.5,0,0,"KECL,"
RMC Switchgears Ltd.,RMC,Electric Equipment,673.63,BSE,636.00,-1.44,1,2025-09,74.8,739.97,2025-03,316.3,31.41,2025-03,21.45,,6.3,2,2024-03,0.83,28.16,29.74,"RMC,"
Batliboi Ltd.,BATLIBOI,Engineering - Industrial Equipments,660,BSE,140.45,-4.75,2,2025-09,85.15,724.51,2025-09,381.99,9.73,2025-09,71.82,3.08,2.92,2,2025-03,0.37,7.13,8.69,"BATLIBOI,"
Artson Ltd.,ARTSON,Engineering - Industrial Equipments,603.27,BSE,160.10,,1,2025-09,47.36,650.62,2025-09,161.93,4.96,2025-09,121.55,2.62,226.41,1,2025-03,10.18,124.47,25.67,"ARTSON,"
Zodiac Energy Ltd.,ZODIAC,Engineering - Industrial Equipments,600.03,NSE,397.90,-0.10,1,2025-03,157.56,739.52,2025-06,426.49,20.33,2025-06,29.52,0.64,6.11,1,2025-03,1.65,28.01,21.33,"ZODIAC,"
Gujarat Apollo Industries Ltd.,GUJAPOLLO,Engineering - Industrial Equipments,599.08,NSE,456.95,1.53,2,2025-03,50.09,648.18,2025-06,44.1,-1.48,2025-06,0,0,1.16,2,2025-03,0.1,0.3,1.88,"GUJAPOLLO,"
International Conveyors Ltd.,INTLCONV,Engineering - Industrial Equipments,598.68,NSE,94.04,4.30,2,2025-03,86.33,675.66,2025-06,146.92,111.91,2025-06,5.35,0.08,1.45,2,2025-03,0.24,29,29.49,"INTLCONV,"
Hercules Hoists Ltd.,HERCULES,Engineering - Industrial Equipments,555.36,NSE,172.27,-2.16,1,2025-03,,554.57,2025-06,0,5.37,2025-06,103.44,,0.66,2,2024-03,0,4.35,5.7,"HERCULES,"
Artemis Electricals And Projects Ltd.,AEPL,Electric Equipment,555.29,BSE,22.25,-0.40,2,2025-03,2.47,556.37,2025-06,79.72,8.52,2025-06,65.15,,6.36,2,2025-03,0.03,9.19,11.6,"AEPL,"
Focus Lighting & Fixtures Ltd.,FOCUS,Electric Equipment,547.37,NSE,81.39,-0.91,2,2025-03,17.18,558.87,2025-06,169.83,8.25,2025-06,66.28,1.21,3.84,2,2024-03,0.1,35.52,39.34,"FOCUS,"
Veljan Denison Ltd.,VELJAN,Compressors / Pumps,530.46,BSE,1198.90,-1.72,2,2025-09,8.3,491.41,2025-09,162.72,26.57,2025-09,19.96,,2.23,2,2024-03,0.03,11.32,15.06,"VELJAN,"
Mazda Ltd.,MAZDA,Engineering - Industrial Equipments,530.16,NSE,264.85,-0.99,1,2025-03,0,520.52,2025-06,206.72,26.87,2025-06,19.73,2.36,2.26,1,2025-03,0,11.24,15.17,"MAZDA,"
South West Pinnacle Exploration Ltd.,SOUTHWEST,Engineering,516.95,NSE,173.64,-1.92,2,2025-09,92.46,583.46,2025-09,225.04,22.42,2025-09,20.75,0.55,2.85,2,2025-03,0.39,11.62,13.57,"SOUTHWEST,"
Atmastco Ltd.,ATMASTCO,Engineering - Industrial Equipments,503.1,NSE,203.40,0.12,1,2025-03,73.87,527.92,2025-03,289.57,19.89,2025-03,25.29,,3.92,2,2025-03,0.58,16.51,21.62,"ATMASTCO,"
Bemco Hydraulics Ltd.,BEMHY,Engineering - Industrial Equipments,500.32,BSE,114.40,-1.72,2,2025-03,19.13,510.45,2025-06,97.58,13.49,2025-06,37.09,0.23,6.78,2,2025-03,0.27,20.03,23.9,"BEMHY,"
Sunita Tools Ltd.,SUNITATOOL,Engineering - Industrial Equipments,495.56,BSE,799.35,-0.57,1,2025-09,7.15,500.88,2025-03,29.62,5.09,2025-03,97.34,,10.42,2,2025-03,0.1,14.31,17.46,"SUNITATOOL,"
Supreme Power Equipment Ltd.,SUPREMEPWR,Electric Equipment,494.45,NSE,197.85,-1.69,2,2025-03,18.75,507.4,2025-03,148.72,18.93,2025-03,26.58,,5.1,2,2025-03,0.2,22.75,29.42,"SUPREMEPWR,"
Forbes & Company Ltd.,FORBESCO,Engineering - Industrial Equipments,482.92,BSE,375.00,1.97,2,2025-09,,455.61,2025-09,170.06,29.53,2025-09,3.91,0.15,2.1,2,2025-03,0,19.4,22.65,"FORBESCO,"
Megatherm Induction Ltd.,MEGATHERM,Engineering - Industrial Equipments,481.85,NSE,255.75,4.62,1,2025-03,32.62,464.2,2025-03,320.51,21.31,2025-03,22.62,,3.4,1,2025-03,0.23,16.26,21.13,"MEGATHERM,"
RBM Infracon Ltd.,RBMINFRA,Engineering,463.49,NSE,435.90,3.48,1,2025-03,11.44,469.23,2025-03,321.75,29.47,2025-03,15.73,,3.8,1,2025-03,0.09,28.02,33.01,"RBMINFRA,"
Modison Ltd.,MODISONLTD,Electric Equipment,459.98,NSE,142.50,0.55,2,2025-03,72.76,531.53,2025-06,507.9,28.34,2025-06,16.23,2.04,2.08,2,2025-03,0.34,11.77,15.09,"MODISONLTD,"
Sahaj Solar Ltd.,SAHAJSOLAR,Engineering - Industrial Equipments,456.36,NSE,207.70,0.00,1,2025-03,57.4,503.55,2025-03,307.06,25.8,2025-03,17.69,,3.93,2,2025-03,0.53,39.54,32.77,"SAHAJSOLAR,"
Orient Ceratech Ltd.,ORIENTCER,Refractories,436.68,NSE,36.38,3.88,2,2025-03,71.52,502,2025-06,327.17,11.32,2025-06,38.58,,1.52,2,2025-03,0.25,3.55,6.18,"ORIENTCER,"
RNIT AI Solutions Ltd.,RNITAI,Electric Equipment,434.39,BSE,58.08,1.57,1,2025-09,10.54,440.42,2025-03,32.23,7.21,2025-03,60.26,,5.38,1,2017-03,5.03,15.43,12.24,"RNITAI,"
GEE Ltd.,GEE,Electrodes & Welding Equipment,434.16,BSE,83.50,-2.30,1,2025-03,81.39,511.59,2025-06,330.92,-10.9,2025-06,0,,3.38,1,2024-03,0.62,10.29,12.54,"GEE,"
TechEra Engineering India Ltd.,TECHERA,Engineering - Industrial Equipments,429.54,NSE,260.00,-2.16,1,2025-03,20.37,447.44,2025-03,49.5,3.17,2025-03,135.63,,8.65,2,2025-03,0.41,10.2,13.3,"TECHERA,"
Aaron Industries Ltd.,AARON,Engineering,427.71,NSE,204.19,1.96,1,2025-03,31.86,456.99,2025-06,79.98,7.43,2025-06,57.56,1.32,7.84,1,2024-03,0.88,22.48,19.83,"AARON,"
Pradeep Metals Ltd.,PRADPME,Engineering - Industrial Equipments,424.84,BSE,245.00,-0.91,2,2025-09,65.5,484.97,2025-09,329.37,26.66,2025-09,15.93,0.71,2.91,2,2025-03,0.51,21.64,21.69,"PRADPME,"
Sealmatic India Ltd.,SEALMATIC,Engineering - Industrial Equipments,423.72,BSE,464.00,-1.94,1,2025-03,4.73,413.24,2025-03,100.97,15.91,2025-03,26.63,,4.13,1,2025-03,0.05,16.71,21.96,"SEALMATIC,"
Fluidomat Ltd.,FLUIDOM,Engineering - Industrial Equipments,417.44,BSE,842.80,0.00,1,2025-03,0,416.76,2025-06,68.98,20.66,2025-06,20.21,0.43,5.02,1,2025-03,0,31.44,42.25,"FLUIDOM,"
Fabtech Technologies Cleanrooms Ltd.,FABCLEAN,Engineering - Industrial Equipments,415.16,BSE,337.00,0.00,1,2025-03,0.99,407.27,2025-03,139.18,12.04,2025-03,34.48,,4.46,2,2025-03,0.01,16.64,21.5,"FABCLEAN,"
S&S Power Switchgear Ltd.,S&SPOWER,Electric Equipment,414.68,NSE,342.20,-0.83,2,2025-03,25.03,418.41,2025-06,208.68,0.16,2025-06,0,0,5.92,2,2025-03,0.37,-12.06,1.1,"S&SPOWER,"
De Nora India Ltd.,DENORA,Electrodes & Welding Equipment,414.1,NSE,774.35,-0.19,1,2025-09,,400.88,2025-09,101.5,2.65,2025-09,156.26,-5.8,3.25,1,2025-03,0,1.41,2.42,"DENORA,"
United Drilling Tools Ltd.,UNIDT,Engineering - Industrial Equipments,406.47,NSE,200.26,1.60,2,2025-03,31.49,436.29,2025-06,145.52,13.64,2025-06,29.8,,1.53,2,2025-03,0.12,5.84,7.82,"UNIDT,"
Innovators Facade Systems Ltd.,INNOVATORS,Engineering,403.58,BSE,213.90,0.33,1,2025-03,60.63,433.03,2025-03,221.37,15.78,2025-03,25.58,1.61,2.82,2,2025-03,0.38,10.42,15,"INNOVATORS,"
Mahindra EPC Irrigation Ltd.,MAHEPC,Engineering - Industrial Equipments,385.75,NSE,137.39,-0.43,2,2025-09,36.43,420.4,2025-09,288.96,14.01,2025-09,27.53,-1.33,2.22,2,2025-03,0.15,4.28,6.87,"MAHEPC,"
Lokesh Machines Ltd.,LOKESHMACH,Engineering,380.34,NSE,190.46,4.88,1,2025-03,133.69,504.7,2025-06,213.84,-0.04,2025-06,0,0,1.72,1,2025-03,0.64,0.27,4.87,"LOKESHMACH,"
Patil Automation Ltd.,PATILAUTOM,Engineering - Industrial Equipments,377.17,NSE,172.85,2.28,1,2025-03,22.93,379.47,,,,2025-03,32.23,,3.06,1,2025-03,0.43,27.28,25.21,"PATILAUTOM,"
JostS Engineering Company Ltd.,JOSTS,Engineering - Industrial Equipments,368.7,BSE,312.00,-0.72,2,2025-09,23,381.7,2025-09,229.26,9.89,2025-09,37.36,0.62,2.85,2,2025-03,0.29,25.96,30.27,"JOSTS,"
Parth Electricals & Engineering Ltd.,PARTH,Electric Equipment,347.1,NSE,253.95,-4.33,1,2025-09,14.25,289.81,,,,2025-03,34.31,,3.38,1,2025-03,0.82,36.73,33.31,"PARTH,"
TRF Ltd.,TRF,Engineering - Industrial Equipments,344.93,NSE,312.25,-0.73,2,2025-09,122.13,272.35,2025-09,96.18,11.48,2025-09,30.04,1.83,4.05,2,2025-03,1.38,0,25.22,"TRF,"
Kaycee Industries Ltd.,KAYCEEI,Electric Equipment,341.47,BSE,1078.90,-0.25,2,2025-09,0.04,338.5,2025-09,56.06,5.74,2025-09,63.96,,10.84,2,2025-03,0,22.02,30.92,"KAYCEEI,"
GTV Engineering Ltd.,GTV,Engineering,338.74,BSE,72.29,-1.50,1,2025-09,5.42,335.64,2025-09,87.54,14.12,2025-09,23.99,0.35,6.41,1,2025-03,0.24,26.42,28.5,"GTV,"
Dhanashree Electronics Ltd.,DEL,Electric Equipment,311.47,BSE,219.50,4.60,1,2025-03,63.72,374.29,2025-06,109.92,4.13,2025-06,75.36,13.9,7.25,1,2025-03,1.52,8.62,11.77,"DEL,"
Jay Bee Laminations Ltd.,JAYBEE,Electric Equipment,310.42,NSE,137.55,-1.29,1,2025-09,43.46,351.82,2025-03,367.45,25.39,2025-03,12.23,,2.1,1,2025-03,0.16,24.11,32.09,"JAYBEE,"
Saakshi Medtech & Panels Ltd.,SAAKSHI,Electric Equipment,305.45,NSE,173.00,1.65,1,2025-03,17.82,320.01,2025-03,92.43,4.71,2025-03,64.84,,3.27,1,2024-03,0.19,16.68,19.19,"SAAKSHI,"
Cryogenic OGS Ltd.,CRYOGENIC,Engineering - Industrial Equipments,304.16,BSE,213.00,3.32,1,2025-09,,277.58,,,,2025-03,49.68,,6.51,1,2025-03,0,23.62,32.12,"CRYOGENIC,"
Tankup Engineers Ltd.,TANKUP,Engineering - Industrial Equipments,303.77,NSE,573.70,1.99,1,2025-03,9.47,313.07,2025-03,20.3,1.52,2025-03,199.46,,11.15,1,2024-03,1,107.11,62.69,"TANKUP,"
Envirotech Systems Ltd.,ENVIRO,Engineering - Industrial Equipments,300.64,NSE,160.00,0.57,1,2025-03,8.17,305.04,2025-03,47.61,14.06,2025-03,21.39,,4.7,1,2025-03,0.13,33.67,39.31,"ENVIRO,"
GG Automotive Gears Ltd.,GGAUTO,Engineering - Industrial Equipments,300.55,BSE,301.80,1.60,1,2025-09,20.43,319.36,2025-09,124.24,10.7,2025-09,28.09,0.8,5.68,1,2025-03,0.57,21.15,20.44,"GGAUTO,"
Birla Precision Technologies Ltd.,BIRLAPREC,Engineering - Industrial Equipments,299.88,BSE,43.85,0.21,2,2025-03,56.37,335.3,2025-06,226.25,8.04,2025-06,37.28,0.21,1.77,2,2025-03,0.37,3.95,6.95,"BIRLAPREC,"
Mehai Technology Ltd.,MEHAI,Electric Equipment,296.45,BSE,3.96,-4.81,2,2025-03,38.56,334.74,2025-06,135.8,8.51,2025-06,35.63,,1.74,2,2025-03,0.51,13.59,13.65,"MEHAI,"
United Van Der Horst Ltd.,UVDRHOR,Engineering - Industrial Equipments,292.42,BSE,207.40,0.51,1,2025-09,24.95,315.87,2025-09,34.13,6.36,2025-09,45.98,1.73,5.47,1,2025-03,0.42,9.33,11.79,"UVDRHOR,"
Taurian MPS Ltd.,TAURIAN,Engineering,283.68,NSE,319.35,2.95,1,2025-03,9.11,292.62,,,,2025-03,29.87,,3.69,1,2025-03,0.27,35.44,39.8,"TAURIAN,"
LT Elevator Ltd.,LTELEVATOR,Engineering - Industrial Equipments,282.08,BSE,147.50,2.72,1,2024-03,14.02,292.05,,,,2024-03,82.04,,,2,2024-03,1.31,34.65,25.93,"LTELEVATOR,"
Revathi Equipment India Ltd.,RVTH,Engineering - Industrial Equipments,273.57,NSE,892.10,-0.72,2,2025-09,52.72,322.54,2025-09,151.89,10.53,2025-09,25.98,,2.16,2,2025-03,0.29,17.56,25.72,"RVTH,"
Jasch Gauging Technologies Ltd.,JGTL,Engineering - Industrial Equipments,269.65,BSE,594.00,-0.10,1,2025-09,0.02,184.25,2025-09,56.79,16.1,2025-09,16.75,,2.9,1,2025-03,0,17.64,24.23,"JGTL,"
Affordable Robotic & Automation Ltd.,AFFORDABLE,Engineering,263.78,NSE,235.00,-3.13,2,2025-09,65.38,324.41,2025-09,165.64,1.51,2025-09,174.23,,2.58,2,2025-03,0.55,-10.92,-2.63,"AFFORDABLE,"
Pritika Auto Industries Ltd.,PRITIKAUTO,Engineering,258.09,NSE,15.45,1.25,2,2025-03,169.32,420.17,2025-06,382.69,25.52,2025-06,14.41,0.58,1.06,2,2025-03,0.72,10.73,12.21,"PRITIKAUTO,"
Anlon Technology Solution Ltd.,ANLON,Engineering,250,NSE,399.65,2.47,1,2025-03,7.91,253.88,2025-03,50.23,6.49,2025-03,38.52,,4.25,1,2025-03,0.13,14.65,19.35,"ANLON,"
Brady & Morris Engineering Company Ltd.,BRADYM,Construction Vehicles,242.96,BSE,1095.00,-0.45,1,2025-03,8.78,227.36,2025-06,89.59,23.14,2025-06,10.5,0.3,4.97,1,2025-03,0.19,68,69.82,"BRADYM,"
Axis Solution Ltd.,AXISOL,Engineering - Industrial Equipments,239.04,BSE,50.58,,2,2025-03,38.06,271.85,2025-03,201.32,33.48,2025-03,7.14,0.05,2.01,2,2025-03,0.33,38.25,29.21,"AXISOL,"
KPT Industries Ltd.,KPT,Engineering - Industrial Equipments,237.41,BSE,695.00,-0.49,1,2025-09,14.52,249.7,2025-09,162.75,12.55,2025-09,18.92,0.83,3.21,1,2025-03,0.33,22.51,25.88,"KPT,"
Shivalic Power Control Ltd.,SPCL,Electric Equipment,234.04,NSE,97.05,-0.67,1,2025-03,5.25,217.01,2025-03,132.36,12.42,2025-03,18.84,,2.1,1,2025-03,0.05,16.43,19.7,"SPCL,"
Panasonic Carbon India Company Ltd.,PANCARBON,Electrodes & Welding Equipment,231.84,BSE,483.00,0.10,1,2025-03,0,229.76,2025-06,55.11,21.14,2025-06,10.97,2.61,1.3,1,2025-03,0,12.67,17.02,"PANCARBON,"
Organic Recycling Systems Ltd.,ORGANICREC,Engineering,229.47,BSE,265.00,1.92,1,2025-03,35.78,238,2025-03,25.23,3.42,2025-03,67.14,,1.2,2,2025-03,0.29,15.36,12.09,"ORGANICREC,"
Aplab Ltd.,APLAB,Electric Equipment,226.94,BSE,90.27,1.79,1,2025-09,26.82,251.63,2025-09,72.67,1.09,2025-09,207.82,13.08,8.01,1,2024-03,2.56,0,13.03,"APLAB,"
Loyal Equipments Ltd.,LOYAL,Engineering - Industrial Equipments,223.35,BSE,208.00,0.95,1,2025-03,9.59,220.34,2025-06,73.74,11.08,2025-06,20.16,0.67,4.3,1,2025-03,0.19,26.5,28.25,"LOYAL,"
Veto Switchgears And Cables Ltd.,VETO,Electric Equipment,220.87,NSE,115.57,-0.63,2,2025-03,22.77,242.2,2025-06,304.04,20.37,2025-06,10.58,0.56,0.82,2,2025-03,0.09,8.51,11.19,"VETO,"
Aluwind Infra-Tech Ltd.,ALUWIND,Engineering,217.17,NSE,87.40,-2.35,1,2025-03,13.09,223.84,2025-03,109.22,8.12,2025-03,26.74,,3.64,1,2025-03,0.22,19.28,22.18,"ALUWIND,"
Kataria Industries Ltd.,KATARIA,Engineering,214.67,NSE,99.70,1.73,1,2025-03,16.96,230.68,2025-03,350.61,10.96,2025-03,19.59,,1.97,1,2024-03,1.38,24.53,18.86,"KATARIA,"
Energy-Mission Machineries (India) Ltd.,EMMIL,Engineering - Industrial Equipments,206.14,NSE,182.00,1.11,1,2025-03,24.98,226.7,2025-03,150.49,12.57,2025-03,16.4,,2.43,2,2025-03,0.3,19.98,20.76,"EMMIL,"
Chemtech Industrial Valves Ltd.,CHEMTECH,Engineering - Industrial Equipments,204.4,BSE,114.00,-0.96,1,2025-03,0,139.52,2025-06,38.66,7.85,2025-06,26.05,0.54,2.16,1,2025-03,0,11.51,14.25,"CHEMTECH,"
Lakshmi Electrical Control Systems Ltd.,LAKSELEC,Electric Equipment,203.83,BSE,832.65,-3.20,1,2025-09,14.5,211.24,2025-09,218.19,3.89,2025-09,52.44,0.97,0.74,1,2025-03,0.04,1.23,2.15,"LAKSELEC,"
Amba Enterprises Ltd.,AEL,Engineering - Industrial Equipments,200.8,BSE,158.00,-2.50,1,2025-03,9.78,206.34,2025-06,340.42,7.33,2025-06,27.38,0.68,4.55,1,2025-03,0.23,18.96,20.79,"AEL,"
Taylormade Renewables Ltd.,TRL,Electric Equipment,200.41,BSE,162.00,-2.35,2,2025-03,10.07,210.01,2025-03,71.15,12.31,2025-03,16.33,,2.26,2,2025-03,0.12,18.16,21.58,"TRL,"
Nitiraj Engineers Ltd.,NITIRAJ,Engineering - Industrial Equipments,190.96,NSE,186.28,-1.78,1,2025-03,,188.05,2025-06,82.78,6.15,2025-06,31.03,2.33,2.31,1,2024-03,0,16.35,21.34,"NITIRAJ,"
Aesthetik Engineers Ltd.,AESTHETIK,Engineering,187.61,NSE,108.95,-0.05,1,2025-03,9.6,194.27,2025-03,57.88,5.28,2025-03,35.53,,4.25,2,2025-03,0.22,19.08,21.83,"AESTHETIK,"
Tulive Developers Ltd.,TULIVE,Engineering,184.33,BSE,855.60,,1,2025-03,0,181.25,2025-06,0,-1.19,2025-06,0,,3.95,1,2025-03,0,-2.68,-2.62,"TULIVE,"
Jyoti Ltd.,JYOTI,Electric Equipment,183.31,BSE,79.00,-1.34,2,2025-03,220.75,374.15,2025-06,270.75,17.3,2025-06,9.32,0.36,-4.86,2,2025-03,-5.07,0,9.55,"JYOTI,"
Royal Arc Electrodes Ltd.,ROYALARC,Electrodes & Welding Equipment,183.15,NSE,165.00,-0.03,1,2025-03,0.82,164.67,2025-03,101.77,9,2025-03,20.34,,2.38,1,2024-03,0,32.85,44.07,"ROYALARC,"
Global Pet Industries Ltd.,GLOBALPET,Engineering - Industrial Equipments,182.12,NSE,154.50,5.82,1,2025-03,0,178.34,2025-03,44.94,4.28,2025-03,42.6,,3.62,1,2025-03,0,11.5,14.83,"GLOBALPET,"
DHP India Ltd.,DHPIND,Engineering - Industrial Equipments,178.4,BSE,590.00,-1.24,1,2025-03,3.96,-2.16,2025-06,65.39,70.48,2025-06,2.53,0.04,0.74,1,2025-03,0.02,29.25,34.13,"DHPIND,"
Star Delta Transformers Ltd.,STARDELTA,Electric Equipment,176.1,BSE,593.00,-1.69,1,2025-03,2.43,168.57,2025-06,137.46,10.35,2025-06,17.02,0.88,2.03,1,2025-03,0.03,13.45,18.78,"STARDELTA,"
BEW Engineering Ltd.,BEWLTD,Engineering,175.57,NSE,134.30,9.99,1,2025-03,57.81,231.96,2025-03,134.36,12.16,2025-03,14.44,,1.31,1,2025-03,0.43,12.07,12.14,"BEWLTD,"
Calcom Vision Ltd.,CALCOM,Electric Equipment,174.05,BSE,124.50,7.44,2,2025-03,62.47,227.87,2025-06,184.08,3.94,2025-06,48.28,,3.07,2,2024-03,1.03,3.27,8.74,"CALCOM,"
Shri Bajrang Alliance Ltd.,SHBAJRG,Engineering - Industrial Equipments,172.08,BSE,192.90,3.54,2,2025-03,97.6,269.5,2025-06,357.21,2.92,2025-06,5.03,0.27,0.52,2,2025-03,0.29,0.64,0.97,"SHBAJRG,"
Ikoma Technologies Ltd.,VUENOW,Engineering - Industrial Equipments,171.85,BSE,74.20,2.59,1,2025-03,1.26,172.42,2025-06,8.25,-1.56,2025-06,0,0,14.13,1,2024-03,0.13,123.81,128.83,"VUENOW,"
Akanksha Power & Infrastructure Ltd.,AKANKSHA,Electric Equipment,169.18,NSE,86.40,-0.23,1,2025-03,26.77,187.16,2025-03,77.69,4.28,2025-03,39.48,,2.8,2,2024-03,0.32,9.54,13.16,"AKANKSHA,"
Aartech Solonics Ltd.,AARTECH,Electric Equipment,168.13,NSE,52.95,-0.94,2,2025-03,5.58,171.33,2025-06,34.08,2.34,2025-06,63.44,0.86,5.24,2,2025-03,0.18,9.06,6.46,"AARTECH,"
International Combustion (India) Ltd.,INTLCOMBQ,Engineering - Industrial Equipments,167.83,BSE,705.90,-1.23,1,2025-09,20.83,175.39,2025-09,304.84,9.73,2025-09,17.25,0.32,1.28,1,2025-03,0.24,11.76,13.42,"INTLCOMBQ,"
Rappid Valves (India) Ltd.,RAPPID,Engineering - Industrial Equipments,167.7,NSE,323.00,-2.42,1,2025-03,8.41,166.62,2025-03,52.12,6.04,2025-03,27.78,,3.91,1,2025-03,0.2,25.17,25.87,"RAPPID,"
Patels Airtemp (India) Ltd.,PATELSAI,Engineering - Industrial Equipments,166.98,BSE,304.20,-1.87,1,2025-09,92.07,223.07,2025-09,297.06,11.76,2025-09,14.19,,1.04,2,2024-03,0.65,10.84,14.37,"PATELSAI,"
Mauria Udyog Ltd.,MUL,Engineering - Industrial Equipments,165.03,BSE,12.40,-4.25,2,2025-03,149.98,289.31,2025-06,459.36,20.85,2025-06,7.91,,4.25,2,2024-03,9.44,88.79,15.82,"MUL,"
ATV Projects India Ltd.,ATVPR,Engineering - Industrial Equipments,161.85,BSE,30.47,1.30,1,2025-03,42.67,203.09,2025-06,66,7.81,2025-06,20.72,0.84,0.78,1,2025-03,0.21,3.66,2.96,"ATVPR,"
Smarten Power Systems Ltd.,SMARTEN,Electric Equipment,161.32,NSE,84.90,1.68,1,2025-03,16.59,174.58,,,,2025-03,13.74,,1.89,2,2025-03,0.43,39.72,41.04,"SMARTEN,"
Alphageo (India) Ltd.,ALPHAGEO,Engineering,160.26,NSE,250.70,-0.52,2,2025-03,0,59.65,2025-06,141.25,-9.1,2025-06,0,0,0.6,2,2025-03,0,-2.13,-2.78,"ALPHAGEO,"
Duncan Engineering Ltd.,DUNCANENG,Engineering - Industrial Equipments,160.17,BSE,433.35,-2.29,1,2025-03,1.03,152.35,2025-06,86.93,5.66,2025-06,28.29,34.08,2.76,1,2025-03,0.02,9.49,13.41,"DUNCANENG,"
Classic Electrodes (India) Ltd.,CLASSICEIL,Electrodes & Welding Equipment,159.89,NSE,89.00,,1,2025-03,54.38,212.72,2025-03,205.8,11.62,2025-03,13.76,,1.84,1,2024-03,1.35,44.22,29.16,"CLASSICEIL,"
Readymix Construction Machinery Ltd.,READYMIX,Engineering - Industrial Equipments,157.8,NSE,144.00,0.35,1,2025-03,3.49,157.32,2025-03,73.28,9.34,2025-03,16.9,,2.47,1,2024-03,0.42,65.9,60.57,"READYMIX,"
Bansal Roofing Products Ltd.,BRPL,Engineering,157.67,BSE,121.70,4.96,1,2025-09,1.72,156.52,2025-09,126.19,7.61,2025-09,20.72,1.07,4.47,1,2025-03,0.15,18.24,22.38,"BRPL,"
Latteys Industries Ltd.,LATTEYS,Compressors / Pumps,154.72,NSE,26.91,-3.93,2,2025-03,8.66,163.34,2025-06,84.12,2.09,2025-06,74.17,,7.39,2,2024-03,0.9,8.45,11.49,"LATTEYS,"
Aztec Fluids & Machinery Ltd.,AZTEC,Engineering - Industrial Equipments,151.64,BSE,115.00,3.14,1,2025-03,14.15,165.61,2025-03,73.87,7.36,2025-03,20.59,,3.03,2,2025-03,0.28,15.09,18.17,"AZTEC,"
Hindustan Appliances Ltd.,HINDAPL,Electric Equipment,150.99,BSE,150.60,-4.98,2,2025-03,36,178.09,2025-06,0,0.12,2025-06,0,0,10.29,2,2025-03,2.47,1.01,0.29,"HINDAPL,"
Emkay Taps And Cutting Tools Ltd.,EMKAYTOOLS,Engineering - Industrial Equipments,149.5,NSE,140.10,-4.66,1,2025-03,4,151.91,2025-03,41.86,26.82,2025-03,5.58,,0.5,2,2024-03,0.02,27.4,33.65,"EMKAYTOOLS,"
Cospower Engineering Ltd.,COSPOWER,Electric Equipment,148.86,BSE,889.00,5.00,1,2025-03,18.26,158.33,2025-03,27.7,1.53,2025-03,97.04,7.3,8.19,1,2024-03,2.71,1.6,8.13,"COSPOWER,"
Shilp Gravures Ltd.,SHILGRAVQ,Engineering - Industrial Equipments,147.72,BSE,241.75,0.75,2,2025-03,0.18,143.4,2025-06,93.56,3.9,2025-06,37.85,1.12,1.44,2,2025-03,0,3.79,4.86,"SHILGRAVQ,"
JSL Industries Ltd.,JSLINDL,Electric Equipment,142.91,BSE,1217.40,1.37,1,2025-03,4.42,147.27,2025-06,51.94,2.8,2025-06,51.13,0.61,3.2,1,2025-03,0.1,15.72,17.65,"JSLINDL,"
United Heat Transfer Ltd.,UHTL,Engineering - Industrial Equipments,142.82,NSE,75.15,-0.13,1,2025-03,17.83,160.3,2025-03,66.81,5.3,2025-03,26.93,,2.44,1,2025-03,0.3,13.43,15.69,"UHTL,"
DE Neers Tools Ltd.,DENEERS,Engineering - Industrial Equipments,141.58,NSE,164.50,-0.87,1,2025-03,57.1,197.64,2025-03,144.92,17.63,2025-03,8.03,,2.25,2,2025-03,0.81,25.89,20.13,"DENEERS,"
Hindustan Tin Works Ltd.,HINDTIN,Engineering - Industrial Equipments,138.89,BSE,134.30,-0.44,1,2025-03,76.5,214.37,2025-06,418.77,13.39,2025-06,10.37,1.03,0.64,1,2025-03,0.36,5.84,7.92,"HINDTIN,"
RTS Power Corporation Ltd.,RTSPOWR,Electric Equipment,132.94,BSE,145.00,-2.88,2,2025-03,17.95,150.69,2025-06,192.86,0.97,2025-06,136.77,-6.63,0.9,2,2025-03,0.12,2.45,4.56,"RTSPOWR,"
Rungta Irrigation Ltd.,RUNGTAIR,Engineering - Industrial Equipments,129.41,BSE,65.00,1.37,1,2025-03,27.98,157.31,2025-06,225.4,6.3,2025-06,20.55,0.41,1.37,1,2025-03,0.3,6.92,9.96,"RUNGTAIR,"
BCPL Railway Infrastructure Ltd.,BCPL,Engineering - Industrial Equipments,126.23,BSE,75.60,-0.22,2,2025-03,75.3,181.67,2025-06,209.38,3.64,2025-06,21.34,,1.35,2,2025-03,0.81,5.56,8.02,"BCPL,"
Refractory Shapes Ltd.,REFRACTORY,Refractories,125.79,NSE,57.70,2.76,1,2025-03,17.06,138.88,2025-03,58.77,6.05,2025-03,20.79,,3.23,2,2024-03,1.13,22.23,17.31,"REFRACTORY,"
Cenlub Industries Ltd.,CENLUB,Engineering - Industrial Equipments,122.56,BSE,265.80,-4.68,1,2025-03,4.56,123.69,2025-06,68.26,8.01,2025-06,15.31,0.45,1.85,1,2025-03,0.07,14.83,20.62,"CENLUB,"
Gujarat Toolroom Ltd.,GUJTLRM,Engineering,122.53,BSE,0.88,-1.12,2,2025-03,66.79,180.48,2025-06,635.69,33.32,2025-06,3.68,,0.37,2,2025-03,0.21,26,23.95,"GUJTLRM,"
D&H India Ltd.,DHINDIA,Electrodes & Welding Equipment,120.9,BSE,147.95,1.75,2,2025-03,52.19,170.88,2025-06,217.56,5.7,2025-06,21.19,0.52,2.5,2,2025-03,1.11,11.62,13.58,"DHINDIA,"
Semac Construction Ltd.,SEMAC,Engineering - Industrial Equipments,120.42,NSE,384.10,-4.75,2,2025-09,46.16,103.37,2025-09,228.22,0.67,2025-09,184.41,,1.61,2,2025-03,0.51,-7.62,-1.59,"SEMAC,"
Rishi Laser Ltd.,RISHILASE,Engineering - Industrial Equipments,119.46,BSE,129.95,-0.31,1,2025-03,16.63,132.7,2025-06,154.74,8.4,2025-06,14.23,0.55,3.51,1,2025-03,0.52,29.2,25.12,"RISHILASE,"
Alphalogic Industries Ltd.,ALPHAIND,Engineering - Industrial Equipments,116.82,BSE,114.65,,1,2025-09,1.42,118.22,2025-03,62.37,2.93,2025-03,39.9,,5.31,1,2025-03,0.04,14.27,19.64,"ALPHAIND,"
Kundan Edifice Ltd.,KEL,Electric Equipment,112.99,NSE,110.00,-0.50,1,2025-03,28.3,136.8,2025-03,98.2,7.86,2025-03,14.37,,2.8,1,2025-03,0.7,21.59,25.36,"KEL,"
Rexnord Electronics & Controls Ltd.,REXNORD,Electric Equipment,112.86,BSE,85.11,0.00,2,2025-03,16.99,114.75,2025-06,114.11,4.7,2025-06,23.98,2.83,1.21,2,2024-03,0.14,12.3,16.41,"REXNORD,"
Atam Valves Ltd.,ATAM,Engineering - Industrial Equipments,112.28,NSE,98.31,-0.20,1,2025-03,11.85,123.92,2025-06,61.39,6.61,2025-06,16.99,,2.98,1,2025-03,0.33,18.66,20.43,"ATAM,"
Shetron Ltd.,SHETR,Engineering - Industrial Equipments,105.34,BSE,117.00,-2.01,1,2025-09,41.61,142.87,2025-09,235.57,3.12,2025-09,33.76,1.19,1.74,1,2025-03,0.79,5.35,11.47,"SHETR,"
ANI Integrated Services Ltd.,AISL,Engineering,104.54,NSE,89.45,4.99,2,2025-03,21.43,121.09,2025-06,233.4,9.59,2025-06,11.52,0.32,1.27,2,2025-03,0.32,15.06,15.8,"AISL,"
Shri Balaji Valve Components Ltd.,SBVCL,Engineering - Industrial Equipments,101.18,BSE,124.00,,1,2025-03,23.95,119.1,2025-03,81.01,6.5,2025-03,15.56,,2.28,1,2025-03,0.54,15.83,15.16,"SBVCL,"
ITL Industries Ltd.,ITL,Engineering - Industrial Equipments,100.7,BSE,318.00,-0.36,2,2025-03,20.3,118.85,2025-06,183.89,9.38,2025-06,10.88,0.68,1.24,2,2025-03,0.26,12.61,16.13,"ITL,"
Vdeal System Ltd.,VDEAL,Electric Equipment,98.4,NSE,201.20,0.00,1,2025-03,10.6,108.42,2025-03,33.58,3.99,2025-03,24.66,,4.04,1,2024-03,1.5,64.16,42.28,"VDEAL,"
T&I Global Ltd.,TIGLOB,Engineering - Industrial Equipments,95.3,BSE,188.05,1.46,1,2025-03,0,88.18,2025-06,103.18,6.09,2025-06,15.64,-0.49,1.04,1,2025-03,0,4.73,5.55,"TIGLOB,"
Sona Machinery Ltd.,SONAMAC,Engineering - Industrial Equipments,94.15,NSE,68.60,-2.56,1,2025-03,2.42,90.98,2025-03,94.92,3.85,2025-03,24.45,,1.37,1,2025-03,0.04,5.78,8.04,"SONAMAC,"
Storage Technologies & Automation Ltd.,STAL,Engineering - Industrial Equipments,93.73,BSE,73.00,4.29,1,2025-03,12.56,100.93,2025-03,94.42,3.72,2025-03,25.17,,2.28,2,2024-03,1.52,67.95,46,"STAL,"
HM Electro Mech Ltd.,HMEML,Compressors / Pumps,92.68,BSE,67.95,0.80,1,2025-03,7.8,98.03,2025-03,121.67,8.35,2025-03,11.1,,1.42,1,2025-03,0.12,17.12,22.43,"HMEML,"
Konstelec Engineers Ltd.,KONSTELEC,Engineering,90.6,NSE,60.00,-4.91,1,2025-03,68.99,138.37,2025-03,193.71,4.28,2025-03,21.18,,0.92,2,2025-03,0.7,4.93,9.13,"KONSTELEC,"
GG Engineering Ltd.,GGENG,Electric Equipment,90.32,BSE,0.57,-1.72,1,2025-09,2.17,92.15,2025-09,211.72,0.21,2025-09,430.08,3.01,0.39,1,2025-03,0.01,3.61,5.32,"GGENG,"
Nilachal Refractories Ltd.,NILACHAL,Refractories,81.49,BSE,40.10,2.30,1,2025-03,42.96,124.4,2025-06,0.98,-21.11,2025-06,0,,-2.87,1,2024-03,-7.29,0,-2.02,"NILACHAL,"
Delta Manufacturing Ltd.,DELTAMAGNT,Electric Equipment,80.18,NSE,72.06,-2.78,2,2025-03,27.63,107.55,2025-06,64.81,-7.23,2025-06,0,0,6.16,2,2025-03,1.89,-40.06,-11,"DELTAMAGNT,"
Alliance Integrated Metaliks Ltd.,AIML,Engineering - Industrial Equipments,74.25,BSE,1.90,2.70,1,2025-03,272,341.21,2025-06,83.63,-75.96,2025-06,0,0,-0.26,1,2025-03,-1.03,0,-14.16,"AIML,"
Ameya Precision Engineers Ltd.,AMEYA,Engineering,73.88,NSE,98.50,,1,2025-03,0,67.91,2025-03,38.59,4.43,2025-03,16.68,,2.69,1,2025-03,0,17.57,23.9,"AMEYA,"
Ahlada Engineers Ltd.,AHLADA,Engineering,73.77,NSE,57.09,-1.11,1,2025-03,35.76,107.01,2025-06,117.88,2.41,2025-06,30.58,-2.24,0.53,1,2024-03,0.31,10.37,14.64,"AHLADA,"
Samay Project Services Ltd.,SAMAY,Engineering,69.99,NSE,45.60,4.23,1,2025-03,2.09,67.77,,,,2025-03,16.69,,2,1,2025-03,0.1,23.13,30.27,"SAMAY,"
Tarapur Transformers Ltd.,TARAPUR,Electric Equipment,69.71,NSE,35.96,2.42,1,2025-03,10.31,79.66,2025-06,0,1.7,2025-06,40.98,-35.95,95.36,1,2025-03,16.21,0,114.19,"TARAPUR,"
Sharika Enterprises Ltd.,SHARIKA,Engineering,64.86,BSE,15.00,4.90,2,2025-03,15.76,79.01,2025-06,81.25,0.44,2025-06,99.64,-4.85,3.2,2,2025-03,0.72,-1.53,3.29,"SHARIKA,"
Auri Grow India Ltd.,AURIGROW,Engineering - Industrial Equipments,62.72,NSE,0.52,-1.89,1,2025-03,78.6,130.59,2025-06,171.7,7.41,2025-06,8.47,0.11,0.48,1,2024-03,0.03,1.1,3.13,"AURIGROW,"
Manugraph India Ltd.,MANUGRAPH,Engineering - Industrial Equipments,62.17,NSE,19.89,0.45,1,2025-03,7,66.18,2025-06,78.4,-17.1,2025-06,0,0,1.03,1,2025-03,0.13,-40.14,-30.54,"MANUGRAPH,"
Presstonic Engineering Ltd.,PRESSTONIC,Engineering,59.35,NSE,77.00,4.62,1,2025-03,16.01,72.45,2025-03,21.04,0.86,2025-03,68.69,,2.31,1,2025-03,0.62,3.42,8.08,"PRESSTONIC,"
Trans India House Impex Ltd,TIHIL,Engineering - Industrial Equipments,59.04,BSE,8.34,1.34,1,2025-03,33.18,90.09,2025-06,60.65,0.97,2025-06,61.19,-2.58,0.84,1,2025-03,1.61,5.07,8.27,"TIHIL,"
Vruddhi Engineering Works Ltd.,VRUDDHI,Engineering,58.55,BSE,232.00,,1,2025-03,4.55,62.7,2025-03,31.8,1.49,2025-03,39.27,,6.92,1,2024-03,1.08,29.09,22.15,"VRUDDHI,"
Rolcon Engineering Company Ltd.,ROLCOEN,Engineering - Industrial Equipments,57.14,BSE,771.65,,2,2025-09,0.08,48.97,2025-09,52.95,3.39,2025-06,14.2,0.27,2.13,2,2025-03,0.03,17.46,18.61,"ROLCOEN,"
Harshil Agrotech Ltd.,HARSHILAGR,Engineering - Industrial Equipments,55.07,BSE,0.59,0.00,1,2025-03,0.45,5.98,2025-06,112.06,16.02,2025-06,3.44,0.03,0.38,1,2025-03,0,16.45,17.41,"HARSHILAGR,"
Rasi Electrodes Ltd.,RASIELEC,Electrodes & Welding Equipment,53.79,BSE,17.35,-0.12,1,2025-09,0.1,52.87,2025-09,75.76,2.86,2025-09,18.83,0.47,1.44,1,2025-03,0.03,8.07,11.14,"RASIELEC,"
Solitaire Machine Tools Ltd.,SOLIMAC,Engineering - Industrial Equipments,53.14,BSE,117.00,2.36,1,2025-03,5.56,56.53,2025-06,19.73,1.96,2025-06,27.16,0.94,2.7,1,2025-03,0.28,12.46,14.04,"SOLIMAC,"
Chamunda Electrical Ltd.,CHAMUNDA,Electric Equipment,52.88,NSE,48.05,2.02,1,2025-03,0.02,51.83,2025-03,25.29,3.36,2025-03,15.75,,2.11,1,2025-03,0,21.36,27.26,"CHAMUNDA,"
Misquita Engineering Ltd.,MISQUITA,Engineering - Industrial Equipments,51.57,BSE,110.00,3.77,1,2025-03,1.34,52.75,2025-03,11.99,0.2,2025-03,261.77,,3.68,1,2024-03,0.06,-3.65,-1.49,"MISQUITA,"
Cranex Ltd.,CRANEX,Engineering - Industrial Equipments,51.25,BSE,77.15,-1.81,2,2025-03,19.92,66.9,2025-06,51.61,1.98,2025-06,25.82,1.16,2.73,2,2025-03,1.07,13.26,10.3,"CRANEX,"
Rulka Electricals Ltd.,RULKA,Electric Equipment,51.14,NSE,120.10,0.84,1,2025-03,8.76,59.37,2025-03,79.47,2.25,2025-03,22.69,,1.5,1,2024-03,0.83,62.9,50.65,"RULKA,"
Indobell Insulations Ltd.,INDOBELL,Engineering,50.15,BSE,79.66,-2.87,1,2025-03,2.52,50.71,2025-03,25.73,2.19,2025-03,22.94,,3.24,1,2025-03,0.16,20.69,23.59,"INDOBELL,"
Alfa Transformers Ltd.,ALFATRAN,Electric Equipment,49.21,BSE,53.76,6.96,1,2025-03,9.41,55.69,2025-06,46.96,0.86,2025-06,57.22,3.5,4.6,1,2025-03,0.85,9.79,18.68,"ALFATRAN,"
Acrow India Ltd.,ACROW,Engineering - Industrial Equipments,46.72,BSE,730.00,0.00,1,2025-03,0,46.65,2025-06,3.24,-0.93,2025-06,0,,2.08,1,2025-03,0,-3.86,5.1,"ACROW,"
Lerthai Finance Ltd.,LERTHAI,Refractories,45.82,BSE,654.55,,1,2025-06,,38.66,2025-06,0,-0.04,2025-06,0,0,4.55,1,2025-03,0,-0.19,-1.48,"LERTHAI,"
Rapicut Carbides Ltd.,RAPICUT,Engineering - Industrial Equipments,44.31,BSE,82.50,-2.77,1,2025-09,6.48,50.61,2025-09,48.34,-1.44,2025-09,0,,2.44,1,2025-03,0.34,-11.21,-5.66,"RAPICUT,"
Gurunanak Agriculture India Ltd.,GURUNANAK,Engineering - Industrial Equipments,41.58,NSE,34.65,0.00,1,2025-03,4.66,44.2,,,,2025-03,6.87,,1.01,1,2025-03,0.38,65.48,54.96,"GURUNANAK,"
Sprayking Ltd.,SPRAYKING,Engineering - Industrial Equipments,41.43,BSE,1.97,3.68,2,2025-09,44.45,85.71,2025-09,105.66,8.78,2025-09,4.59,,1.05,2,2025-03,1.45,23.73,16.7,"SPRAYKING,"
Ema India Ltd.,EMAINDIA,Engineering - Industrial Equipments,40.66,BSE,404.60,1.99,1,2025-03,1.77,42.37,2025-06,0,-0.59,2025-06,0,0,-21.81,1,2024-03,-1.06,0,-360.17,"EMAINDIA,"
Associated Ceramics Ltd.,ASSOCER,Refractories,40.42,BSE,193.45,-9.98,1,2025-03,1.5,38.24,2025-06,45.8,1.72,2025-06,23.53,-3.04,1.68,1,2024-03,0.33,3.47,6.56,"ASSOCER,"
Hawa Engineers Ltd.,HAWAENG,Engineering - Industrial Equipments,40.27,BSE,115.80,-0.17,1,2025-03,16.21,47,2025-06,117.85,2.13,2025-06,18.89,1.4,1.98,1,2025-03,0.82,8.39,14.55,"HAWAENG,"
G.G. Dandekar Properties Ltd.,GGDPROP,Engineering - Industrial Equipments,38.85,BSE,81.59,1.99,2,2025-03,4.1,38.89,2025-06,3.94,3.92,2025-06,9.1,0.6,0.73,2,2025-03,0.08,-0.58,-2.05,"GGDPROP,"
Advance Metering Technology Ltd.,AMTL,Engineering - Industrial Equipments,38.79,BSE,24.25,-0.16,2,2025-03,13.18,48.47,2025-06,15.5,-8.99,2025-06,0,0,0.42,2,2025-03,0.15,-9.84,-7.7,"AMTL,"
Integra Switchgear Ltd.,INTEGSW,Electric Equipment,36.34,BSE,126.10,,1,2025-09,,34.92,2025-09,0.01,-0.1,2025-09,0,0,21.92,1,2025-03,0,0.84,0.83,"INTEGSW,"
Envair Electrodyne Ltd.,ENVAIREL,Engineering - Industrial Equipments,35.51,BSE,76.75,-0.08,1,2025-03,0.02,29.5,2025-06,0,-0.47,2025-06,0,0,4.22,1,2025-03,0,-5.82,2.26,"ENVAIREL,"
Polymechplast Machines Ltd.,POLYCHMP,Engineering - Industrial Equipments,32.79,BSE,58.75,1.19,2,2025-03,3.53,27.58,2025-06,62.57,0.82,2025-06,51.63,-3.13,1.3,2,2025-03,0.14,3.56,5.54,"POLYCHMP,"
SP Refractories Ltd.,SPRL,Refractories,32.21,NSE,180.00,-4.99,1,2025-03,4.44,36.65,2025-03,30.25,2.09,2025-03,15.41,,2.56,1,2025-03,0.35,18.11,19.49,"SPRL,"
Debock Industries Ltd.,DIL,Engineering,31.41,NSE,1.93,-1.53,1,2024-09,,31.09,2025-03,2.89,-21.14,2025-03,0,,0.16,1,2024-03,0,5.43,8.44,"DIL,"
Epic Energy Ltd.,EPIC,Electric Equipment,31.12,BSE,43.49,3.11,2,2025-03,0,30.6,2025-03,4.26,1.29,2025-03,23.84,,3.84,2,2025-03,0,17.46,13.68,"EPIC,"
Rollatainers Ltd.,ROLLT,Engineering - Industrial Equipments,29.77,NSE,1.19,-1.65,2,2025-03,11.21,40.9,2025-06,0,-1.06,2025-06,0,0,-0.89,2,2025-03,-0.34,0,0,"ROLLT,"
Arigato Universe Ltd.,ARIGATO,Engineering - Industrial Equipments,29.26,BSE,47.03,-4.99,1,2025-06,,29.16,2025-06,7.03,-3.49,2025-06,0,,4.07,1,2025-03,0.57,-37.07,-29.54,"ARIGATO,"
Mewar Hi-Tech Engineering Ltd.,MHEL,Engineering - Industrial Equipments,28.18,BSE,72.20,-4.99,1,2025-03,19.89,47.92,2025-03,50.54,2.85,2025-03,9.88,0.19,3.53,1,2024-03,2.78,13.74,12.26,"MHEL,"
SKIL Infrastructure Ltd.,SKIL,Engineering,28.15,NSE,1.23,,1,2024-03,1667.57,1695.66,2024-06,0,12.72,2024-06,2.21,0.14,0.04,1,2023-03,2.67,58.75,15.32,"SKIL,"
Miven Machine Tools Ltd.,MIVENMACH,Engineering - Industrial Equipments,27.63,BSE,91.98,,1,2025-09,3.37,30.98,2025-09,0,-0.62,2025-09,0,,-4.74,1,2025-03,-0.54,0,0,"MIVENMACH,"
Adarsh Plant Protect Ltd.,ADARSHPL,Engineering - Industrial Equipments,27.52,BSE,27.77,-4.99,1,2025-03,4.25,31.67,2025-06,16.09,-1,2025-06,0,,93.98,1,2024-03,3.08,39.87,11.61,"ADARSHPL,"
MPF Systems Ltd.,MPFSL,Engineering - Industrial Equipments,26.13,BSE,96.09,,1,2025-09,2.6,28.69,2025-09,0,-1.63,2024-09,0,,-1.09,1,2025-03,-7.47,0,-103.08,"MPFSL,"
Iykot Hitech Toolroom Ltd.,IYKOTHITE,Engineering - Industrial Equipments,22.94,BSE,11.31,4.92,1,2025-09,,22.77,2025-09,3.05,-1.18,2025-09,0,,2.46,1,2024-03,1.49,-90.54,-61.37,"IYKOTHITE,"
Maks Energy Solutions India Ltd.,MAKS,Electric Equipment,22.75,NSE,32.80,,1,2025-09,16.98,37.18,2025-03,66.48,0.55,2025-03,41.24,,1.35,1,2025-03,1.02,3.32,8.83,"MAKS,"
SBEC Systems (India) Ltd.,SBECSYS,Engineering,21.98,BSE,21.95,-4.36,2,2025-03,21.57,43.44,2025-06,3.34,2.46,2025-06,8.94,0.26,-1.83,2,2025-03,-1.77,0,50.71,"SBECSYS,"
Lippi Systems Ltd.,LIPPISYS,Engineering,20.17,BSE,28.82,-0.07,1,2025-03,0.03,18.28,2025-06,0,-0.79,2025-06,0,,0.96,1,2024-03,0.04,-3.85,-5.05,"LIPPISYS,"
Ishan International Ltd.,ISHAN,Engineering,19.46,NSE,0.90,5.88,1,2025-03,6.07,22.7,2025-03,72.65,0.21,2025-03,90.56,,0.86,1,2025-03,0.27,0.93,2.87,"ISHAN,"
Sterling Powergensys Ltd.,STERPOW,Engineering - Industrial Equipments,17.89,BSE,34.00,-1.16,1,2025-06,2.51,20.39,2025-06,2.71,-0.54,2025-06,0,0,144.62,1,2025-03,8.2,84.39,11.44,"STERPOW,"
Trans Freight Containers Ltd.,TRANSFRE,Engineering - Industrial Equipments,17.32,BSE,24.49,2.00,1,2025-03,,16.9,2025-06,0,1.45,2025-06,11.95,0.75,0.44,1,2024-03,0,2.86,2.99,"TRANSFRE,"
Arrowhead Seperation Engineering Ltd.,ARROWHEAD,Engineering - Industrial Equipments,16.47,BSE,88.00,,1,2025-03,5.32,20.19,2025-03,20.32,0.41,2025-03,39.81,,0.99,1,2025-03,0.32,2.53,6.19,"ARROWHEAD,"
Krishna Ventures Ltd.,KRISHNA,Engineering,16.33,BSE,14.90,0.40,1,2025-03,0,16.02,2025-06,1.64,-0.8,2025-06,0,,1.57,1,2025-03,0,-7.94,-6.48,"KRISHNA,"
Perfect Infraengineers Ltd.,PERFECT,Engineering,14.17,NSE,8.10,,1,2024-03,7.79,20.49,2024-03,5.89,0.82,2024-03,17.28,0.42,0.43,1,2024-03,0.24,3.06,0.91,"PERFECT,"
Shivagrico Implements Ltd.,SHIVAGR,Engineering,14.14,BSE,28.20,-7.63,1,2025-03,15.84,29.8,2025-06,47.21,0.34,2025-06,41.46,1.78,1.8,1,2025-03,2.01,4.94,6.43,"SHIVAGR,"
Raasi Refractories Ltd.,RASSIREF,Refractories,12.83,BSE,27.23,,1,2025-03,30.91,42.25,2025-06,36.77,0.89,2025-06,14.45,-0.37,-0.99,1,2025-03,-2.34,0,13.6,"RASSIREF,"
Sparc Electrex Ltd.,SPAR,Electric Equipment,11.95,BSE,6.25,-0.16,1,2025-03,0.96,11.99,2025-06,2.86,-2.22,2025-06,0,,0.4,1,2024-03,0.06,0.96,4.78,"SPAR,"
BKM Industries Ltd.,BKMINDST,Engineering - Industrial Equipments,11.93,NSE,1.80,,2,2025-03,12.8,24.59,2025-06,0.04,-5.66,2024-09,0,0,0.11,1,2020-03,5.07,-71.49,-16.31,"BKMINDST,"
Filtron Engineers Ltd.,FILTRON,Engineering - Industrial Equipments,11.58,BSE,44.25,1.98,1,2025-03,3.88,15.46,2025-06,0.25,-0.11,2025-06,0,,-2.85,1,2024-03,-0.87,0,0,"FILTRON,"
Yashraj Containeurs Ltd.,YASHRAJC,Engineering - Industrial Equipments,10.66,BSE,6.27,2.79,1,2025-09,102.09,108.25,2025-09,0,-25.51,2025-09,0,0,-0.1,1,2024-03,-0.92,0,0,"YASHRAJC,"
Premier Ltd.,PREMIER,Engineering - Industrial Equipments,10.3,NSE,3.35,-4.29,2,2025-03,167.11,162.35,2025-06,0,-8.15,2025-06,0,0,-0.03,2,2025-03,-0.49,0,0,"PREMIER,"
Shri Ram Switchgears Ltd.,SRIRAM,Electric Equipment,10.11,NSE,10.10,,1,2023-09,63.01,72.61,2023-03,2.72,-3.87,2023-03,0,,-0.58,1,2023-03,-2.96,0,-3.76,"SRIRAM,"
Marshall Machines Ltd.,MARSHALL,Engineering - Industrial Equipments,9.7,NSE,4.06,,1,2024-03,38.41,47.69,2024-06,26.44,-5.83,2024-06,0,,0.13,1,2024-03,0.51,-9.34,-3.36,"MARSHALL,"
Hittco Tools Ltd.,HITTCO,Engineering - Industrial Equipments,8.35,BSE,13.55,-2.17,1,2025-03,4.79,12.64,2025-06,7.21,-0.26,2025-06,0,0,3.09,1,2024-03,1.14,6.1,7.35,"HITTCO,"
Starlite Components Ltd.,STARLITE,Electric Equipment,6.22,BSE,3.64,,1,2025-03,1.6,7.55,2025-06,3.83,-0.99,2024-06,0.5,0.03,4.42,1,2024-03,-4.14,0,0,"STARLITE,"
Harig Crankshafts Ltd.,HARCR,Engineering - Industrial Equipments,6.2,BSE,5.90,,1,2025-03,72.22,78.29,2025-06,0,-12,2025-06,0,,-0.06,1,2024-03,-2.53,0,1.16,"HARCR,"
Incon Engineers Ltd.,INCON,Engineering - Industrial Equipments,6.19,BSE,14.30,-2.65,1,2025-03,0.85,7.02,2025-06,0.41,-0.32,2025-06,0,0,-3.47,1,2025-03,-2.38,0,-64.52,"INCON,"
Max Alert Systems Ltd.,MASL,Engineering,4.09,BSE,4.45,,1,2025-03,0,2.47,2025-03,14.59,3.25,2023-03,0,0,-0.67,1,2025-03,0,281.24,98.5,"MASL,"
TMT (India) Ltd.,TMTIND-B1,Engineering,2.99,BSE,6.03,,1,2025-03,6.78,9.76,2025-06,0,-0.46,2025-06,0,0,-0.45,1,2024-03,-1.08,0,-65.23,"TMTIND-B1,"
Silveroak Commercials Ltd.,SILVERO,Electric Equipment,2.4,BSE,8.74,,1,2020-03,12.08,14.44,2020-03,0,-0.8,2020-03,0,,,1,2019-03,-1.99,-3549.96,-77.21,"SILVERO,"
Procal Electronics India Ltd.,PROCAL,Engineering - Industrial Equipments,0.31,BSE,0.89,,1,2025-03,10.12,10.43,2025-06,0,-0.05,2025-06,0,0,-0.06,1,2024-03,-1.86,0,-1.1,"PROCAL,"
Pervasive Commodities Ltd.,PERVASIVE,Electric Equipment,0.11,BSE,12.00,,1,2025-03,0.29,0.38,2025-06,31.76,-0.13,2021-09,1.45,0.01,5.01,1,2023-03,-1.11,0,-260.54,"PERVASIVE,"
Harshil Agrotech Ltd. - (Rights Entitlements (REs)),HARSHIL-RE,Engineering - Industrial Equipments,0,BSE,0.34,,1,,,0,,,,-0,,,,1,-0,,,,"HARSHIL-RE,"
Trans India House Impex Ltd. - (Rights Entitlements (REs)),TIHIL-RE,Engineering - Industrial Equipments,0,BSE,0.53,,1,,,0,,,,-0,,,,1,-0,,,,"TIHIL-RE,"
Aplab Ltd. - (Rights Entitlements (REs)),750991,Electric Equipment,0,BSE,14.93,,1,,,0,,,,-0,,,,1,-0,,,,"750991,"
Lloyds Engineering Works Ltd. - (Partly Paid-up Equity Shares (Rights Issue),LLOYDSENPP,Engineering - Industrial Equipments,0,NSE,41.25,0.22,1,,,0,,,,-0,,,,1,-0,,,,"LLOYDSENPP,"
Exicom Tele-Systems Ltd. - (Rights Entitlements (REs)),EXICOM-RE,Electric Equipment,0,NSE,15.36,,1,,,0,,,,-0,,,,1,-0,,,,"EXICOM-RE,"
Inox Wind Ltd. - (Rights Entitlements (REs)),INOXWI-RE,Electric Equipment,0,NSE,16.59,,1,,,0,,,,-0,,,,1,-0,,,,"INOXWI-RE,"
JostS Engineering Company Ltd. - (Rights Entitlements (REs),JOSTS-RE,Engineering - Industrial Equipments,0,BSE,63.00,,1,,,0,,,,-0,,,,1,-0,,,,"JOSTS-RE,"
