Sector: Trading,
Date: 09-Nov-2025,
Note:- Statement: 1 = Standalone and 2 = Consolidated,
Generated by and for: signshailesh@gmail.com,

Stock Name,Symbol,Industry,Market Cap(Rs. Cr.),Exchange,LTP,Chg%,TTM Statement,Period Ending,Total Debt(Rs. Cr.),Enterprise Value(Rs. Cr.),TTM Ending (Results),Net Sales (Rs. Cr.),Profit After Tax (Rs. Cr.),TTM Ending (Valuation),Price Earning Ratio(TTM),"PEG Ratio ",Price To Book Value(TTM),Statement,Year Ending,Debt Equity Ratio,Return On Equity(%),Return On Capital Employed(%),Symbol with Comma for External Upload
Adani Enterprises Ltd.,ADANIENT,Trading,273552.37,NSE,2369.40,2.38,2,2025-09,92064.92,356589.01,2025-09,93023.99,8253.33,2025-09,34.91,1.03,5.06,2,2025-03,1.65,17.85,15.26,"ADANIENT,"
Aegis Logistics Ltd.,AEGISLOG,Trading,26683.02,NSE,761.35,-0.68,2,2025-09,741.88,25035.77,2025-09,7425.45,896.71,2025-09,37.22,0.81,4.49,2,2025-03,0.62,18.47,17.66,"AEGISLOG,"
Elitecon International Ltd.,ELITECON,Trading,26367.26,BSE,164.95,-3.48,2,2025-09,375.53,26731.86,2025-09,3124.25,245.6,2025-09,114.5,,76.27,2,2025-03,0.01,85.3,84.18,"ELITECON,"
Redington Ltd.,REDINGTON,Trading,22823.9,NSE,292.00,0.71,2,2025-09,2419.91,23872.71,2025-09,108183.36,1903.88,2025-09,13.2,0.8,2.53,2,2025-03,0.3,22.38,27.57,"REDINGTON,"
Aditya Infotech Ltd.,CPPLUS,Trading,17991.8,NSE,1534.90,9.33,2,2025-03,464.9,18274.83,,,,2025-03,51.2,,7.69,2,2025-03,0.46,49.14,41.16,"CPPLUS,"
Cello World Ltd.,CELLO,Trading,14048.29,NSE,635.30,-1.23,2,2025-03,0.5,13961.18,2025-06,2164.74,356.09,2025-06,42.67,,6.25,2,2025-03,0,21.98,26.78,"CELLO,"
Lloyds Enterprises Ltd.,LLOYDSENT,Trading,10127.15,NSE,66.19,-0.76,2,2025-03,575.14,10526.18,2025-06,1496.01,344.46,2025-06,36.08,0.23,2.75,2,2025-03,0.23,6.32,8.1,"LLOYDSENT,"
Jeena Sikho Lifecare Ltd.,JSLL,Trading,9878.18,NSE,794.00,1.12,2,2025-09,0.61,9854.64,2023-03,204.75,33.52,2023-03,292.39,,,1,2025-03,0.04,39.04,51.64,"JSLL,"
MMTC Ltd.,MMTC,Trading,9801,NSE,65.32,-1.15,2,2025-03,0,8462.15,2025-06,3.4,74.59,2025-06,99.81,5.24,5.64,2,2025-03,0,5.21,6.9,"MMTC,"
Honasa Consumer Ltd.,HONASA,Trading,8900.49,NSE,273.95,-1.08,2,2025-03,0,8569.2,2025-06,2108.15,73.75,2025-06,120.68,,7.4,2,2025-03,0,6.52,8.99,"HONASA,"
Blue Pearl Agriventures Ltd.,BPAGRI,Trading,5506.8,BSE,91.39,5.00,1,2025-03,0.04,5506.46,2025-06,40.96,0.66,2025-06,0,0,90.68,1,2025-03,0,2.14,2.55,"BPAGRI,"
PDS Ltd.,PDSL,Trading,5218.48,NSE,367.50,-3.42,2,2025-09,1102.13,5313.78,2025-09,13069.24,184.54,2025-09,48.24,2.2,3.07,2,2025-03,0.69,17.59,17.22,"PDSL,"
Optiemus Infracom Ltd.,OPTIEMUS,Trading,5001.49,NSE,567.10,0.04,2,2025-03,129.33,4985.03,2025-06,1832.69,62.04,2025-06,76.1,3.39,7.54,2,2025-03,0.22,12.53,16.05,"OPTIEMUS,"
Entero Healthcare Solutions Ltd.,ENTERO,Trading,4752.26,NSE,1089.30,3.00,2,2025-03,298.81,4790.65,2025-06,5402.56,117.14,2025-06,46.35,,2.72,2,2025-03,0.17,6.4,9.16,"ENTERO,"
SG Mart Ltd.,SGMART,Trading,4415.04,NSE,350.35,0.85,2,2025-09,232.48,3563.48,2025-09,5788.34,120.03,2025-09,36.78,,2.89,2,2025-03,0.61,9.77,10.92,"SGMART,"
GNG Electronics Ltd.,EBGNG,Trading,3839.34,NSE,337.55,-1.83,2,2025-09,211.22,3893.92,,,,2025-03,55.78,,5.74,2,2025-03,1.97,35.44,20.14,"EBGNG,"
SIRCA Paints India Ltd.,SIRCA,Trading,2898.99,NSE,510.20,1.21,2,2025-03,50,2894.79,2025-06,409.55,53.05,2025-06,54.64,3.82,6.6,2,2025-03,0.14,14.91,18.54,"SIRCA,"
Rajesh Power Services Ltd.,RAJESH,Trading,2601.44,BSE,1433.00,1.76,1,2025-03,55.55,2654.84,2025-03,1072.07,87.3,2025-03,29.8,,10.15,2,2025-03,0.21,35.44,43.81,"RAJESH,"
Vintage Coffee & Beverages Ltd.,VINCOFE,Trading,2494.91,NSE,171.82,1.84,2,2025-09,89.34,2431.78,2025-09,430.51,60.16,2025-09,41.47,,4.93,2,2025-03,0.73,19.31,13.9,"VINCOFE,"
Rashi Peripherals Ltd.,RPTECH,Trading,2183.59,NSE,331.30,-0.96,2,2025-09,941.12,3089.75,2025-09,13107.03,205.73,2025-09,10.76,,1.21,2,2025-03,0.52,12.74,14.38,"RPTECH,"
TCC Concept Ltd.,TCC,Trading,2017.46,BSE,566.00,1.29,2,2025-03,10.58,1965.77,2025-06,93.53,46.11,2025-06,43.77,,2.78,2,2025-03,0.01,9.29,12.31,"TCC,"
A-1 Ltd.,A1L,Trading,1903.6,BSE,1655.30,4.99,2,2025-03,21.5,1923.05,2025-06,326.86,3.69,2025-06,558.08,,37.79,2,2025-03,0.43,7.49,10.26,"A1L,"
Orient Technologies Ltd.,ORIENTTECH,Trading,1804.13,NSE,433.70,0.95,1,2025-03,1.4,1689.81,2025-06,903.25,51.18,2025-06,35.25,,5.31,1,2025-03,0,19.98,27.09,"ORIENTTECH,"
Aayush Art And Bullion Ltd.,AAYUSHBULL,Trading,1538.49,BSE,1004.00,-0.06,1,2025-03,0,1537.72,2025-03,73.77,1.81,2025-03,851.41,13.84,29.09,1,2025-03,0,4.84,6.22,"AAYUSHBULL,"
RRP Defense Ltd.,RRPDEFENSE,Trading,1350.48,BSE,984.40,2.00,1,2025-03,1.2,1350.17,2025-06,13.97,1.17,2025-06,0,0,99.45,1,2025-03,0.74,108.24,83.43,"RRPDEFENSE,"
India Motor Parts & Accessories Ltd.,IMPAL,Trading,1311.9,NSE,1069.30,2.58,1,2025-09,,1261.95,2025-09,795.92,86.14,2025-09,15.23,1.23,0.51,2,2024-03,0,4.3,5.3,"IMPAL,"
Polo Queen Industrial & Fintech Ltd.,PQIF,Trading,1264.1,BSE,37.50,-1.26,2,2025-03,10.86,1274.59,2025-06,71.87,2.7,2025-06,469.05,8.1,7.52,2,2025-03,0.06,1.59,2.98,"PQIF,"
Dhunseri Ventures Ltd.,DVL,Trading,1149.34,NSE,328.40,-0.32,2,2025-03,368.85,1301.11,2025-06,595.38,3.64,2025-06,7.9,0.22,0.36,2,2025-03,0.12,4.65,6.6,"DVL,"
The Yamuna Syndicate Ltd.,YSL,Trading,1106.51,BSE,36000.00,0.00,2,2025-03,0,1073.48,2025-06,64.81,3.03,2025-06,10.13,0.94,0.86,2,2025-03,0,9.31,9.39,"YSL,"
Fabtech Technologies Ltd.,FABTECH,Trading,1083.71,NSE,243.88,5.06,2,2025-09,14.39,1056.64,,,,2025-03,23.33,,2.55,2,2025-03,0.32,30.46,34.43,"FABTECH,"
Uniphos Enterprises Ltd.,UNIENTER,Trading,1064.05,NSE,153.61,1.15,1,2025-03,0,1047.98,2025-06,114.34,-0.31,2025-06,0,0,0.41,1,2025-03,0,0.01,0.07,"UNIENTER,"
Vasa Denticity Ltd.,DENTALKART,Trading,1056.68,NSE,609.50,1.23,2,2025-03,0.12,1052.39,2025-06,254.66,16.16,2025-06,64.78,,8.59,2,2025-03,0,17.98,23.93,"DENTALKART,"
Manoj Vaibhav Gems 'N' Jewellers Ltd.,MVGJL,Trading,970.35,NSE,200.01,-0.14,1,2025-03,367.98,1308.58,2025-06,2393.9,99.25,2025-06,9.78,,1.31,1,2025-03,0.51,15.03,16.52,"MVGJL,"
Hexa Tradex Ltd.,HEXATRADEX,Trading,951.2,NSE,172.18,-0.19,2,2025-03,21.65,972.82,2025-06,4.56,-23.23,2025-06,0,0,0.21,2,2025-03,0,-0.6,0.05,"HEXATRADEX,"
Oswal Agro Mills Ltd.,OSWALAGRO,Trading,906.35,NSE,67.82,0.73,2,2025-09,,729.9,2025-09,180.18,120.12,2025-09,7.18,0.25,0.94,2,2025-03,0,12.17,16.29,"OSWALAGRO,"
Anand Rayons Ltd.,ARL,Trading,897.75,BSE,429.00,-2.60,1,2025-03,16.1,890.22,2025-06,319.4,5.31,2025-06,169.16,4.34,9.96,1,2025-03,0.24,6.78,9.24,"ARL,"
The State Trading Corporation Of India Ltd.,STCINDIA,Trading,777.6,NSE,129.25,-0.81,2,2025-03,1981.26,2718.34,2025-06,0,7.12,2025-06,109.29,4.49,-0.14,2,2024-03,-0.36,0,0,"STCINDIA,"
Sobhagya Mercantile Ltd.,SOBME,Trading,773.3,BSE,920.60,0.77,1,2025-06,8.28,781.53,2025-06,183.21,18.95,2025-06,40.81,1.91,9.03,1,2025-03,0.08,24.44,33.76,"SOBME,"
Credo Brands Marketing Ltd.,MUFTI,Trading,745.87,NSE,114.54,3.42,1,2025-09,1.25,725.29,2025-09,592.39,57.35,2025-09,13.01,,1.79,2,2025-03,0,18.26,29.66,"MUFTI,"
Macfos Ltd.,ROBU,Trading,737.76,BSE,790.00,1.13,2,2025-09,40.94,778.38,2025-09,236.09,17.78,2025-09,41.49,,9.18,2,2025-03,0.28,36.74,41.77,"ROBU,"
Veritas (India) Ltd.,VERITAS,Trading,732.45,BSE,271.65,-1.98,2,2025-03,192.41,874.08,2025-06,3930.19,89.64,2025-06,8.17,-5.56,0.27,2,2025-03,0.07,4.39,5.51,"VERITAS,"
Cellecor Gadgets Ltd.,CELLECOR,Trading,689.62,NSE,31.25,-2.19,1,2025-09,147.52,778.93,2025-03,1025.95,30.9,2025-03,22.32,,4.18,1,2025-03,0.79,25.44,24.21,"CELLECOR,"
Monika Alcobev Ltd.,MONIKA,Trading,612.4,BSE,285.50,-1.65,1,2025-09,156.28,713.1,,,,2025-03,26.5,,2.35,1,2025-03,1.81,29.91,21.58,"MONIKA,"
GP Eco Solutions India Ltd.,GPECO,Trading,611.42,NSE,516.80,4.18,1,2025-09,34.02,639.13,2025-03,240.09,10.25,2025-03,59.67,,10.84,2,2024-03,0.63,48.54,41.18,"GPECO,"
Fratelli Vineyards Ltd.,FRATELLI,Trading,605.17,BSE,139.50,0.11,2,2025-03,101.5,705.07,2025-06,189.48,-22.46,2025-06,0,,4.13,2,2025-03,0.67,-19.57,-4.51,"FRATELLI,"
Sunrise Efficient Marketing Ltd.,SEML,Trading,593.58,BSE,309.80,-1.57,1,2025-03,-0.08,592.11,2025-03,129.1,9.22,2025-03,64.36,,6.6,1,2024-03,0.18,22.06,28.05,"SEML,"
BMW Ventures Ltd.,BMWVENTLTD,Trading,578.65,NSE,66.72,-0.46,1,2025-03,428.39,990.81,,,,2025-03,17.63,,1.31,1,2025-03,2.04,16.54,13.64,"BMWVENTLTD,"
Bizotic Commercial Ltd.,BIZOTIC,Trading,570.84,BSE,710.00,1.94,1,2025-09,8.53,578.49,2025-03,110.8,3.8,2025-03,133.18,,9.83,1,2025-03,0.06,7.6,11.59,"BIZOTIC,"
Vision Infra Equipment Solutions Ltd.,VIESL,Trading,559.38,NSE,227.00,-0.85,1,2025-03,278.88,830.09,2025-03,443.27,34.06,2025-03,16.42,,3.4,2,2025-03,1.69,36.28,20.77,"VIESL,"
Spacenet Enterprises India Ltd.,SPCENET,Trading,547.99,NSE,9.68,1.79,2,2025-03,1.57,547.13,2025-06,176.01,13.44,2025-06,41.79,,3.54,2,2024-03,0.01,18.32,13.77,"SPCENET,"
Indian Link Chain Manufacturers Ltd.,INLCM,Trading,541.96,BSE,2026.00,5.00,1,2025-09,,537.37,2025-09,0,0.07,2025-09,0,0,42.3,1,2025-03,0,3.34,4.46,"INLCM,"
Banganga Paper Industries Ltd.,BANGANGA,Trading,533.06,BSE,44.50,9.99,1,2025-03,0.03,533.05,2025-06,0,-0.18,2025-06,0,,38.01,1,2024-03,0,-7.53,-7.45,"BANGANGA,"
Kothari Products Ltd.,KOTHARIPRO,Trading,532.24,NSE,89.13,-0.57,2,2025-03,263.76,707.69,2024-12,1011.33,-96.2,2025-03,0,0,0.48,2,2025-03,0.24,-8.2,-6.3,"KOTHARIPRO,"
Aprameya Engineering Ltd.,APRAMEYA,Trading,521.7,NSE,274.00,-3.01,1,2025-03,30.34,550.58,2025-03,135.71,16.12,2025-03,32.37,,8.12,1,2025-03,0.47,36.77,31.11,"APRAMEYA,"
Swiss Military Consumer Goods Ltd.,SWISSMLTRY,Trading,514.53,BSE,21.81,1.21,2,2025-03,17.02,495.47,2025-06,227.47,8.98,2025-06,57.34,,3.94,2,2025-03,0.13,8.7,11.16,"SWISSMLTRY,"
Vinyl Chemicals (India) Ltd.,VINYLINDIA,Trading,483.46,NSE,265.60,-1.28,1,2025-09,0.49,474.95,2025-09,622.4,19.61,2025-09,24.65,1.01,3.99,1,2025-03,0,18.35,24.91,"VINYLINDIA,"
True Colors Ltd.,TRUECOLORS,Trading,478.05,BSE,194.85,-3.35,1,2025-03,47.51,518.3,,,,2025-03,19.36,,2.91,1,2025-03,0.86,70.49,43.85,"TRUECOLORS,"
Nupur Recyclers Ltd.,NRL,Trading,460.28,NSE,66.64,-0.33,2,2025-03,12.56,468.71,2025-06,173.69,15.26,2025-06,34.06,,3.66,2,2024-03,0.16,10.86,15.01,"NRL,"
Jinkushal Industries Ltd.,JKIPL,Trading,451.8,NSE,118.01,0.75,2,2025-09,69.53,395.22,,,,2025-03,24.7,,1.57,2,2025-03,0.63,29.62,24.21,"JKIPL,"
Shankar Lal Rampal Dye-Chem Ltd.,SRD,Trading,445.02,NSE,70.53,4.43,1,2025-03,17.85,461.45,2025-06,425.33,12.15,2025-06,36.63,1.1,3.91,1,2025-03,0.16,10.95,14.09,"SRD,"
Manaksia Ltd.,MANAKSIA,Trading,429.25,NSE,65.59,-0.02,2,2025-03,25.88,206.48,2025-06,799.31,54.95,2025-06,7.96,12.83,0.73,2,2025-03,0.05,10.36,15.78,"MANAKSIA,"
Shiv Texchem Ltd.,SHIVTEXCHEM,Trading,414.67,BSE,178.95,1.73,1,2025-03,409.25,578.53,2025-03,2201.62,48.11,2025-03,8.62,,1.25,1,2025-03,1.23,18.3,14.46,"SHIVTEXCHEM,"
Balgopal Commercial Ltd.,BALGOPAL,Trading,414.61,BSE,218.10,-4.93,2,2025-03,1.65,412.62,2025-06,0.51,4.08,2025-06,101.59,4.15,,1,2024-03,0,59.86,64.32,"BALGOPAL,"
Chembond Chemicals Ltd.,CHEMBONDCH,Trading,413.8,NSE,153.09,-0.44,2,2025-09,,391.85,,,,2025-03,13.38,,2.24,2,2025-03,0,17.75,24.63,"CHEMBONDCH,"
Sakuma Exports Ltd.,SAKUMA,Trading,412.31,NSE,2.62,-1.87,2,2025-03,103.47,490.02,2025-06,1924.58,10.76,2025-06,38.32,-9.23,0.58,2,2025-03,0.15,2.49,3.48,"SAKUMA,"
Shiv Aum Steels Ltd.,SHIVAUM,Trading,408.01,NSE,300.00,,1,2025-09,74.96,475.3,2025-03,548.2,9.67,2025-03,42.21,,3.53,2,2024-03,0.65,10.36,12.69,"SHIVAUM,"
Aelea Commodities Ltd.,ACLD,Trading,382.32,BSE,188.90,6.90,1,2025-09,1.33,380.1,2025-03,171.25,1.22,2025-03,314.51,,5.1,2,2025-03,0.12,1.62,5.6,"ACLD,"
Riddhi Siddhi Gluco Biols Ltd.,RIDDHI,Trading,377.34,BSE,533.00,0.60,2,2025-03,99.11,476.23,2025-06,275.86,46.42,2025-06,0,0,0.24,2,2025-03,0.06,4.09,4.99,"RIDDHI,"
HP Telecom India Ltd.,HPTL,Trading,357.14,NSE,299.75,-4.99,1,2025-03,132.89,455.66,2025-03,1596.16,12.58,2025-03,28.39,,4.73,1,2025-03,1.76,24.05,16.39,"HPTL,"
Chandrima Mercantiles Ltd.,CHANDRIMA,Trading,347.16,BSE,10.42,1.96,1,2025-03,2.81,349.96,2025-06,27.36,0.5,2025-06,691.56,2.52,3.07,1,2025-03,0.03,0.98,0.9,"CHANDRIMA,"
Prizor Viztech Ltd.,PRIZOR,Trading,345.33,NSE,323.00,-0.26,1,2025-03,7.52,352.62,2025-03,71.09,10.15,2025-03,34.01,,8.06,2,2025-03,0.18,41.01,45.6,"PRIZOR,"
Saraswati Saree Depot Ltd.,SSDL,Trading,330.98,NSE,83.65,-1.02,1,2025-03,4.27,288.73,2025-06,628.01,30.83,2025-06,10.74,,1.91,2,2024-03,0.67,58.88,45.31,"SSDL,"
Evexia Lifecare Ltd.,EVEXIA,Trading,330.41,BSE,1.76,-1.12,2,2025-03,385.78,710.92,2025-06,95.37,1.78,2025-06,185,-6.38,0.77,2,2024-03,5.63,1.34,0.3,"EVEXIA,"
Aerpace Industries Ltd.,AERPACE,Trading,310.49,BSE,20.18,5.77,2,2025-03,0,310.35,2025-06,0,-8.22,2025-06,0,,6.62,2,2025-03,0,-24.09,-23.14,"AERPACE,"
Positron Energy Ltd.,POSITRON,Trading,289.08,NSE,380.35,5.95,1,2025-03,7.28,230.71,2025-03,336.82,17.78,2025-03,16.26,,3.68,2,2024-03,0.69,85.48,65.17,"POSITRON,"
Khemani Distributors & Marketing Ltd.,KDML,Trading,288.67,BSE,125.65,,1,2025-03,5.47,292.79,2025-03,87.56,13.69,2025-03,21.08,0.73,3.13,1,2025-03,0.06,15.92,20.45,"KDML,"
Northern Spirits Ltd.,NSL,Trading,286.35,BSE,178.40,3.84,1,2025-09,203.07,450.99,2025-09,2091.45,26.27,2025-09,10.9,0.24,2.09,1,2025-03,1.4,20.64,17.69,"NSL,"
Omansh Enterprises Ltd.,OMANSH,Trading,285.27,BSE,162.75,1.97,1,2025-09,1.78,286.46,2025-09,0,-0.19,2025-09,0,,135.68,1,2024-03,1.18,0,-12.1,"OMANSH,"
Esconet Technologies Ltd.,ESCONET,Trading,279.76,NSE,212.00,2.96,1,2025-03,0.53,244.4,2025-03,225.1,6.89,2025-03,40.6,,3.93,2,2025-03,0.01,15.21,20.28,"ESCONET,"
Emergent Industrial Solutions Ltd.,EMERGENT,Trading,276.2,BSE,604.50,-5.00,2,2025-03,0,261.15,2025-06,260.93,-0.99,2025-06,0,0,9.79,2,2025-03,0,14.59,36.99,"EMERGENT,"
Dhariwalcorp Ltd.,DHARIWAL,Trading,268.68,NSE,300.15,17.96,1,2025-03,11.42,280.02,2025-03,233.51,3.56,2025-03,75.58,,7.76,1,2025-03,0.33,16.39,18.55,"DHARIWAL,"
Abate AS Industries Ltd.,ABATEAS,Trading,266.04,BSE,17.40,1.52,2,2025-03,10.49,274.92,2025-03,14.09,1.11,2025-03,373.43,,1.09,2,2025-03,0.06,0.68,0.67,"ABATEAS,"
Chemkart India Ltd.,CHEMKART,Trading,262.55,BSE,217.00,0.23,1,2025-03,17.03,276.75,,,,2024-03,18.84,,,2,2025-03,0.32,58.95,61.52,"CHEMKART,"
Manbro Industries Ltd.,MANBRO,Trading,259.83,BSE,447.90,-0.02,1,2025-03,0.26,260,2025-06,0.73,1.51,2025-06,172.41,1.65,7.22,1,2025-03,0.01,3.44,2.85,"MANBRO,"
Halder Venture Ltd.,HALDER,Trading,258.4,BSE,207.75,-1.07,2,2025-03,297.79,545.66,2025-06,781.36,19.55,2025-06,13.16,0.37,1.57,2,2025-03,1.94,14.67,16.13,"HALDER,"
Dynamic Services & Security Ltd.,DYNAMIC,Trading,256.47,NSE,109.05,2.39,1,2025-03,118.92,364.46,2025-03,153.02,12.3,2025-03,20.84,,1.89,2,2025-03,0.64,16.18,19.32,"DYNAMIC,"
Kamdhenu Ventures Ltd.,KAMOPAINTS,Trading,250.86,NSE,7.98,-0.75,2,2025-03,22.84,267.79,2025-06,261.89,5.94,2025-06,42.22,,1.5,2,2025-03,0.14,4.1,6.66,"KAMOPAINTS,"
Sicagen India Ltd.,SICAGEN,Trading,243.29,BSE,62.12,-1.41,2,2025-09,146.77,325.09,2025-09,893.21,16.85,2025-09,14.44,0.13,0.47,2,2024-03,0.23,2.33,4.41,"SICAGEN,"
Suraj Industries Ltd.,SURJIND,Trading,243.03,BSE,50.30,4.73,2,2025-03,83.8,325.94,2025-06,30.57,-3.52,2025-06,103.37,,1.15,2,2025-03,1.15,6.58,3.95,"SURJIND,"
Agribio Spirits Ltd.,AGRIBIO,Trading,239.4,BSE,219.95,1.59,2,2025-03,1.87,240.8,2025-06,24.99,1.47,2025-06,65.14,,3.6,2,2024-03,0.05,9.68,10.67,"AGRIBIO,"
Omnitex Industries (India) Ltd.,OMNITEX,Trading,237.85,BSE,565.75,-1.99,1,2025-03,0,137.29,2025-06,2.39,0.33,2025-06,712.12,8.46,1.34,1,2025-03,0,0.82,1.38,"OMNITEX,"
Quest Flow Controls Ltd.,QUESTFLOW,Trading,234.13,BSE,228.25,-0.76,1,2025-03,19.58,249.12,2025-03,61.1,6.28,2025-03,37.31,,3.32,2,2025-03,0.29,10.31,11.35,"QUESTFLOW,"
Rotographics (India) Ltd.,RGIL,Trading,233.96,BSE,177.90,1.98,1,2025-03,0.04,232.94,2025-06,11.23,0.32,2025-06,722.1,11.5,16.28,1,2025-03,0.01,3.15,4.44,"RGIL,"
Visaman Global Sales Ltd.,VISAMAN,Trading,231.1,NSE,119.30,1.88,1,2025-03,64.95,283.25,2025-03,265.63,2.14,2025-03,107.99,,3.8,1,2024-03,4.57,12.17,12.35,"VISAMAN,"
Shradha AI Technologies Ltd.,SHRAAITECH,Trading,224.91,BSE,36.86,-1.26,2,2025-03,0,213.48,2025-03,14.79,9.53,2025-03,23.4,,2.49,2,2025-03,0,13.33,17.62,"SHRAAITECH,"
Excel Realty N Infra Ltd.,EXCEL,Trading,224.3,NSE,1.58,3.95,2,2025-03,0.94,223.73,2025-06,18.92,0.16,2025-06,0,0,1.3,2,2025-03,0.01,0.4,0.42,"EXCEL,"
Alstone Textiles (India) Ltd.,ALSTONE,Trading,219.62,BSE,0.35,-2.78,1,2025-03,1422,1641.61,2025-06,0,2.31,2025-06,95.11,1.2,0.33,1,2025-03,2.17,0.77,0.23,"ALSTONE,"
ABans Enterprises Ltd.,ABANSENT,Trading,219.36,BSE,31.95,-0.59,2,2025-09,201.31,399.55,2025-09,6606.05,18.79,2025-09,11.67,-1.58,1.01,2,2025-03,1.22,9.62,12.44,"ABANSENT,"
Anik Industries Ltd.,ANIKINDS,Trading,208.84,NSE,74.91,0.75,2,2025-03,3.84,210.91,2025-06,153.53,2.24,2025-06,92.99,5.89,0.54,2,2025-03,0.01,0.79,1.09,"ANIKINDS,"
Jullundur Motor Agency (Delhi) Ltd.,JMA,Trading,203.63,NSE,89.15,1.34,2,2025-03,0,191.67,2025-06,565.83,26.7,2025-06,7.77,0.6,0.8,2,2025-03,0,11.01,14.96,"JMA,"
Aarnav Fashions Ltd.,AARNAV,Trading,202.32,BSE,47.86,14.69,1,2025-03,98.86,297.14,2025-06,387.88,9.34,2025-06,21.65,0.68,1.07,1,2024-03,0.61,3.2,6.71,"AARNAV,"
Stratmont Industries Ltd.,STRATMONT,Trading,199.74,BSE,70.98,3.51,1,2025-03,15.96,215.51,2025-06,125.76,1.36,2025-06,146.87,1.44,6.57,1,2025-03,0.54,6.2,6.1,"STRATMONT,"
Equippp Social Impact Technologies Ltd.,EQUIPPP,Trading,197.43,NSE,18.80,0.86,2,2025-03,8.85,201.32,2025-06,16.2,1,2025-06,198.02,,26.02,2,2024-03,0.29,-4.09,-1.91,"EQUIPPP,"
SK Minerals & Additives Ltd.,SKM,Trading,196.39,BSE,160.00,2.37,1,2025-09,80.6,276.91,,,,2025-03,17.95,,3.03,1,2025-03,1.89,60.13,32.3,"SKM,"
Parshva Enterprises Ltd.,PARSHVA,Trading,190.55,BSE,187.00,3.37,2,2025-09,0.78,191.21,2025-09,25.46,0.24,2025-09,797.27,,13.79,2,2025-03,0.05,1.38,2.63,"PARSHVA,"
QMS Medical Allied Services Ltd.,QMSMEDI,Trading,187.57,NSE,97.00,1.04,1,2025-03,78.45,265.63,2025-06,156.82,10.72,2025-06,17.5,,1.82,1,2024-03,0.44,12.09,14.7,"QMSMEDI,"
Vega Jewellers Ltd.,VEGA,Trading,187.04,BSE,193.30,,2,2025-09,189.36,369.05,2021-03,5.94,-0.8,2021-03,0,0,,1,2025-03,0,7.53,2.59,"VEGA,"
Eyantra ventures Ltd.,EY,Trading,184.23,BSE,918.00,2.00,2,2025-03,0.13,172.19,2025-06,46.32,-3.1,2025-06,0,,7.51,2,2024-03,0,8.67,12.25,"EY,"
Thacker & Company Ltd.,THACKER,Trading,182.97,BSE,1702.00,3.14,2,2025-03,0.26,182.41,2025-06,6.44,3.65,2025-06,8.28,0.36,1.19,2,2025-03,0,2.56,3.12,"THACKER,"
WH Brady & Company Ltd.,WHBRADY,Trading,181.83,BSE,713.05,-0.97,2,2025-03,10.66,160.61,2025-06,104.48,26.12,2025-06,9.18,5.27,2.14,2,2025-03,0.13,37.99,43.84,"WHBRADY,"
Kck Industries Ltd.,KCK,Trading,179.67,NSE,28.25,-4.24,1,2025-03,3.26,177.57,2025-03,35.21,0.73,2025-03,246.47,,7.23,1,2024-03,1.15,10.26,9.97,"KCK,"
Lahoti Overseas Ltd.,LAHOTIOV,Trading,169.87,BSE,59.20,-0.13,2,2025-03,6.05,156.49,2025-06,487.82,10.18,2025-06,16.69,0.86,0.84,2,2025-03,0.03,6.73,10.89,"LAHOTIOV,"
Signet Industries Ltd.,SIGIND,Trading,165.82,NSE,55.15,-1.50,1,2025-03,387.79,534.43,2025-06,1185.97,15.84,2025-06,10.47,1.8,0.71,1,2025-03,1.66,6.89,13.73,"SIGIND,"
Slone Infosystems Ltd.,SLONE,Trading,165.76,NSE,314.60,-0.13,1,2025-03,3.91,164.96,2025-03,210.64,7.41,2025-03,22.38,,5.38,1,2025-03,0.13,33.68,37.96,"SLONE,"
Sumuka Agro Industries Ltd.,SUMUKA,Trading,162.58,BSE,228.65,0.95,1,2025-03,4.53,166.91,2025-06,69.11,2.85,2025-06,57.1,0.27,9.57,1,2024-03,0.04,37.7,45.7,"SUMUKA,"
SMT Engineering Ltd.,SMTEL,Trading,162.34,BSE,98.27,1.99,2,2025-03,50.9,188.04,2025-06,47.69,5.08,2025-06,31.63,0.47,2.49,2,2025-03,0.81,6.66,4.55,"SMTEL,"
Dhoot Industrial Finance Ltd.,DHOOTIN,Trading,160.92,BSE,254.70,0.57,1,2025-03,57.37,217.59,2025-06,13.54,32.38,2025-06,4.97,0.19,0.35,1,2025-03,0.13,4.31,4.31,"DHOOTIN,"
AG Ventures Ltd.,AGVENTURES,Trading,160.39,BSE,161.00,0.72,1,2025-03,1.03,149.77,2025-06,22.13,3.92,2025-06,40.95,-1.26,0.63,2,2025-03,0,1.24,2.58,"AGVENTURES,"
Divine Hira Jewellers Ltd.,DIVINEHIRA,Trading,159.17,NSE,122.00,0.62,1,2025-03,19.27,148.95,2025-03,358.8,5.56,2025-03,28.65,,3.67,1,2025-03,0.44,20.88,19.69,"DIVINEHIRA,"
Maximus International Ltd.,MAXIMUS,Trading,153.04,BSE,11.25,1.17,2,2025-09,27.97,176.61,2025-09,167.15,9.95,2025-06,16.51,0.56,2.06,2,2025-03,0.32,16.14,17.64,"MAXIMUS,"
Metroglobal Ltd.,METROGLOBL,Trading,150.73,BSE,122.20,0.00,2,2025-03,3.57,142.47,2025-06,234.12,6.25,2025-06,23.96,1,0.4,2,2025-03,0.01,2.53,3.11,"METROGLOBL,"
Uma Exports Ltd.,UMAEXPORTS,Trading,148.12,NSE,43.73,-1.26,2,2025-03,211.98,298.51,2025-06,1629.73,-2.54,2025-06,0,,0.76,2,2025-03,1.09,1.82,4.37,"UMAEXPORTS,"
Siddhika Coatings Ltd.,SIDDHIKA,Trading,142.73,NSE,231.00,5.00,1,2025-09,,135.19,2025-03,48.02,8.03,2025-03,17.77,0.77,3.94,2,2025-03,0,24.47,32.36,"SIDDHIKA,"
Kemp & Company Ltd.,KEMP,Trading,140.43,BSE,1300.00,3.96,1,2025-09,,140.31,2025-09,2.93,-1.11,2025-09,0,,0.84,1,2025-03,0,-0.64,-0.73,"KEMP,"
Ausom Enterprise Ltd.,AUSOMENT,Trading,138.89,NSE,102.91,1.35,2,2025-03,0.07,126.83,2025-06,1998.06,16.97,2025-06,4.97,2.23,0.9,2,2025-03,0,14.6,16.32,"AUSOMENT,"
Remedium Lifecare Ltd.,REMLIFE,Trading,135.83,BSE,1.56,0.00,2,2025-03,1141.39,1275.79,2025-03,405.25,2.13,2025-03,63.79,,1.41,2,2025-03,26.01,4.85,1.01,"REMLIFE,"
Manoj Ceramic Ltd.,MCPL,Trading,130.89,BSE,105.50,3.74,1,2025-03,58.18,178.16,2025-03,164.33,10.79,2025-03,12.13,,1.1,2,2025-03,0.55,16.63,17.82,"MCPL,"
Sizemasters Technology Ltd.,SIZEMASTER,Trading,130.05,BSE,133.00,-2.49,2,2025-03,12.99,131.88,2025-06,20.13,2.76,2025-06,46.08,,8.6,2,2025-03,0.92,17.97,13.15,"SIZEMASTER,"
Royal Sense Ltd.,ROYAL,Trading,128.4,BSE,240.00,,1,2025-03,3.26,120.41,2025-03,27.64,3.05,2025-03,42.17,,4.56,2,2025-03,0.13,28.91,35.21,"ROYAL,"
Achyut Healthcare Ltd.,ACHYUT,Trading,128.38,BSE,5.60,1.45,1,2025-09,,127.59,2025-03,3.05,0.55,2025-03,234.27,,4.1,1,2025-03,0,1.77,2.27,"ACHYUT,"
Newjaisa Technologies Ltd.,NEWJAISA,Trading,123.78,NSE,34.70,-4.14,1,2025-03,13.98,118.95,2025-03,65.66,-1.13,2025-03,0,,1.58,1,2025-03,0.18,-1.7,-0.44,"NEWJAISA,"
Aakaar Medical Technologies Ltd.,AAKAAR,Trading,119.05,NSE,84.00,0.18,1,2025-03,22.74,136.24,,,,2025-03,19.71,,2.37,1,2025-03,0.98,33.81,26.62,"AAKAAR,"
Fervent Synergies Ltd.,FERVENTSYN,Trading,116.25,BSE,23.25,9.98,1,2025-09,,116.24,2025-09,33.09,3.66,2025-09,31.78,0.48,2.15,1,2025-03,0,7.63,7.46,"FERVENTSYN,"
Standard Industries Ltd.,SIL,Trading,114.18,NSE,17.60,-3.24,2,2025-09,,110.13,2025-09,33.44,-17.74,2025-09,0,0,0.87,2,2025-03,0.1,-10.56,-7.92,"SIL,"
Swadeshi Industries & Leasing Ltd.,SWADEIN,Trading,112.45,BSE,103.95,1.99,1,2025-03,0.01,112.45,2025-06,22.89,1.32,2025-06,85.06,1.7,12.08,1,2024-03,0,-0.77,-0.77,"SWADEIN,"
Rishiroop Ltd.,RISHIROOP,Trading,112.21,BSE,124.50,2.98,1,2025-09,,110.63,2025-09,71.1,4,2025-09,28.06,0.67,0.8,1,2025-03,0,8.37,11.41,"RISHIROOP,"
MRP Agro Ltd.,MRP,Trading,109.52,BSE,98.59,1.61,1,2025-09,,107.15,2025-09,102.36,7.06,2025-09,15.51,0.15,3.21,1,2025-03,0,30.33,39.23,"MRP,"
Yash Chemex Ltd.,YASHCHEM,Trading,109.4,BSE,107.00,-0.19,2,2025-09,13.77,120.73,2025-09,126.02,2.27,2025-09,61.98,-21.23,2.77,2,2025-03,0.32,7.75,11.43,"YASHCHEM,"
Rajnish Retail Ltd.,RRETAIL,Trading,106.28,BSE,6.78,-0.15,1,2025-09,,103.65,2025-09,102.76,0.32,2025-09,328.01,5.9,1.47,1,2025-03,0,1.69,2.07,"RRETAIL,"
Rama Vision Ltd.,RAMAVISION,Trading,106.14,BSE,101.80,-4.99,1,2025-03,18.91,125.01,2025-06,121.04,2.68,2025-06,39.57,0.28,3.37,1,2025-03,0.62,9.76,12.71,"RAMAVISION,"
Kabra Jewels Ltd.,KKJEWELS,Trading,105.95,NSE,101.05,-4.04,1,2025-03,95.34,187.88,2025-03,210.88,11.41,2025-03,9.28,,1.32,1,2025-03,1.19,20.51,17.19,"KKJEWELS,"
Shine Fashion (India) Ltd.,SHINEFASH,Trading,105.39,BSE,42.40,4.69,1,2025-03,5.9,98.29,2025-03,80.46,6.97,2025-03,15.12,,2.83,2,2025-03,0.25,41.75,46.95,"SHINEFASH,"
Ashnisha Industries Ltd.,ASHNI,Trading,104.99,BSE,3.96,20.00,2,2025-03,46.13,150.89,2025-06,4.76,0.24,2025-06,437.46,28.59,0.95,2,2025-03,0.76,0.28,2.16,"ASHNI,"
Astal Laboratories Ltd.,ASTALLTD,Trading,104.09,BSE,97.00,1.41,1,2025-03,13.27,115.63,2025-06,76.41,9.33,2025-06,11.16,0.05,2.73,1,2025-03,0.41,32.12,34.78,"ASTALLTD,"
Cravatex Ltd.,CRAVATEX,Trading,103.04,BSE,399.95,2.16,2,2025-03,0,27.6,2025-06,171.12,2.98,2025-06,34.62,1.4,0.98,2,2025-03,0,4.71,6.62,"CRAVATEX,"
Bhilwara Spinners Ltd.,BHILSPIN,Trading,102.94,BSE,113.70,-0.26,1,2025-03,74.07,176.78,2025-06,15.55,-2.07,2025-06,0,0,2.38,1,2025-03,1.63,3.89,3.01,"BHILSPIN,"
Goyal Aluminiums Ltd.,GOYALALUM,Trading,100.77,NSE,7.07,-0.56,2,2025-03,0.08,99.76,2025-06,75.16,1.17,2025-06,46.46,,4.49,2,2025-03,0,7.04,10.7,"GOYALALUM,"
Aptus Pharma Ltd.,APPL,Trading,99.81,BSE,145.50,4.98,1,2025-03,10.36,104.96,,,,2025-03,32.2,,4.99,1,2025-03,1.49,70.99,38.22,"APPL,"
Safa Systems & Technologies Ltd.,SSTL,Trading,99.41,BSE,39.80,,1,2025-03,39.37,136.3,2025-03,519.03,1.68,2025-03,59.38,,2.79,2,2025-03,1.04,4.71,8.63,"SSTL,"
Cosco (India) Ltd.,COSCO,Trading,99.34,BSE,243.00,-0.63,1,2025-03,61.02,160.13,2025-06,175.1,-0.2,2025-06,0,0,1.95,1,2024-03,1.13,6.66,9.68,"COSCO,"
Cerebra Integrated Technologies Ltd.,CEREBRAINT,Trading,99,NSE,8.79,4.77,2,2025-03,40.2,138.72,2025-06,27.23,-50.74,2025-06,0,,0.66,2,2025-03,0.24,-25.08,-22.03,"CEREBRAINT,"
Silkflex Polymers (India) Ltd.,SILKFLEX,Trading,98.08,NSE,84.50,,1,2025-03,36.27,134.26,2025-03,80.16,7,2025-03,14.01,,2.75,1,2025-03,1.02,29.24,24.08,"SILKFLEX,"
MRC Agrotech Ltd.,MRCAGRO,Trading,95.53,BSE,46.63,4.11,1,2025-03,0.94,95.72,2025-06,34.43,0.9,2025-06,106.38,1.63,3.11,1,2024-03,0.12,6.75,8.29,"MRCAGRO,"
Anmol India Ltd.,ANMOL,Trading,93.17,NSE,16.32,3.75,1,2025-03,219.61,175.18,2025-06,1330.69,8.71,2025-06,10.7,1.17,0.82,1,2025-03,2.04,6.73,9.83,"ANMOL,"
Vijaypd Ceutical Ltd.,VIJAYPD,Trading,90.91,NSE,46.55,5.56,1,2025-03,21.77,109.58,,,,2025-03,18.96,,1.77,1,2025-03,0.68,14.91,16.08,"VIJAYPD,"
Le Lavoir Ltd.,LELAVOIR,Trading,90.7,BSE,279.95,0.63,1,2025-03,0.36,88.69,2025-06,2.68,1.33,2025-06,68.04,1.2,11.56,1,2025-03,0.05,19.9,25.78,"LELAVOIR,"
Gautam Exim Ltd.,GEL,Trading,88.62,BSE,287.65,-0.10,1,2025-03,0.36,88.94,2025-03,35.92,0.13,2025-03,665.35,-24.06,6.66,1,2025-03,0.03,1.01,3.1,"GEL,"
Aeonx Digital Technology Ltd.,AEONXDIGI,Trading,88.49,BSE,192.35,2.15,2,2025-03,0,80.52,2025-06,44.58,3.93,2025-06,22.49,1.08,1.71,2,2025-03,0,8.16,11.85,"AEONXDIGI,"
Novelix Pharmaceuticals Ltd.,NOVELIX,Trading,85.55,BSE,53.00,0.86,1,2025-03,0,84.87,2025-06,52.47,0.57,2025-06,150.35,-52.39,2.85,1,2025-03,0,0.68,1,"NOVELIX,"
Filtra Consultants and Engineers Ltd.,FILTRA,Trading,84.42,BSE,77.00,,1,2025-03,0,82.24,2025-03,86.93,2.91,2025-03,28.97,2.47,3.49,1,2025-03,0,12.17,17.57,"FILTRA,"
Healthy Life Agritec Ltd.,HEALTHYLIFE,Trading,84.26,BSE,17.24,1.00,2,2025-03,7.56,91.55,2025-03,171.87,3.26,2025-03,25.88,,1.4,2,2025-03,0.22,10.63,13.35,"HEALTHYLIFE,"
Ganesha Ecoverse Ltd.,GANVERSE,Trading,83.97,BSE,34.14,0.41,1,2025-03,19.89,103.62,2025-03,7.18,-1.46,2025-03,0,,1.55,2,2025-03,0.49,-36.31,-24.14,"GANVERSE,"
Roni Households Ltd.,RONI,Trading,78.61,BSE,68.40,,1,2025-03,4.76,82.21,2025-03,7.78,0.69,2025-03,114.43,,4.83,2,2025-03,0.29,4.03,4.92,"RONI,"
Amrapali Industries Ltd.,AMRAPLIN,Trading,77.89,BSE,15.15,-1.94,2,2025-03,38.48,114.89,2025-06,27458.92,1.74,2025-06,44.87,,2.33,2,2025-03,1.17,5.1,7.09,"AMRAPLIN,"
IFL Enterprises Ltd.,IFL,Trading,77.19,BSE,0.63,-1.56,2,2025-03,3.47,80.13,2025-06,138.72,8.19,2025-06,9.42,,0.58,2,2025-03,0.04,5.55,7.28,"IFL,"
Binny Mills Ltd.,BINNYMILLS,Trading,74.63,BSE,288.90,4.71,1,2025-06,145.71,218.06,2025-06,6.07,-13.01,2025-06,0,0,-0.32,1,2025-03,-0.64,0,0,"BINNYMILLS,"
Dhanalaxmi Roto Spinners Ltd.,DHANROTO,Trading,72.87,BSE,93.43,0.43,1,2025-03,6.6,59.63,2025-06,235.45,9.97,2025-06,7.31,0.2,1.25,1,2025-03,0.12,16.45,22.43,"DHANROTO,"
Welcure Drugs & Pharmaceuticals Ltd.,WELCURE,Trading,67.98,BSE,0.55,3.77,1,2025-03,123.2,191.05,2025-06,354.51,28.09,2025-06,2.42,0.01,0.5,1,2025-03,1.2,4.18,2.53,"WELCURE,"
Mishka Exim Ltd.,MISHKA,Trading,67.71,BSE,46.20,4.19,2,2025-03,0.27,67.93,2025-03,4.67,0.33,2025-03,202.73,10.28,3.05,2,2024-03,0,1.19,1.98,"MISHKA,"
Synoptics Technologies Ltd.,SYNOPTICS,Trading,67.03,NSE,79.05,-4.99,1,2025-03,33.58,97.61,2025-03,43.22,4.04,2025-03,16.6,,0.96,2,2025-03,0.48,5.96,8.76,"SYNOPTICS,"
Mittal Life Style Ltd.,MITTAL,Trading,66.14,NSE,1.49,0.00,1,2025-09,0.14,65.78,2025-09,83.85,1.62,2025-09,40.73,-46.28,1.13,1,2025-03,0.07,5.09,6.21,"MITTAL,"
Hira Automobiles Ltd.,HIRAUTO,Trading,62.93,BSE,228.55,0.00,1,2025-03,85.77,143.72,2025-06,177.38,0.72,2025-06,86.92,2.55,4.34,1,2025-03,5.93,5.55,8.91,"HIRAUTO,"
IMEC Services Ltd.,IMEC,Trading,59.81,BSE,314.80,4.99,1,2025-03,,55.91,2025-06,27.57,25.32,2025-06,2.36,0.16,2.26,2,2024-03,0,0,0,"IMEC,"
Franklin Industries Ltd.,FRANKLININD,Trading,59.38,BSE,0.77,-2.53,1,2025-03,0.25,59.56,2025-06,160.38,5.91,2025-06,10.05,0.05,0.52,1,2025-03,0,28.23,28.1,"FRANKLININD,"
Nanavati Ventures Ltd.,NVENTURES,Trading,56.13,BSE,120.20,,1,2025-03,0,56.09,2025-03,8.68,0.23,2025-03,241.75,,2.5,1,2025-03,0,1.04,1.42,"NVENTURES,"
Prospect Consumer Products Ltd.,PCL,Trading,50.71,BSE,82.65,-5.00,1,2025-03,5.21,54.26,2025-03,30.99,2.14,2025-03,23.66,,1.82,1,2025-03,0.23,12.16,14.67,"PCL,"
Contil India Ltd.,CONTILI,Trading,50.27,BSE,32.49,-9.98,1,2025-03,0,50.14,2025-06,30.54,2.63,2025-06,19.11,0.3,4.19,1,2025-03,0,24.28,31.73,"CONTILI,"
Dipna Pharmachem Ltd.,DPL,Trading,47.85,BSE,19.92,3.97,1,2025-03,17.22,64.65,2025-03,124.92,0.97,2025-03,49.12,,1.24,1,2025-03,0.45,2.56,6.95,"DPL,"
Marc Loire Fashions Ltd.,MARCLOIRE,Trading,47.22,BSE,66.50,3.49,1,2025-03,0.03,46.07,,,,2025-03,10.03,,1.49,1,2025-03,0,56.04,72.82,"MARCLOIRE,"
ABM International Ltd.,ABMINTLLTD,Trading,45.58,NSE,48.45,-5.00,2,2025-03,14.65,52.59,2025-06,65.36,-4.39,2025-06,0,0,3.39,2,2024-03,0.68,-20.75,-18.73,"ABMINTLLTD,"
Arman Holdings Ltd.,ARMAN,Trading,45.28,BSE,86.90,-3.07,1,2025-09,,45.26,2025-09,4.35,0.08,2025-09,532.7,,7.22,1,2025-03,0,-0.25,-0.24,"ARMAN,"
Sai Swami Metals & Alloys Ltd.,SAI,Trading,44.97,BSE,35.90,4.82,1,2025-03,4.62,49.5,2025-03,37.69,2.2,2025-03,20.4,,1.58,1,2024-03,0.7,41.4,22.44,"SAI,"
Danube Industries Ltd.,DANUBE,Trading,44.59,BSE,4.88,3.61,1,2025-03,13.33,57.88,2025-06,115.7,1.29,2025-06,34.51,0.29,1.29,1,2025-03,0.39,4.81,8.14,"DANUBE,"
Amit Securities Ltd.,AMITSEC,Trading,43.99,BSE,61.96,-1.99,2,2025-03,0,43.96,2025-06,2.2,0.15,2025-06,51.63,1.49,2.8,2,2025-03,0,1.2,1.6,"AMITSEC,"
Pearl Green Clubs And Resorts Ltd.,PGCRL,Trading,43.73,BSE,163.35,-0.31,1,2025-03,0,43.23,2025-03,8.42,-0.18,2025-03,0,,1.79,1,2025-03,0,-0.82,-0.68,"PGCRL,"
Fortune International Ltd.,FORINTL,Trading,43.08,BSE,61.20,-0.49,2,2025-03,0.43,42.17,2025-06,0,-0.28,2025-06,9.56,0.18,0.99,2,2024-03,0.01,-0.96,-0.43,"FORINTL,"
Jaihind Synthetics Ltd.,JAIHINDS,Trading,42.44,BSE,50.00,,1,2025-03,1,43.43,2025-06,0.14,0.03,2025-06,0,0,2.81,1,2025-03,0.07,0.11,0.13,"JAIHINDS,"
Ashoka Metcast Ltd.,ASHOKAMET,Trading,41.59,NSE,16.71,0.42,2,2025-03,15.63,56.43,2025-06,33.16,6.94,2025-06,5.99,0.03,0.37,2,2025-03,0.14,5.13,6.23,"ASHOKAMET,"
Khyati Global Ventures Ltd.,KGVL,Trading,41.17,BSE,59.00,-1.67,1,2025-03,16.07,55.67,2025-03,119.66,4.74,2025-03,8.7,,1.35,1,2025-03,0.53,22.29,20.14,"KGVL,"
Lamosaic India Ltd.,LAMOSAIC,Trading,40.89,NSE,39.55,0.76,1,2024-03,17.25,56.67,,,,-0,,,,1,2024-03,1.13,53.94,42.25,"LAMOSAIC,"
Checkpoint Trends Ltd.,CHECKPOINT,Trading,40.37,BSE,73.83,1.99,1,2025-03,0,40.35,2025-06,12.11,0.09,2025-06,453.62,22.56,62.28,1,2025-03,0,4.66,9.64,"CHECKPOINT,"
AKG Exim Ltd.,AKG,Trading,39.78,NSE,12.52,0.00,2,2025-09,10.99,50.09,2025-09,110.96,0.62,2025-09,64.69,-14.09,0.75,2,2024-03,0.27,2.97,5.31,"AKG,"
Agarwal Float Glass India Ltd.,AGARWALFT,Trading,39.19,NSE,54.10,1.98,1,2025-03,17.49,56.05,2025-03,72.05,3.07,2025-03,12.76,,2.12,1,2025-03,0.94,18.09,17.59,"AGARWALFT,"
Phoenix Overseas Ltd.,PHOGLOBAL,Trading,38.69,NSE,20.00,-1.72,1,2025-03,41.79,67.37,2025-03,487.95,5.49,2025-03,7.05,,0.5,2,2025-03,0.53,8.5,11.36,"PHOGLOBAL,"
Nagarjuna Agri Tech Ltd.,NAGTECH,Trading,38.04,BSE,40.60,,1,2025-09,10.01,47.93,2025-09,20.28,0.7,2025-09,54.26,4.32,4.99,1,2024-03,0,75.07,87.6,"NAGTECH,"
Rose Merc. Ltd.,ROSEMER,Trading,37.57,BSE,64.50,4.25,2,2025-03,1.95,30.92,2025-06,100.67,22.77,2025-06,22.32,,0.92,2,2025-03,0.06,62.08,53.41,"ROSEMER,"
Piotex Industries Ltd.,PIOTEX,Trading,37.21,BSE,73.00,6.79,1,2025-03,2.2,39.21,2025-03,134.36,3.36,2025-03,11.07,,1.48,1,2025-03,0.09,19.68,24.35,"PIOTEX,"
Ind-Agiv Commerce Ltd.,INDAGIV,Trading,36.82,BSE,72.00,,2,2025-03,7.58,43.73,2025-06,4.21,-1.78,2025-06,0,,32.87,2,2025-03,-1.12,0,-17.65,"INDAGIV,"
Sarthak Industries Ltd.,SARTHAKIND,Trading,36.75,BSE,34.46,1.17,1,2025-03,5.42,35.05,2025-06,255.64,3.74,2025-06,9.83,-2.55,0.85,1,2025-03,0.13,6.86,11.06,"SARTHAKIND,"
AG Universal Ltd.,AGUL,Trading,36.47,NSE,66.50,-5.00,1,2025-03,20.57,56.96,2025-03,61.23,1.36,2025-03,26.87,,1.94,1,2025-03,1.1,7.5,9.77,"AGUL,"
Mono Pharmacare Ltd.,MONOPHARMA,Trading,36.22,NSE,20.50,,1,2025-03,53.56,89.08,2025-03,82.64,3.09,2025-03,11.72,,1.16,2,2025-03,1.72,10.47,11,"MONOPHARMA,"
Medico Intercontinental Ltd.,MIL,Trading,35.82,BSE,35.80,-1.24,2,2025-03,16.92,50.05,2025-06,99.14,1.46,2025-06,10.87,0.66,0.78,2,2024-03,0.11,9.16,12.39,"MIL,"
Bijoy Hans Ltd.,BIJHANS,Trading,35.79,BSE,47.72,,1,2025-09,,34.44,2025-09,0.13,-0.23,2025-09,0,,4.17,1,2025-03,0,3.93,5.74,"BIJHANS,"
AA Plus Tradelink Ltd.,AAPLUSTRAD,Trading,35.76,BSE,1.47,8.09,1,2025-03,0.04,34.68,2025-03,20.03,0.95,2025-03,37.7,,0.82,1,2025-03,0,3.33,4.47,"AAPLUSTRAD,"
Johnson Pharmacare Ltd.,JOHNPHARMA,Trading,35.2,BSE,0.64,1.59,1,2025-03,0.61,35.79,2025-06,0,-0.6,2025-06,0,,0.63,1,2025-03,0.01,-1.03,-1.01,"JOHNPHARMA,"
Prabhhans Industries Ltd.,PRABHHANS,Trading,34.97,BSE,55.96,0.11,1,2025-03,6.76,41.06,2025-06,91.63,2.18,2025-06,16.01,0.24,3.47,1,2025-03,0.7,26.64,26.9,"PRABHHANS,"
Ushdev International Ltd.,USHDI,Trading,34.86,BSE,1.03,,2,2025-03,2503.75,2497.55,2025-06,13.32,-17.51,2024-03,0,,-0.01,2,2025-03,-0.78,0,0,"USHDI,"
RSC International Ltd.,RSCINT,Trading,34.5,BSE,60.00,-0.37,1,2025-03,0.08,34.57,2025-06,1.09,-0.34,2025-06,0,0,174.72,1,2024-03,-4.33,0,-66.83,"RSCINT,"
Chambal Breweries & Distilleries Ltd.,CHMBBRW,Trading,34.34,BSE,45.86,1.96,1,2025-03,0,34.27,2025-06,0,-0.13,2025-06,0,,32.79,1,2025-03,0,-7.16,-7.15,"CHMBBRW,"
City Crops Agro Ltd.,CCAL,Trading,34.27,BSE,21.00,2.44,1,2025-03,0.03,34.23,2025-03,55.92,2.48,2025-03,13.83,,1.08,1,2025-03,0,8.13,8.46,"CCAL,"
QVC Exports Ltd.,QVCEL,Trading,34.18,NSE,32.70,2.67,1,2025-03,84.09,114.47,2025-03,358.78,5.54,2025-03,6.17,,0.68,2,2025-03,1.45,12.02,14.33,"QVCEL,"
Shree Marutinandan Tubes Ltd.,SHREE,Trading,34.18,BSE,98.80,-1.40,1,2025-03,7.53,41.3,2025-03,113.9,2.8,2025-03,12.2,,1.79,1,2024-03,0.31,24.12,23.96,"SHREE,"
Yarn Syndicate Ltd.,YARNSYN,Trading,34.17,BSE,15.75,4.03,2,2025-03,4.21,37.7,2025-06,78.15,2.13,2025-06,0,,1.03,2,2025-03,0.18,4.28,3.16,"YARNSYN,"
Sinnar Bidi Udyog Ltd.,SINNAR,Trading,34.16,BSE,854.00,,2,2025-03,0,31.34,2025-06,4.61,0.09,2025-06,383.82,49.14,7.66,2,2025-03,0,-2.79,-3.15,"SINNAR,"
Cell Point (India) Ltd.,CELLPOINT,Trading,33.63,NSE,18.00,-0.83,1,2025-03,45.25,72.45,2025-03,324.71,2.26,2025-03,14.87,,0.45,1,2025-03,0.61,3.09,6.65,"CELLPOINT,"
Medistep Healthcare Ltd.,MEDISTEP,Trading,33.25,NSE,23.40,4.46,1,2025-03,0.64,32.58,,,,2025-03,8.02,,1.01,1,2025-03,0.04,29.06,37.86,"MEDISTEP,"
Shrenik Ltd.,SHRENIK,Trading,33.05,NSE,0.54,0.00,1,2025-09,123.93,156.88,2025-09,23.73,0.16,2025-06,0,,-0.19,1,2024-03,-0.71,0,-304.55,"SHRENIK,"
SRU Steels Ltd.,SRUSteels,Trading,32.91,BSE,5.60,-0.18,1,2025-03,0.19,30.46,2025-06,48.39,1.35,2025-06,24.43,,0.53,1,2024-03,0,2.4,3.26,"SRUSteels,"
Vaxfab Enterprises Ltd.,VEL,Trading,32.46,BSE,39.39,3.60,1,2025-03,7.74,39.95,2025-06,73.24,0.39,2025-06,83.65,0.7,2.39,1,2024-03,0.01,-24.55,-27.88,"VEL,"
Kabsons Industries Ltd.,KABSON,Trading,32.25,BSE,18.53,2.43,1,2025-03,0,31.11,2025-06,41.34,2.33,2025-06,13.83,1.36,2.18,1,2025-03,0,15.98,16.44,"KABSON,"
Chandra Prabhu International Ltd.,CHANDRAP,Trading,32.12,BSE,11.87,1.71,1,2025-09,63.08,85.5,2025-09,917.66,-0.08,2025-09,0,0,0.7,1,2025-03,1.65,4.91,8.81,"CHANDRAP,"
Eforu Entertainment Ltd.,TAVERNIER,Trading,31.99,BSE,53.50,4.19,1,2025-03,0,27.67,2025-06,0.57,2.88,2025-06,11.12,0.5,3.98,1,2025-03,0,40.68,40.99,"TAVERNIER,"
Lesha Industries Ltd.,LESHAIND,Trading,30.73,BSE,1.08,4.85,1,2025-03,0.37,30.01,2025-06,5.72,0.35,2025-06,88.55,1.4,0.41,1,2025-03,0.01,0.91,0.68,"LESHAIND,"
Sattva Sukun Lifecare Ltd.,SATTVASUKU,Trading,30.69,BSE,0.80,1.27,2,2025-03,0.52,31.17,2025-06,5.78,2.8,2025-06,10.95,,0.7,2,2024-03,0.01,6.87,8.32,"SATTVASUKU,"
Panabyte Technologies Ltd.,PANABYTE,Trading,29.77,BSE,44.50,1.25,1,2025-03,3.39,32.88,2025-06,9.23,-0.06,2025-06,0,0,4.26,1,2024-03,1.17,-16.81,-2.64,"PANABYTE,"
ACE Men Engg Works Ltd.,ACEMEN,Trading,29.75,BSE,96.00,-1.90,1,2025-03,,29.72,2025-06,0,-0.02,2025-06,0,0,7.7,1,2024-03,0,2.32,3.88,"ACEMEN,"
Hemang Resources Ltd.,HEMANG,Trading,29.7,BSE,22.50,-1.01,1,2025-06,1.71,30.35,2025-06,9.73,1.28,2025-06,23.24,1.44,1.12,1,2025-03,0.07,2.1,3.13,"HEMANG,"
Jyotirgamya Enterprises Ltd.,JEL,Trading,29.49,BSE,128.20,,1,2025-03,0,29.46,2025-06,0,0,2025-06,0,0,10.36,1,2025-03,0,-0.41,-0.35,"JEL,"
Pradhin Ltd.,PRADHIN,Trading,29.43,BSE,0.29,0.00,1,2025-03,35.55,64.77,2025-06,349.54,12,2025-06,2.45,0.04,0.24,1,2024-03,0,8.55,10.49,"PRADHIN,"
RR Metalmakers India Ltd.,RRMETAL,Trading,28.68,BSE,31.84,-4.44,1,2025-03,9.26,33.16,2025-06,44.45,2.02,2025-06,14.24,0.75,3.15,1,2025-03,1.1,22.2,24.01,"RRMETAL,"
Laffans Petrochemicals Ltd.,LAFFANSQ,Trading,28.46,BSE,35.10,-1.13,1,2025-03,0.42,28.88,2025-06,7.26,3.06,2025-06,9.31,0.46,0.41,1,2025-03,0.01,3.2,4.2,"LAFFANSQ,"
Asian Tea & Exports Ltd.,ASIANTNE,Trading,28.06,BSE,11.25,-2.17,2,2025-03,17.82,45.6,2025-06,55.19,0.24,2025-06,117.9,-4.06,0.41,2,2025-03,0.26,0.79,3.3,"ASIANTNE,"
Rajkamal Synthetics Ltd.,RAJKSYN,Trading,27.99,BSE,42.39,,1,2025-03,0.06,20.29,2025-06,2.96,0.11,2025-06,247.66,11.16,33.07,1,2025-03,0.07,49.13,6.93,"RAJKSYN,"
Standard Batteries Ltd.,STDBAT,Trading,27.88,BSE,53.93,-1.95,1,2025-03,0,27.6,2025-06,0,-0.53,2025-06,0,0,21.17,1,2025-03,0,78.08,78.12,"STDBAT,"
Ecofinity Atomix Ltd.,ARYAVAN,Trading,27.52,BSE,39.53,1.20,2,2025-03,0.24,27.38,2025-03,35.97,1.53,2025-03,18,0.1,0.9,1,2024-03,0,8.65,8.85,"ARYAVAN,"
Maharashtra Corporation Ltd.,MAHACORP,Trading,27.32,BSE,0.45,2.27,1,2025-03,-0.28,27.02,2025-06,0.9,-0.72,2025-06,0,0,0.45,1,2024-03,0,0.34,0.34,"MAHACORP,"
Sanblue Corporation Ltd.,SANBLUE,Trading,27.2,BSE,54.41,-4.99,1,2025-03,0,24.72,2025-06,2.03,0.31,2025-06,87.75,3.2,0.52,1,2025-03,0,0.6,0.74,"SANBLUE,"
Equilateral Enterprises Ltd.,EQUILATERA,Trading,27.06,BSE,29.00,,1,2025-03,0.53,27.31,2025-06,30.88,0.42,2025-06,64.42,0.56,3.29,1,2024-03,0.04,0.21,0.21,"EQUILATERA,"
Aspire & Innovative Advertising Ltd.,ASPIRE,Trading,26.87,NSE,17.70,-1.39,1,2025-03,9.03,19.28,2025-03,166.95,3.89,2025-03,6.91,,0.55,1,2025-03,0.19,10.58,10.72,"ASPIRE,"
NAPS Global India Ltd.,NAPSGLOBAL,Trading,26.14,BSE,59.00,,1,2025-03,0,23.69,2025-03,71.04,1.96,2025-03,13.33,,1.55,1,2025-03,0,18.96,27.55,"NAPSGLOBAL,"
Add-Shop E-Retail Ltd.,ASRL,Trading,24.6,BSE,8.70,1.99,1,2025-03,37.81,62.03,2025-06,144.18,2.38,2025-06,10.36,0.46,0.22,1,2025-03,0.34,2.98,4.2,"ASRL,"
KCD Industries India Ltd.,KCDGROUP,Trading,24.23,BSE,9.59,1.91,1,2025-03,,24.08,2025-06,-2.33,0.19,2025-06,129.55,,0.6,2,2024-03,0,38.3,15.43,"KCDGROUP,"
NMS Global Ltd.,NMSRESRC,Trading,24.03,BSE,79.94,2.30,2,2024-09,36.48,59.34,2025-06,12.41,0.49,2025-06,48.93,2.93,2.64,2,2024-03,1.82,6.87,7.87,"NMSRESRC,"
Sawaca Enterprises Ltd.,SAWACA,Trading,24.03,BSE,0.42,0.00,1,2025-03,2.68,26.49,2025-06,73.67,-0.58,2025-06,0,,0.41,1,2024-03,0.05,3.55,4.86,"SAWACA,"
Shanthala FMCG Products Ltd.,SHANTHALA,Trading,23.71,NSE,35.40,0.85,1,2025-03,0.11,21.64,2024-03,41.33,0.29,2025-03,24.56,,1.04,2,2025-03,0,4.34,5.97,"SHANTHALA,"
Panth Infinity Ltd.,PANTH,Trading,23.17,BSE,9.30,4.97,1,2025-09,21.35,43.47,2025-09,207.33,12.34,2025-09,1.88,0.02,0.62,1,2023-03,0,-11.01,-11.01,"PANTH,"
Hamps Bio Ltd.,HAMPS,Trading,22.2,BSE,25.48,,1,2025-03,2.97,25.07,2025-03,6.67,0.3,2025-03,74.57,,1.69,1,2025-03,0.34,4.9,6.73,"HAMPS,"
PALM Jewels Ltd.,PALMJEWELS,Trading,21.94,BSE,21.61,-3.48,1,2025-03,3.72,24.89,2025-06,193.44,0.66,2025-06,33.24,0.61,1.39,1,2023-03,0.12,2.09,3.22,"PALMJEWELS,"
Tirupati Innovar Ltd.,TTIL,Trading,21.73,BSE,8.89,0.34,1,2025-03,4.64,26.15,2025-06,10.99,1.57,2025-06,13.86,0.27,0.39,1,2025-03,0.08,1.83,2.34,"TTIL,"
UR Sugar Industries Ltd.,URSUGAR,Trading,21.63,BSE,4.28,-0.47,1,2025-06,,6.38,2025-06,0,0.44,2025-06,49.38,2.85,1.18,1,2025-03,0,2.31,3.07,"URSUGAR,"
OP Chains Ltd.,OPCHAINS,Trading,21.24,BSE,31.01,,1,2025-03,0,21.23,2025-03,8.18,2.71,2024-03,11.43,0.1,0.62,1,2025-03,0,7.62,10.06,"OPCHAINS,"
Sharanam Infraproject and Trading Ltd.,SIPTL,Trading,20.79,BSE,0.35,0.00,1,2025-03,1.18,21.83,2025-03,37.5,5.32,2025-03,4.09,0.04,0.33,1,2024-03,0.06,0.37,0.42,"SIPTL,"
Zenlabs Ethica Ltd.,ZENLABS,Trading,20.73,BSE,31.84,-0.50,1,2025-09,9.72,28.25,2025-09,49.62,0.24,2025-09,84.6,4.5,1.98,1,2024-03,1.28,4.25,7.91,"ZENLABS,"
Shree Metalloys Ltd.,SHREMETAL,Trading,20.5,BSE,39.00,2.58,1,2025-03,2.92,23.34,2025-06,92.28,1.23,2025-06,16.64,0.29,2.01,1,2024-03,0,5.94,8.8,"SHREMETAL,"
Neeraj Paper Marketing Ltd.,NEERAJ,Trading,20.41,BSE,18.55,,1,2025-03,15.22,35.32,2025-06,200.96,0.19,2025-06,105.18,-5.2,0.73,1,2025-03,0.55,0.89,6.19,"NEERAJ,"
Madhusudan Industries Ltd.,MADHUDIN,Trading,20.36,BSE,37.00,0.46,1,2025-09,,8.44,2025-09,1.3,-1.69,2025-09,0,0,0.69,1,2025-03,0,-1.39,-1.87,"MADHUDIN,"
Regent Enterprises Ltd.,REGENTRP,Trading,20.34,BSE,6.08,1.50,1,2025-03,0,19.69,2025-06,841.85,1.67,2025-06,12.15,0.16,0.49,1,2025-03,0,2.62,4.8,"REGENTRP,"
Sunrest Lifescience Ltd.,SUNREST,Trading,19.95,NSE,46.50,,1,2025-03,12.05,30.27,2025-03,33.12,2,2025-03,9.98,,1.23,2,2025-03,0.74,12.33,10.33,"SUNREST,"
Goblin India Ltd.,GOBLIN,Trading,19.5,BSE,14.11,-2.01,1,2025-03,12.96,31.97,2025-03,37.29,1.4,2025-03,13.88,-0.96,0.51,2,2024-03,0.54,6.89,8.18,"GOBLIN,"
Brisk Technovision Ltd.,BRISK,Trading,19.4,BSE,97.00,,1,2025-03,0,13.87,2025-03,29.64,0.97,2025-03,20.05,,2.74,1,2025-03,0,13.96,18.69,"BRISK,"
Avax Apparels And Ornaments Ltd.,AVAX,Trading,19.34,BSE,186.15,0.08,1,2025-03,0.66,19.84,2025-03,34.36,1.63,2025-03,11.85,,2.93,1,2025-03,0.1,33.45,43.8,"AVAX,"
Citichem India Ltd.,CITICHEM,Trading,18.94,BSE,27.86,-0.50,1,2025-03,5.39,19.87,2025-03,54.37,1.23,2025-03,15.42,,0.94,1,2025-03,0.27,8.9,11.55,"CITICHEM,"
Tai Industries Ltd.,TAIIND,Trading,18.86,BSE,31.42,-5.62,1,2025-03,1.28,13.97,2025-06,218.16,0.91,2025-06,20.63,0.62,0.64,1,2025-03,0.04,3.74,5.99,"TAIIND,"
Afloat Enterprises Ltd.,ADISHAKTI,Trading,18.71,BSE,14.90,,1,2025-03,0,18.53,2025-03,6.1,0.27,2025-03,68.29,,1.43,1,2025-03,0,5.23,4.29,"ADISHAKTI,"
Samyak International Ltd.,SAMYAKINT,Trading,18.63,BSE,23.29,-1.23,2,2025-03,2.73,20.07,2025-03,41.41,0.77,2025-03,0,0,0.36,2,2024-03,0.05,5.55,6.1,"SAMYAKINT,"
Sarthak Global Ltd.,SARTHAKGL,Trading,18.51,BSE,61.69,-1.99,1,2025-03,15.25,32.59,2025-06,10.52,0.38,2025-06,48.2,-2.38,9.63,1,2024-03,10.69,1.14,4.98,"SARTHAKGL,"
Callista Industries Ltd.,CHPLIND,Trading,18.5,BSE,60.72,-1.99,1,2025-03,,18.49,2025-06,0,-0.66,2025-06,0,,-22.8,1,2024-03,-5.16,0,-24.79,"CHPLIND,"
Vivaa Tradecom Ltd.,VIVAA,Trading,18.11,BSE,46.00,,1,2025-03,4.13,22.11,2025-03,287.5,0.76,2025-03,23.83,,0.83,1,2025-03,0.19,3.55,4.36,"VIVAA,"
Scarnose International Ltd.,SCARNOSE,Trading,18.1,BSE,57.45,,1,2025-03,0,18.08,2025-03,12.1,0.19,2025-03,94.75,,1.86,1,2025-03,0,1.98,2.63,"SCARNOSE,"
Maitri Enterprises Ltd.,MAITRI,Trading,17.02,BSE,38.68,4.99,2,2025-03,6.89,23.48,2025-06,27.91,-0.68,2025-06,0,,4.25,2,2025-03,1.47,3.66,8.25,"MAITRI,"
Getalong Enterprise Ltd.,GETALONG,Trading,16.91,BSE,7.99,4.99,1,2025-03,1.31,17.35,2025-03,2.13,1.85,2025-03,9.12,,1.14,1,2025-03,0.11,17,15.92,"GETALONG,"
White Organic Agro Ltd.,WHITEORG,Trading,16.87,BSE,4.80,-1.64,1,2025-03,0,16.37,2025-06,14.72,1.79,2025-06,9.42,0.17,0.29,1,2025-03,0,3.05,4.1,"WHITEORG,"
Innovative Ideals And Services (India) Ltd.,INNOVATIVE,Trading,16.77,BSE,14.74,-6.71,1,2025-03,19.83,36.6,2025-03,3.22,1,2025-03,16.72,0.9,7.21,1,2024-03,8.44,-69.1,-14.56,"INNOVATIVE,"
Vaxtex Cotfab Ltd.,VCL,Trading,16.72,NSE,0.91,1.11,1,2025-03,11.13,27.85,2025-06,5.25,1.02,2025-06,16.38,0.29,0.84,1,2024-03,0.61,-41.8,-29.73,"VCL,"
South Asian Enterprises Ltd.,SAENTER,Trading,16.54,BSE,41.34,0.00,1,2025-03,0,13.23,2025-06,0.18,-3.28,2025-06,0,,4.92,2,2025-03,0,5.77,5.51,"SAENTER,"
Dalmia Industrial Development Ltd.,DIDL,Trading,16.48,BSE,8.14,-0.97,1,2025-06,,15.99,2025-06,4.29,0.14,2025-06,116.07,5.73,0.8,1,2024-03,0,0.11,0.12,"DIDL,"
Dhyaani Tradeventtures Ltd.,DHYAANITR,Trading,16.17,BSE,9.50,-1.55,1,2025-03,5.36,21.51,2025-03,12.28,0.25,2025-03,64.95,,0.47,1,2024-03,0.61,14.9,19.37,"DHYAANITR,"
Kkalpana Plastick Ltd.,KKPLASTICK,Trading,16.13,BSE,29.17,,1,2025-03,0,16.1,2025-06,0,0.1,2025-06,156.57,2.03,2.56,1,2025-03,0,1.4,1.43,"KKPLASTICK,"
Natural Biocon (India) Ltd.,NATURAL,Trading,16.11,BSE,6.25,9.08,1,2025-03,0.28,16.35,2025-06,9.03,0.1,2025-06,161.14,5.85,0.5,1,2024-03,0.01,1.24,1.81,"NATURAL,"
Ganon Products Ltd.,GANONPRO,Trading,15.76,BSE,16.99,0.06,1,2025-03,,15.73,2025-06,10.94,0.05,2025-06,321.63,21.33,1.43,1,2024-03,0,1.17,6.41,"GANONPRO,"
Lypsa Gems & Jewellery Ltd.,LYPSAGEMS,Trading,15.69,NSE,5.26,1.15,1,2025-03,12.98,28.21,2025-06,16.42,-15.23,2025-06,0,0,0.95,2,2025-03,0.79,-62.97,-45.15,"LYPSAGEMS,"
Simplex Mills Company Ltd.,SIMPLXMIL,Trading,15.66,BSE,5218.40,,1,2025-03,2.75,18.17,2025-06,0.16,-0.04,2025-06,0,,-4.48,1,2025-03,-0.79,0,0,"SIMPLXMIL,"
Mihika Industries Ltd.,MIHIKA,Trading,15.3,BSE,15.54,0.78,1,2025-03,0.16,15.44,2025-06,36.32,-0.07,2025-06,0,0,0.7,1,2024-03,0,0.81,0.89,"MIHIKA,"
Muller & Phipps (India) Ltd.,MULLER,Trading,15.2,BSE,249.80,4.06,2,2025-03,0.82,15.9,2025-06,5.35,-0.12,2025-06,0,,-11.01,2,2025-03,-0.4,0,0,"MULLER,"
Rama Petrochemicals Ltd.,RAMAPETRO,Trading,14.83,BSE,12.65,,2,2025-03,64.64,73.15,2025-06,0.26,-7.04,2025-06,0,,-0.24,2,2025-03,-1.07,0,0,"RAMAPETRO,"
Asia Pack Ltd.,ASIAPAK,Trading,14.77,BSE,56.00,,1,2025-03,0,14.64,2025-06,0.22,0.47,2025-06,31.23,2.34,0.4,1,2025-03,0,1.16,1.1,"ASIAPAK,"
Tejassvi Aaharam Ltd.,TEJASSVI,Trading,14.75,BSE,21.07,,1,2025-03,6.48,21.1,2025-06,33.3,-0.76,2025-06,0,0,-2.37,1,2024-03,-0.98,0,0,"TEJASSVI,"
Quasar India Ltd.,QUASAR,Trading,14.28,BSE,0.31,3.33,1,2025-03,,14.27,2025-06,31.06,-0.87,2025-06,0,0,0.14,1,2024-03,0,22.43,32.68,"QUASAR,"
Vasudhagama Enterprises Ltd.,VASUDHAGAM,Trading,13.96,BSE,3.19,2.57,1,2025-03,,13.92,2025-03,11.84,0.89,2025-03,15.58,,0.12,2,2024-03,0.03,3.82,4.98,"VASUDHAGAM,"
Disha Resources Ltd.,DRL,Trading,13.81,BSE,18.75,3.14,1,2025-03,0.5,14.3,2025-06,0.06,-0.57,2025-06,0,0,0.36,1,2025-03,0.01,-1.48,-0.67,"DRL,"
Adhata Global Ltd.,ADHHATA,Trading,13.51,BSE,28.64,0.00,1,2025-03,1.59,14.96,2025-06,6.33,-0.36,2025-06,0,0,9.17,1,2025-03,0.97,-8.95,2.81,"ADHHATA,"
Mitshi India Ltd.,MITSHI,Trading,13.48,BSE,16.00,14.45,1,2025-03,0.19,13.42,2025-06,3.97,0.07,2025-06,189.88,-3.3,4.96,1,2024-03,0.01,4.61,5.76,"MITSHI,"
VK Global Industries Ltd.,VKGLOBAL,Trading,13.35,BSE,31.49,,1,2025-06,,12.84,2025-06,0.28,-0.44,2025-06,0,0,4.24,1,2025-03,0,-12.57,-11.99,"VKGLOBAL,"
Reetech International Ltd.,REETECH,Trading,13.29,BSE,31.45,9.77,1,2025-03,2.68,15.97,2025-03,11.93,-0.26,2025-03,0,,0.89,2,2025-03,0.23,-1.83,-0.28,"REETECH,"
Newtrac Foods & Beverages Ltd.,NEWTRAC,Trading,13.25,BSE,7.00,-1.69,1,2025-03,0.06,12.36,2025-06,62.38,1.43,2025-06,9.27,0.12,1.16,1,2025-03,0.01,58.29,83.02,"NEWTRAC,"
Prabhu Steel Industries Ltd.,ZPRBHSTE,Trading,12.85,BSE,179.25,,1,2025-03,1.6,14.28,2025-06,14.84,-0.34,2024-09,41.19,,1.23,1,2024-03,0.29,11.01,15.04,"ZPRBHSTE,"
Diggi Multitrade Ltd.,DML,Trading,12.73,BSE,13.15,,1,2025-03,0.75,13.45,2025-03,2.06,-0.12,2025-03,0,,1.23,1,2024-03,0,-2.62,-2.64,"DML,"
JMG Corporation Ltd.,JMGCORP,Trading,12.57,BSE,5.43,,1,2025-03,0.81,12.9,2025-06,1.11,-0.09,2025-06,0,0,1.84,1,2025-03,0.11,1.18,2.37,"JMGCORP,"
Konndor Industries Ltd.,KONNDOR,Trading,12.27,BSE,22.24,-0.09,1,2025-03,,11.76,2025-03,8.88,0.65,2025-03,18.91,0.26,1.25,1,2024-03,0,7.26,9.27,"KONNDOR,"
RISA International Ltd.,RISAINTL,Trading,11.96,BSE,0.75,4.17,1,2025-03,2.08,14.04,2025-06,0,-9.03,2025-06,0,0,-3.15,1,2024-03,0.29,-115.94,-104.19,"RISAINTL,"
Nyssa Corporation Ltd.,NYSSACORP,Trading,11.85,BSE,3.95,-2.71,2,2025-03,1.5,13.25,2025-06,3.27,-0.81,2025-06,0,0,0.38,2,2024-03,0.08,8.1,10.63,"NYSSACORP,"
7NR Retail Ltd.,7NR,Trading,11.82,BSE,4.24,0.71,1,2025-03,4.81,16.18,2025-06,22.38,0.73,2025-06,16.17,0.66,0.41,1,2025-03,0.17,1.14,2.14,"7NR,"
Alchemist Corporation Ltd.,ALCHCORP,Trading,11.73,BSE,23.86,,2,2025-03,0.71,12.42,2025-06,0,-0.31,2025-06,0,,14.03,2,2024-03,0.51,6.62,11.75,"ALCHCORP,"
Gujarat Cotex Ltd.,GUJCOTEX,Trading,11.38,BSE,7.86,0.38,1,2025-03,3.31,14.29,2025-06,25.06,0.42,2025-06,26.84,0.99,1.57,1,2024-03,0.15,2.89,3.59,"GUJCOTEX,"
EVOQ Remedies Ltd.,EVOQ,Trading,11.3,BSE,4.54,1.57,1,2025-09,,11,2025-03,11.76,0.09,2025-03,128.46,,0.25,1,2025-03,0,0.25,0.35,"EVOQ,"
Veerkrupa Jewellers Ltd.,VEERKRUPA,Trading,11.27,BSE,0.86,,1,2025-03,8.87,19.12,2025-03,29.26,0.18,2025-03,56.58,,0.84,1,2025-03,0.66,1.49,1.22,"VEERKRUPA,"
Parker Agrochem Exports Ltd.,PARKERAC,Trading,10.98,BSE,22.97,-0.04,1,2025-03,1.06,11.49,2025-06,66.97,0.38,2025-06,28.51,2.53,2.86,1,2025-03,0.27,-5.09,-1.44,"PARKERAC,"
IGC Industries Ltd.,IGCIL,Trading,10.8,BSE,3.15,1.94,1,2025-03,,10.79,2025-06,1.98,0.01,2025-06,981.63,68.89,0.25,1,2024-03,0,-43.67,-43.44,"IGCIL,"
Olympic Oil Industries Ltd.,OLYOI,Trading,10.67,BSE,37.38,0.00,1,2025-03,107.22,117.58,2025-06,0,-0.25,2025-06,0,0,-0.47,1,2024-03,-4.78,0,-0.54,"OLYOI,"
Elegant Floriculture & Agrotech (India) Ltd.,ELEFLOR,Trading,10.66,BSE,5.30,-0.93,1,2025-03,7.79,18.38,2025-06,151.35,3.03,2025-06,3.52,0.06,0.42,1,2024-03,0,0.08,0.12,"ELEFLOR,"
Gleam Fabmat Ltd.,GLEAM,Trading,10.66,BSE,10.64,,1,2025-03,5.39,16,2025-03,12.26,0.01,2025-03,0,0,1.08,1,2024-03,0.53,0.85,0.63,"GLEAM,"
Shree Ganesh Elastoplast Ltd.,SHGANEL,Trading,10.29,BSE,18.70,0.05,1,2025-03,0.36,10.09,2025-06,11.3,-2.51,2025-06,0,,2.49,1,2025-03,0.09,-30.86,-26.52,"SHGANEL,"
RO Jewels Ltd.,ROJL,Trading,10.29,BSE,2.03,-1.93,1,2025-03,11.25,21.29,2025-06,86.2,0.23,2025-06,44.74,1.45,0.78,1,2025-03,0.85,1.31,0.92,"ROJL,"
PM Telelinks Ltd.,PMTELELIN,Trading,10.13,BSE,10.05,,1,2025-03,,10.1,2025-06,6.21,0.03,2025-06,306.83,-6.35,1.17,1,2024-03,0,0.93,1.24,"PMTELELIN,"
Standard Shoe Sole & Mould (India) Ltd.,STDSHOE,Trading,10.07,BSE,19.46,,1,2025-03,0.38,10.45,2025-06,0,-0.15,2025-06,0,0,-11.92,1,2024-03,-0.39,0,0,"STDSHOE,"
Devine Impex Ltd.,DEVINE,Trading,9.86,BSE,10.34,-1.99,1,2025-03,,9.84,2025-06,1.87,0.01,2025-06,758.18,178.82,0.72,1,2024-03,0,0.28,0.38,"DEVINE,"
Nexus Surgical And Medicare Ltd.,NEXUSSURGL,Trading,9.85,BSE,18.00,1.47,1,2025-03,0,9.52,2025-06,5.69,0.56,2025-06,17.56,0.37,8.1,1,2025-03,0,61.03,83.16,"NEXUSSURGL,"
Globe Commercials Ltd.,GLCL,Trading,9.82,BSE,16.36,4.94,1,2025-03,1.47,11.23,2025-06,210.27,6.07,2025-06,1.62,0.01,0.5,1,2024-03,0.12,27.83,33.63,"GLCL,"
AVI Products India Ltd.,APIL,Trading,9.8,BSE,29.65,-4.97,1,2025-03,0.81,7.42,2025-06,4.22,-0.39,2025-06,0,0,1.46,1,2025-03,0.11,0.76,1.62,"APIL,"
Amraworld Agrico Ltd.,AMRAAGRI,Trading,9.62,BSE,0.80,-3.61,1,2025-09,,9.59,2025-09,-0.31,-6.03,2025-09,0,0,0.92,1,2025-03,0,2.23,2.45,"AMRAAGRI,"
Symbiox Investment & Trading Co Ltd.,SYMBIOX,Trading,9.54,BSE,3.05,4.10,1,2025-03,0,8.48,2025-06,2.91,0.25,2025-06,37.72,0.73,0.3,1,2025-03,0,0.61,0.82,"SYMBIOX,"
Patron Exim Ltd.,PATRON,Trading,9.48,BSE,4.09,-4.44,1,2025-03,0.23,9.48,2025-03,24.36,0.07,2025-03,133.53,,0.24,1,2025-03,0.01,0.18,0.27,"PATRON,"
Ambassador Intra Holdings Ltd.,AIHL,Trading,9.31,BSE,44.53,,1,2025-03,1.26,10.23,2025-06,0,0.15,2025-06,62.91,0.62,2.81,1,2024-03,0.14,1,0.96,"AIHL,"
Satiate Agri Ltd.,SATAGRI,Trading,9.28,BSE,31.71,,1,2025-03,4.16,13.42,2025-06,0.1,-3.52,2025-06,0,,-3.15,1,2024-03,0.35,-19.17,-14.91,"SATAGRI,"
Haria Exports Ltd.,HARIAEXPO,Trading,9.24,BSE,8.00,1.65,1,2025-03,,9.18,2025-06,0,0.14,2025-06,66.47,-4,0.65,1,2024-03,0,0.63,0.63,"HARIAEXPO,"
Munoth Communication Ltd.,MCLTD,Trading,9.18,BSE,9.51,4.97,1,2025-03,1.24,10.38,2025-06,0,-0.43,2025-06,0,0,0.67,2,2024-03,0.14,-2.77,0.3,"MCLTD,"
Shashank Traders Ltd.,SHASHANK,Trading,9.1,BSE,29.42,,1,2025-03,2.86,11.95,2025-06,0.05,-0.14,2025-06,0,0,4.18,1,2024-03,1.22,-6.57,-3.06,"SHASHANK,"
Flora Corporation Ltd.,FLORACORP,Trading,8.91,BSE,10.20,3.03,1,2025-03,0,7.34,2025-06,123.84,-0.15,2025-06,0,0,1.88,1,2025-03,0,2.2,3.48,"FLORACORP,"
Triveni Enterprises Ltd.,TRIVENIENT,Trading,8.87,BSE,1.55,-0.64,1,2025-03,,8.51,2025-06,2.06,0.12,2025-06,71.55,8.3,0.84,1,2024-03,0.06,1.4,1.79,"TRIVENIENT,"
AMS Polymers Ltd.,AMS,Trading,8.51,BSE,25.77,,1,2025-03,14.9,23.19,2025-06,106.72,1.08,2023-09,6.01,0.1,2.05,1,2025-03,2.85,15.88,9.86,"AMS,"
Ramgopal Polytex Ltd.,RAMGOPOLY,Trading,8.09,BSE,5.58,1.82,1,2025-03,0,7.49,2025-06,0.84,-0.87,2025-06,0,0,0.76,1,2025-03,0,-1.63,-1.62,"RAMGOPOLY,"
Delta Industrial Resources Ltd.,DELTA,Trading,8.09,BSE,15.00,3.09,1,2025-03,0,8.04,2025-06,0,-0.13,2025-06,0,,1.71,1,2025-03,0,-3.45,-3.45,"DELTA,"
Aviva Industries Ltd.,AVIVA,Trading,7.94,BSE,52.95,,1,2025-09,0.93,8.83,2025-09,3.05,-0.01,2025-06,0,,2.72,1,2024-03,0.24,-1.11,-0.89,"AVIVA,"
Vivanza Biosciences Ltd.,VIVANZA,Trading,7.88,BSE,1.97,0.00,2,2025-03,8.65,16.41,2025-06,13.92,-0.85,2025-06,0,,1.94,2,2024-03,1.11,12.54,10.18,"VIVANZA,"
Peeti Securities Ltd.,PEETISEC,Trading,7.62,BSE,20.32,-3.24,1,2025-03,,7.08,2025-06,24.19,-0.03,2025-06,0,,0.65,1,2024-03,0,3.69,4.65,"PEETISEC,"
Naturo Agrotech India Ltd.,NATURO,Trading,7.51,BSE,3.98,-4.78,1,2025-03,8.44,15.85,2025-03,2.05,-1.3,2025-03,0,,0.2,1,2024-03,0.32,3.17,3.12,"NATURO,"
Amanaya Ventures Ltd.,AMANAYA,Trading,7.47,BSE,19.98,,1,2025-03,0,6.35,2025-03,39.52,0.29,2025-03,25.58,,1.41,1,2025-03,0,5.65,7.83,"AMANAYA,"
Ambitious Plastomac Company Ltd.,AMBIT,Trading,7.01,BSE,12.06,-0.08,1,2025-03,0.8,7.79,2025-06,7.8,0.08,2025-06,89.83,4.6,-10.89,1,2025-03,-1.2,0,115.65,"AMBIT,"
Mystic Electronics Ltd.,MYSTICELE,Trading,6.86,BSE,3.47,-2.25,1,2025-03,,5.75,2025-06,0,0.49,2025-06,14.03,0.78,0.24,1,2024-03,0.04,-5.27,-5.01,"MYSTICELE,"
Sun Retail Ltd.,SUNRETAIL,Trading,6.67,BSE,0.43,,1,2025-03,5.18,11.75,2025-03,40.02,0.16,2025-03,39.43,1.51,0.4,1,2025-03,0.31,1.02,0.93,"SUNRETAIL,"
Priya Ltd.,PRIYALT,Trading,6.61,BSE,22.01,0.00,1,2025-09,26.17,32.74,2025-09,0,-3.84,2025-09,0,0,-0.13,1,2024-03,-0.57,0,0,"PRIYALT,"
Modella Woollens Ltd.,MODWOOL,Trading,6.5,BSE,71.40,5.00,1,2025-09,,6.4,2025-09,0,-0.23,2025-09,0,,-14.46,1,2025-03,0,0,0,"MODWOOL,"
Sirohia & Sons Ltd.,SIROHIA,Trading,6.5,BSE,6.34,,1,2025-03,0,6.47,2025-03,0,0.04,2025-03,171.1,10.37,0.23,1,2025-03,0,0.14,0.23,"SIROHIA,"
Grandma Trading & Agencies Ltd.,GRANDMA,Trading,6.4,BSE,0.49,0.00,1,2025-03,0.26,6.57,2025-06,0.22,-2.42,2025-06,0,,612.5,1,2025-03,3.66,-182.51,-154.71,"GRANDMA,"
Shah Foods Ltd.,SHAHFOOD,Trading,6.39,BSE,107.00,,1,2025-03,1.27,7.61,2025-06,3.7,0.13,2025-06,50.74,3.26,-10.39,1,2025-03,-2.25,0,20.15,"SHAHFOOD,"
Mukta Agriculture Ltd.,MUKTA,Trading,6.37,BSE,2.94,0.00,1,2025-03,,6.31,2025-06,0,-0.33,2025-06,0,0,0.29,1,2024-03,0.05,-8.39,-7.98,"MUKTA,"
Fraser and Co Ltd.,FRASER,Trading,6.25,BSE,7.70,-2.53,1,2025-03,0.84,7.06,2025-06,0.22,-1.56,2025-06,0,,1.19,1,2025-03,0.16,-25.63,-23.29,"FRASER,"
Scan Projects Ltd.,SCANPRO,Trading,6.24,BSE,84.97,-0.01,1,2025-03,0,4.71,2025-06,12.42,0.72,2025-06,8.68,0.09,1.81,1,2025-03,0,12.53,15.42,"SCANPRO,"
Padmanabh Industries Ltd.,PADMAIND,Trading,6.12,BSE,10.07,-2.04,1,2025-09,3.63,9.69,2025-09,2.85,-0.13,2025-09,0,0,-86.96,1,2024-03,-9.78,0,-9.92,"PADMAIND,"
Gujarat Metallic Coal & Coke Ltd.,GMETCOAL,Trading,5.94,BSE,30.00,,1,2019-09,,5.93,2019-09,0,-13.3,2019-09,0,,,1,2019-03,0.87,-62.06,-37.39,"GMETCOAL,"
AVI Polymers Ltd.,AVI,Trading,5.92,BSE,14.48,9.61,1,2025-09,,5.92,2025-09,29.5,3.06,2025-09,1.94,0.03,0.78,1,2024-03,0.17,0.53,0.64,"AVI,"
Muzali Arts Ltd.,MUZALI,Trading,5.8,BSE,0.97,,1,2025-03,0.01,5.57,2025-06,0,0,2023-12,0,,0.45,2,2024-03,0,-8.69,-8.28,"MUZALI,"
Longview Tea Company Ltd.,LONTE,Trading,5.69,BSE,19.00,,1,2025-03,,4.79,2025-03,1.83,0.32,2025-03,17.85,35,0.31,1,2024-03,0,8.93,10.74,"LONTE,"
CHD Chemicals Ltd.,CHDCHEM,Trading,5.55,BSE,5.49,2.43,1,2025-03,6.72,11.76,2025-06,8.16,-0.35,2025-06,0,,0.43,1,2024-03,0.5,1.96,2.97,"CHDCHEM,"
Lexoraa Industries Ltd.,LEXORAA,Trading,5.52,BSE,14.06,-5.00,1,2025-09,1.65,6.67,2025-09,7.44,-0.31,2025-09,0,,-4.29,1,2024-03,-1.37,0,-190.32,"LEXORAA,"
Trio Mercantile & Trading Ltd.,TRIOMERC,Trading,5.23,BSE,0.77,0.00,1,2025-03,0.12,4.95,2025-06,1.62,-0.06,2025-06,0,,0.22,1,2025-03,0,-0.23,-0.18,"TRIOMERC,"
Ramasigns Industries Ltd.,RAMASIGNS,Trading,5.2,BSE,1.81,2.26,1,2025-03,10,15.14,2025-06,1.58,-2.17,2025-06,0,,0.55,1,2024-03,0.8,-34.29,-14.86,"RAMASIGNS,"
Worldwide Aluminium Ltd.,WWALUM,Trading,5.16,BSE,15.71,,1,2025-09,,5.12,2025-09,79.74,0.07,2025-09,71.71,4.78,0.83,1,2025-03,0,0.05,0.07,"WWALUM,"
Sword-Edge Commercials Ltd.,SWORDEDGE,Trading,5,BSE,0.24,,1,2025-03,12.52,17.51,2025-06,0,-1.04,2025-06,0,,0.25,1,2025-03,0.61,-4.67,-2.76,"SWORDEDGE,"
Dhruv Wellness Ltd.,DWL,Trading,4.83,BSE,4.58,,1,2023-09,18.67,23.5,2023-03,0.39,0.02,2023-03,231.86,-4.9,,1,2023-03,-1.39,0,0.38,"DWL,"
PAE Ltd.,PAEL,Trading,4.79,BSE,4.60,,1,2025-09,5.09,9.81,2025-09,0,13.32,2024-03,0,0,-0.17,1,2023-03,-0.39,0,0,"PAEL,"
Simplex Papers Ltd.,SIMPLXPAP,Trading,4.77,BSE,1590.00,-1.49,1,2025-03,12.92,17.67,2025-06,0,-0.15,2025-06,0,0,-0.39,1,2025-03,-1.07,0,-16.91,"SIMPLXPAP,"
Unitech International Ltd.,UNITINT,Trading,4.6,BSE,4.55,2.02,1,2025-03,27.84,32.4,2025-03,0.01,-2.19,2025-03,0,,-0.16,1,2024-03,-1.06,0,-175.12,"UNITINT,"
Shivansh Finserve Ltd.,SHIVA,Trading,4.46,BSE,7.15,-4.92,1,2025-03,11.34,9.53,2025-06,0,-0.18,2025-06,0,,0.69,2,2024-03,3.78,0.78,2.28,"SHIVA,"
Suumaya Corporation Ltd.,SUUMAYA,Trading,4.03,BSE,1.63,,1,2025-09,0.02,0.52,2024-03,2.46,-485.35,2024-03,0,,,1,2024-03,-0.02,0,0,"SUUMAYA,"
Ashiana Agro Industries Ltd.,ASHAI,Trading,3.91,BSE,8.50,-4.60,1,2025-03,0,2.63,2025-06,0.8,0.04,2025-06,95.37,1.44,1.51,1,2025-03,0,3.34,4.47,"ASHAI,"
Omkar Overseas Ltd.,OMKAR,Trading,3.82,BSE,7.64,,1,2025-09,0.31,4.08,2025-09,0,-0.14,2025-09,0,,-17.12,1,2025-03,-1,0,0,"OMKAR,"
Svarnim Trade Udyog Ltd.,SNIM,Trading,3.65,BSE,15.00,-2.85,1,2025-03,0.14,3.78,2025-06,0,-0.19,2025-06,0,,-18.05,1,2025-03,-0.94,0,-498.07,"SNIM,"
Shiva Suitings Ltd.,SHVSUIT,Trading,3.23,BSE,20.83,,1,2025-03,,3.2,2025-06,2.64,0.06,2025-06,52.94,-2.36,1.55,1,2024-03,0,2.41,3.35,"SHVSUIT,"
Omnipotent Industries Ltd.,OMNIPOTENT,Trading,3.19,BSE,5.30,-8.62,1,2025-03,0.39,2.93,2025-03,20.13,-4.25,2025-03,0,,0.18,1,2025-03,0.02,-21.97,-21.61,"OMNIPOTENT,"
Radhagobind Commercial Ltd.,RCL,Trading,2.43,BSE,1.69,-4.52,1,2025-03,1.26,3.66,2025-06,0,-0.43,2025-06,0,,-0.49,1,2024-03,-0.21,0,0,"RCL,"
Diksha Greens Ltd.,DGL,Trading,1.91,BSE,1.94,0.00,1,2024-09,24.49,26.4,2024-03,0,-2.97,2024-03,0,,,1,2024-03,-0.85,0,0,"DGL,"
Sarvamangal Mercantile Company Ltd.,ZSARVAMA,Trading,1.31,BSE,52.50,,1,2025-03,7.44,8.64,2025-06,0,1.86,2024-09,3.3,0.05,0.01,1,2025-03,0.11,2.23,2.6,"ZSARVAMA,"
Redmax Footwears Ltd.,VIAANINDUS,Trading,0.97,BSE,0.97,,1,2025-03,0.3,1.14,2025-06,0.02,-0.27,2021-12,0,0,,1,2024-03,7.86,0,-56.6,"VIAANINDUS,"
Manglam Global Corporations Ltd.,KSHITIJ,Trading,0.66,BSE,10.50,,1,2025-03,0,-1.89,2025-06,6.57,0.12,2023-12,0,0,2.19,1,2025-03,0,1.52,1.53,"KSHITIJ,"
Pradhin Ltd. - (Rights Entitlements (REs)),PRADH-RE,Trading,0,BSE,0.36,,1,,,0,,,,-0,,,,1,-0,,,,"PRADH-RE,"
Sharanam Infraproject And Trading Ltd. - (Rights Entitlements (REs)),SIPTL-RE2,Trading,0,BSE,0.04,,1,,,0,,,,-0,,,,1,-0,,,,"SIPTL-RE2,"
Tirupati Tyres Ltd. - (Rights Entitlements (REs)),TTIL-RE,Trading,0,BSE,0.36,,1,,,0,,,,-0,,,,1,-0,,,,"TTIL-RE,"
Remedium Lifecare Ltd. - (Rights Entitlements (REs)),REMLIF-RE,Trading,0,BSE,0.11,,1,,,0,,,,-0,,,,1,-0,,,,"REMLIF-RE,"
Franklin Industries Ltd. - (Rights Entitlements (REs)),FRANKI-RE1,Trading,0,BSE,0.09,,1,,,0,,,,-0,,,,1,-0,,,,"FRANKI-RE1,"
Lloyds Enterprises Ltd. - (Rights Entitlements (REs)),LLOYDSE-RE,Trading,0,NSE,25.99,,1,,,0,,,,-0,,,,1,-0,,,,"LLOYDSE-RE,"
Healthy Life Agritec Ltd. (Rights Entitlements (REs),751040,Trading,0,BSE,2.61,,1,,,0,,,,-0,,,,1,-0,,,,"751040,"
Ashnisha Industries Ltd. - (Rights Entitlements (REs)),ASHNI-RE,Trading,0,BSE,0.05,,1,,,0,,,,-0,,,,1,-0,,,,"ASHNI-RE,"
Suraj Industries Ltd. - (Rights Entitlements (REs)),SURAJ-RE,Trading,0,BSE,7.00,,1,,,0,,,,-0,,,,1,-0,,,,"SURAJ-RE,"
