Sector: Chemicals,
Date: 09-Nov-2025,
Note:- Statement: 1 = Standalone and 2 = Consolidated,
Generated by and for: signshailesh@gmail.com,

Stock Name,Symbol,Industry,Market Cap(Rs. Cr.),Exchange,LTP,Chg%,TTM Statement,Period Ending,Total Debt(Rs. Cr.),Enterprise Value(Rs. Cr.),TTM Ending (Results),Net Sales (Rs. Cr.),Profit After Tax (Rs. Cr.),TTM Ending (Valuation),Price Earning Ratio(TTM),"PEG Ratio ",Price To Book Value(TTM),Statement,Year Ending,Debt Equity Ratio,Return On Equity(%),Return On Capital Employed(%),Symbol with Comma for External Upload
Asian Paints Ltd.,ASIANPAINT,Paints,251170.74,NSE,2613.80,0.42,2,2025-03,863.75,251252.51,2025-06,33874.44,3499.66,2025-06,69.83,9.01,12.3,2,2025-03,0.04,19.51,26.58,"ASIANPAINT,"
Pidilite Industries Ltd.,PIDILITIND,Chemicals,148153.72,NSE,1454.80,0.83,2,2025-09,141.69,148030.2,2025-09,13817.59,2248.7,2025-09,66.54,5.29,15.51,2,2025-03,0.02,23.21,31.16,"PIDILITIND,"
Solar Industries India Ltd.,SOLARINDS,Chemicals,122833.01,NSE,13573.00,1.47,2,2025-03,939.59,123047.12,2025-06,8009.91,1336.47,2025-06,97.36,2.76,25.92,2,2025-03,0.21,33.49,38.11,"SOLARINDS,"
SRF Ltd.,SRF,Chemicals,85914.29,NSE,2896.80,-0.09,2,2025-09,4526.93,90218.84,2025-09,15263.46,1617.64,2025-09,53.11,12.71,6.48,2,2025-03,0.37,10.4,12.35,"SRF,"
Coromandel International Ltd.,COROMANDEL,Fertilizers,63382.97,NSE,2146.40,-0.17,2,2025-09,883.64,62903.87,2025-09,28620.01,2406.56,2025-09,26.39,2.38,5.2,2,2025-03,0.02,20.07,28.76,"COROMANDEL,"
UPL Ltd.,UPL,Pesticides & Agrochemicals,63155.19,NSE,747.95,1.99,2,2025-09,28562,87565.19,2025-09,47715,2709,2025-09,28.85,-2.75,1.98,2,2025-03,0.81,3.04,8.42,"UPL,"
Berger Paints India Ltd.,BERGEPAINT,Paints,62031.43,NSE,531.05,-2.46,2,2025-09,185.96,61767.56,2025-09,11707.34,1041.75,2025-09,57.54,4.64,9.88,2,2025-03,0.02,20.53,27.46,"BERGEPAINT,"
The Fertilisers And Chemicals Travancore Ltd.,FACT,Fertilizers,57243.22,NSE,882.95,-0.24,2,2025-09,3802.45,58823.25,2025-09,4674.77,103.86,2025-09,551.16,11.89,41.63,2,2025-03,0.94,3.02,11.3,"FACT,"
PI Industries Ltd.,PIIND,Pesticides & Agrochemicals,56990.64,NSE,3758.30,0.22,2,2025-03,111.7,54602.74,2025-06,7809.4,1606.4,2025-06,35.37,1.2,5.4,2,2025-03,0.01,17.58,22.99,"PIIND,"
Gujarat Fluorochemicals Ltd.,FLUOROCHEM,Chemicals,39717.92,NSE,3614.00,-0.89,2,2025-03,1987.51,41483.49,2025-06,4842,622,2025-06,63.86,3.05,5.38,2,2025-03,0.28,8.31,10.02,"FLUOROCHEM,"
Godrej Industries Ltd.,GODREJIND,Chemicals,36229.91,NSE,1075.10,-0.99,2,2025-03,37851.38,67298.82,2025-06,19869.28,1536.33,2025-06,35.94,3.02,3.36,2,2025-03,3.73,20.5,10.16,"GODREJIND,"
Navin Fluorine International Ltd.,NAVINFLUOR,Chemicals,30593.6,NSE,5969.00,-1.84,2,2025-09,1143.8,31665.25,2025-09,2790.96,444.12,2025-09,68.89,-10.25,8.5,2,2025-03,0.55,11.62,11.76,"NAVINFLUOR,"
Sumitomo Chemical India Ltd.,SUMICHEM,Pesticides & Agrochemicals,23716.91,NSE,475.15,-1.02,2,2025-09,,23674.43,2025-09,3307.93,543.07,2025-09,43.71,2.54,7.42,2,2025-03,0,18.96,25.71,"SUMICHEM,"
Deepak Nitrite Ltd.,DEEPAKNTR,Chemicals,23482.11,NSE,1720.60,-0.69,2,2025-03,1170.53,24246.08,2025-06,8004.97,607.08,2025-06,38.69,14.49,4.27,2,2025-03,0.22,13.69,17,"DEEPAKNTR,"
Himadri Speciality Chemical Ltd.,HSCL,Carbon Black,22856.14,NSE,452.70,-0.79,2,2025-09,859.77,23064.1,2025-09,4464.62,652.11,2025-09,34.84,1.58,5.51,2,2025-03,0.08,16.62,22.17,"HSCL,"
Tata Chemicals Ltd.,TATACHEM,Chemicals,21860.64,NSE,858.10,-1.69,2,2025-09,6719,28117.64,2025-09,14695,229,2025-09,99.37,-2.13,0.98,2,2025-03,0.29,1.62,3.93,"TATACHEM,"
Bayer CropScience Ltd.,BAYERCROP,Pesticides & Agrochemicals,20652.46,NSE,4591.90,-3.22,1,2025-09,,19986.76,2025-09,5571.3,608.9,2025-09,33.92,-78.88,6.61,1,2025-03,0,19.93,25.42,"BAYERCROP,"
Kansai Nerolac Paints Ltd.,KANSAINER,Paints,19925.8,NSE,246.32,-0.75,2,2025-09,91.2,19749.69,2025-09,7854.75,1113.6,2025-09,17.4,3.37,3.08,2,2025-03,0.02,18.52,24.65,"KANSAINER,"
Chambal Fertilisers and Chemicals Ltd.,CHAMBLFERT,Fertilizers,19259.36,NSE,479.85,-1.00,2,2025-09,85.53,18845.88,2025-09,19477.16,1718.63,2025-09,10.34,1.31,1.96,2,2025-03,0.01,20.62,27.88,"CHAMBLFERT,"
BASF India Ltd.,BASF,Chemicals,19251.94,NSE,4448.60,1.21,2,2025-03,32.08,18463.62,2025-06,15167.64,395.89,2025-06,48.63,,5.11,2,2025-03,0.01,13.98,19.21,"BASF,"
Deepak Fertilisers And Petrochemicals Corporation Ltd.,DEEPAKFERT,Chemicals,18075.43,NSE,1426.40,-0.19,2,2025-09,4236.76,22064.81,2025-09,10910.95,988.83,2025-09,18.36,0.3,2.77,2,2025-03,0.63,16.04,16.22,"DEEPAKFERT,"
Paradeep Phosphates Ltd.,PARADEEP,Fertilizers,18055.47,NSE,173.95,6.19,2,2025-09,5569.15,23475.23,2025-09,18225.2,917.01,2025-09,19.7,,2.71,2,2025-03,1.07,14.46,13.95,"PARADEEP,"
Vinati Organics Ltd.,VINATIORGA,Chemicals,17040.56,NSE,1643.50,-1.62,2,2025-09,,17032.3,2025-09,2262.33,435.81,2025-09,39.1,9.9,5.81,2,2025-03,0.02,15.42,20.22,"VINATIORGA,"
Atul Ltd.,ATUL,Chemicals,16742.2,NSE,5691.00,-1.21,2,2025-09,182.27,16842.44,2025-09,5898.32,554.03,2025-09,30.88,-4.98,2.83,2,2025-03,0.04,9.31,12.86,"ATUL,"
Akzo Nobel India Ltd.,AKZOINDIA,Paints,14867.55,NSE,3262.30,1.40,2,2025-09,,14584.75,2025-09,3902.6,1990.8,2025-09,7.47,0.61,6.6,2,2025-03,0,32.32,43.62,"AKZOINDIA,"
Aarti Industries Ltd.,AARTIIND,Chemicals,14260.82,NSE,391.80,0.33,2,2025-09,3922,18013.82,2025-09,7566,291,2025-09,49.01,-5.26,2.5,2,2025-03,0.68,6.08,6.39,"AARTIIND,"
PCBL Chemical Ltd.,PCBL,Carbon Black,13670.86,NSE,347.75,-2.10,2,2025-09,5075.66,18456.88,2025-09,8375.11,349.1,2025-09,39.19,4.5,3.53,2,2025-03,1.5,12.72,12.11,"PCBL,"
Fine Organic Industries Ltd.,FINEORG,Chemicals,13347.05,NSE,4351.70,-0.81,2,2025-09,9.24,12193.14,2025-09,2305.68,407.08,2025-09,32.92,1.64,5.39,2,2025-03,0,19.48,26.45,"FINEORG,"
Privi Speciality Chemicals Ltd.,PRIVISCL,Chemicals,13229.56,NSE,3388.00,3.29,2,2025-09,1055.8,14268.92,2025-09,2341.95,256.22,2025-09,49.58,4.92,10.67,2,2025-03,1,18.22,16.88,"PRIVISCL,"
Anupam Rasayan India Ltd.,ANURAS,Chemicals,12336.6,NSE,1082.90,1.35,2,2025-09,1170.16,13069.66,2025-09,2107.52,222.74,2025-09,81.6,6.86,3.86,2,2025-03,0.48,5.9,7.8,"ANURAS,"
Jubilant Ingrevia Ltd.,JUBLINGREA,Chemicals,10437.69,NSE,654.80,-1.44,2,2025-09,794.49,11185.27,2025-09,4266.71,288.1,2025-09,36.24,0.11,3.43,2,2025-03,0.26,8.91,11.16,"JUBLINGREA,"
Clean Science And Technology Ltd.,CLEAN,Chemicals,9958.39,NSE,937.60,-4.44,2,2025-09,,9949.78,2025-09,991.97,265.23,2025-09,37.55,,6.64,2,2025-03,0,20.22,27.3,"CLEAN,"
Aether Industries Ltd.,AETHER,Chemicals,9761.29,NSE,736.15,-1.94,2,2025-03,182.53,9704.05,2025-06,914.81,175.51,2025-06,55.62,,4.31,2,2025-03,0.08,7.41,9.74,"AETHER,"
Alkyl Amines Chemicals Ltd.,ALKYLAMINE,Chemicals,9095.7,NSE,1777.70,-1.50,1,2025-09,0.77,8931.01,2025-09,1552.19,182.16,2025-09,49.93,-237.77,6.3,1,2025-03,0,13.98,18.67,"ALKYLAMINE,"
Sudarshan Chemical Industries Ltd.,SUDARSCHEM,Dyes & Pigments,8461.59,NSE,1076.20,-1.19,2,2025-03,2084.66,9035,2025-06,5218.86,75.76,2025-06,115.09,-54.03,2.44,2,2025-03,0.61,2.64,4.21,"SUDARSCHEM,"
Rashtriya Chemicals and Fertilizers Ltd.,RCF,Fertilizers,8211.88,NSE,148.84,1.45,2,2025-03,2751.92,9928.06,2025-06,15908.16,285.02,2025-06,28.7,-5.7,1.71,2,2025-03,0.58,5.19,7.64,"RCF,"
Elantas Beck India Ltd.,ELANTAS,Chemicals,7920.07,BSE,10009.50,-0.21,1,2025-06,,7850.8,2025-09,829.58,138.15,2025-09,57.33,2.49,8.17,1,2024-12,0,17.46,23.03,"ELANTAS,"
Archean Chemical Industries Ltd.,ACI,Chemicals,7809.89,NSE,634.60,-2.18,2,2025-03,178.06,7935.11,2025-06,1120.68,157.45,2025-06,49.59,,4.11,2,2025-03,0.1,9.11,12.19,"ACI,"
Gujarat State Fertilizers & Chemicals Ltd.,GSFC,Fertilizers,7447.55,NSE,186.79,-0.10,2,2025-03,0,5540.27,2025-06,9555.84,627.57,2025-06,11.6,0.29,0.61,2,2025-03,0,4.75,6.16,"GSFC,"
Gujarat Narmada Valley Fertilizers & Chemicals Ltd,GNFC,Chemicals,7198.62,NSE,490.65,0.07,2,2025-03,99.16,4989.38,2025-06,7472,548,2025-06,12.81,3.91,0.83,2,2025-03,0.01,6.94,9.58,"GNFC,"
Epigral Ltd.,EPIGRAL,Chemicals,7127.38,NSE,1648.10,-1.32,2,2025-03,584.58,7689.77,2025-06,2505.47,431.1,2025-06,16.48,,3.45,2,2025-03,0.31,22.65,25.26,"EPIGRAL,"
Sharda Cropchem Ltd.,SHARDACROP,Pesticides & Agrochemicals,7016.45,NSE,776.25,-0.18,2,2025-09,,6788.67,2025-09,4671.78,451.9,2025-09,15.53,1.19,2.62,2,2025-03,0,12.85,16.87,"SHARDACROP,"
India Glycols Ltd.,INDIAGLYCO,Chemicals,6201.28,NSE,1002.55,1.57,2,2025-03,1804.27,7928.11,2025-06,9259.49,189.49,2025-06,25.44,1.69,2.68,2,2025-03,0.8,10.72,12.33,"INDIAGLYCO,"
Fischer Medical Ventures Ltd.,FISCHER,Chemicals,6011.74,NSE,94.28,-2.34,2,2025-09,15.27,5984.14,2025-09,170.67,20.19,2025-09,301.76,,16.7,2,2025-03,0.2,0.62,1.13,"FISCHER,"
Dhanuka Agritech Ltd.,DHANUKA,Pesticides & Agrochemicals,5957.1,NSE,1318.90,2.00,1,2025-09,0.73,5953,2025-09,2013.83,280.02,2025-09,21.27,1.33,3.86,2,2025-03,0.03,22.34,29.41,"DHANUKA,"
Chemplast Sanmar Ltd.,CHEMPLASTS,Chemicals,5953.62,NSE,377.45,1.22,2,2025-03,1874.92,7104.55,2025-06,4301.08,-198.5,2025-06,0,,128.08,2,2025-03,16.93,-82.9,3.59,"CHEMPLASTS,"
GHCL Ltd.,GHCL,Chemicals,5937.74,NSE,618.40,1.21,2,2025-09,75.89,5704.48,2025-09,3077.36,569.5,2025-09,10.43,1.1,1.63,2,2025-03,0.03,19.38,25.25,"GHCL,"
Laxmi Organic Industries Ltd.,LXCHEM,Chemicals,5401.61,NSE,194.88,-0.20,2,2025-09,330.33,5649.51,2025-09,2888.7,83.47,2025-09,64.71,3.43,2.8,2,2025-03,0.13,6.2,8.84,"LXCHEM,"
Kothari Industrial Corporation Ltd.,KOTIC,Fertilizers,5311.93,BSE,496.80,0.04,1,2025-03,4.03,5293.88,2025-06,112.41,-18.36,2025-06,0,0,20.95,2,2024-03,-2.4,0,375.36,"KOTIC,"
Rallis India Ltd.,RALLIS,Pesticides & Agrochemicals,4826.72,NSE,248.05,-0.08,1,2025-09,,4801.72,2025-09,2770,176,2025-09,27.42,-4.04,2.35,1,2025-03,0,6.7,10.73,"RALLIS,"
Indigo Paints Ltd.,INDIGOPNTS,Paints,4789.97,NSE,1004.10,1.34,2,2025-09,5.35,4786.22,2025-09,1351.1,144.56,2025-09,33.28,,4.49,2,2025-03,0.01,14.94,19.92,"INDIGOPNTS,"
Bharat Rasayan Ltd.,BHARATRAS,Pesticides & Agrochemicals,4569.05,NSE,10977.00,1.00,2,2025-03,85.22,4598.58,2025-06,1268.2,141.96,2025-06,33.24,-14.51,3.89,2,2025-03,0.08,13.31,16.63,"BHARATRAS,"
National Fertilizers Ltd.,NFL,Fertilizers,4548.15,NSE,92.61,-0.61,2,2025-03,1995.77,6511.14,2025-06,18236.89,85.49,2025-06,29.68,1.69,1.69,2,2025-03,0.73,6.99,7.84,"NFL,"
Balaji Amines Ltd.,BALAMINES,Chemicals,4536.14,NSE,1397.70,-2.38,2,2025-03,10.61,4193.21,2025-06,1370.68,149.56,2025-06,29.8,3.51,2.41,2,2025-03,0.01,8.89,12.06,"BALAMINES,"
Styrenix Performance Materials Ltd.,STYRENIX,Chemicals,4137.19,NSE,2352.10,1.15,2,2025-03,205.82,4242.61,2025-06,3227.22,225.88,2025-06,18.32,,3.39,2,2025-03,0.18,24.88,29.46,"STYRENIX,"
Gujarat Alkalies And Chemicals Ltd.,GUJALKALI,Chemicals,4119.44,NSE,558.00,-0.01,2,2025-09,628.29,4375.81,2025-09,4293.19,54,2025-09,0,,0.74,2,2025-03,0.1,-1.11,-0.32,"GUJALKALI,"
Tanfac Industries Ltd.,TANFACIND,Chemicals,4022.87,BSE,4032.95,-0.59,1,2025-09,31.49,4032.89,2025-09,694.82,94.07,2025-09,42.76,1.1,11.85,1,2025-03,0.13,32.5,42.32,"TANFACIND,"
Neogen Chemicals Ltd.,NEOGEN,Chemicals,3836.55,NSE,1452.30,-0.21,2,2025-09,1077.7,4862.93,2025-09,799.64,25.78,2025-09,147.28,15.94,4.8,2,2025-03,0.72,4.5,7.86,"NEOGEN,"
NACL Industries Ltd.,NACLIND,Pesticides & Agrochemicals,3821.67,NSE,189.52,0.04,2,2025-09,499.49,4290.94,2025-09,1374.5,-71.27,2025-09,0,,8.61,2,2025-03,0.93,-19.75,-5.12,"NACLIND,"
Camlin Fine Sciences Ltd.,CAMLINFINE,Chemicals,3680.66,NSE,196.01,3.54,2,2025-03,645.65,4172.5,2025-06,1717.48,-106.42,2025-06,0,,4.17,2,2025-03,0.73,5.83,10.59,"CAMLINFINE,"
Grauer & Weil (India) Ltd.,GRAUWEIL,Chemicals,3657.67,BSE,80.67,-2.51,2,2025-09,6.17,3428.62,2025-09,1159.35,151.04,2025-09,24.22,1.35,3.67,2,2025-03,0.01,18.02,24.02,"GRAUWEIL,"
Madhya Bharat Agro Products Ltd.,MBAPL,Fertilizers,3637.83,NSE,415.15,-0.88,1,2025-09,311.72,3924.5,2025-09,1440.39,90.82,2025-09,40.06,1.29,7.94,1,2025-03,0.79,15.23,18.02,"MBAPL,"
Tatva Chintan Pharma Chem Ltd.,TATVA,Chemicals,3509.39,NSE,1500.20,3.28,2,2025-09,83.01,3575.23,2025-09,434.14,17.74,2025-09,197.87,,4.65,2,2025-03,0.05,0.77,1.19,"TATVA,"
Foseco India Ltd.,FOSECOIND,Chemicals,3498.92,NSE,5503.00,-3.62,1,2025-06,,3209.41,2025-09,592.95,79.23,2025-09,44.16,2.73,9.06,1,2024-12,0,23.29,31.33,"FOSECOIND,"
Rossari Biotech Ltd.,ROSSARI,Chemicals,3478.5,NSE,627.60,-1.93,2,2025-09,323.84,3750.37,2025-09,2222.12,135.15,2025-09,25.46,1.6,2.78,2,2025-03,0.16,12.25,16.07,"ROSSARI,"
Vishnu Chemicals Ltd.,VISHNU,Chemicals,3330.42,NSE,494.90,-1.51,2,2025-09,418.28,3598.9,2025-09,1511.92,138.44,2025-09,24.06,0.58,3.33,2,2025-03,0.37,15.56,18.08,"VISHNU,"
Kiri Industries Ltd.,KIRIINDUS,Dyes & Pigments,3253.22,NSE,541.95,2.38,2,2025-09,1222.58,4295.79,2025-09,799.21,-208.39,2025-09,26.66,-3.95,0.99,2,2025-03,0.37,9.06,10.72,"KIRIINDUS,"
Bhagiradha Chemicals & Industries Ltd.,BHAGCHEM,Pesticides & Agrochemicals,3162.63,NSE,243.21,0.72,2,2025-03,84.3,3217.14,2025-06,452.86,12.13,2025-06,260.73,10.81,4.61,2,2025-03,0.12,2.74,5.21,"BHAGCHEM,"
Thirumalai Chemicals Ltd.,TIRUMALCHM,Chemicals,3143.79,NSE,264.95,-4.45,2,2025-09,2004.07,4790.83,2025-09,1865.13,-149.42,2025-09,0,,2.03,2,2025-03,1.48,-4.01,0.32,"TIRUMALCHM,"
Krishana Phoschem Ltd.,KRISHANA,Fertilizers,3139.61,NSE,507.80,-0.24,1,2025-09,411.86,3527.06,2025-09,1780.32,117.13,2025-09,26.8,0.6,7.06,1,2025-03,0.98,25.29,21.77,"KRISHANA,"
Premier Explosives Ltd.,PREMEXPLN,Chemicals,3127.02,NSE,581.05,1.77,2,2025-03,40.65,3066.36,2025-06,476.74,36.77,2025-06,85.14,2.28,11.97,2,2025-03,0.17,12.33,17.12,"PREMEXPLN,"
Fineotex Chemical Ltd.,FCL,Chemicals,3020.2,NSE,26.36,3.58,2,2025-03,0.22,2978.72,2025-06,528.5,105.06,2025-06,28.97,0.75,3.56,2,2025-03,0,18.56,24.04,"FCL,"
SH Kelkar And Company Ltd.,SHK,Chemicals,3005.81,NSE,216.86,0.10,2,2025-09,799.27,3717.13,2025-09,2245.11,155.62,2025-09,19.42,1.42,2.32,2,2025-03,0.6,5.96,8.45,"SHK,"
Nocil Ltd.,NOCIL,Chemicals,2933.79,NSE,175.61,-0.04,2,2025-09,,2905.67,2025-09,1314.6,63.07,2025-09,46.52,-9.96,1.66,2,2025-03,0,5.97,6.7,"NOCIL,"
Bhansali Engineering Polymers Ltd.,BEPL,Chemicals,2391.78,NSE,96.00,-0.52,2,2025-09,,2288.05,2025-09,1323.78,165.46,2025-09,14.35,0.66,2.3,2,2025-03,0,18.7,25.35,"BEPL,"
Indokem Ltd.,INDOKEM,Chemicals,2224.37,BSE,796.00,3.24,2,2025-03,22.12,2243.12,2025-06,182.69,5.23,2025-06,423.69,,52.16,2,2025-03,0.53,7.8,9.82,"INDOKEM,"
India Pesticides Ltd.,IPL,Pesticides & Agrochemicals,2165.65,NSE,188.04,2.58,2,2025-03,51.62,2116.41,2025-06,883.42,98.66,2025-06,21.95,,2.32,2,2025-03,0.06,9.54,12.96,"IPL,"
Insecticides (India) Ltd.,INSECTICID,Pesticides & Agrochemicals,2004.11,NSE,687.50,-1.36,2,2025-03,99.62,2046.63,2025-06,2034.85,150.26,2025-06,13.28,1.29,1.75,2,2025-03,0.09,13.55,17.52,"INSECTICID,"
DCW Ltd.,DCW,Chemicals,1984.62,NSE,67.26,4.88,1,2025-09,364.72,2140.02,2025-09,2026.79,50,2025-09,39.69,1.55,1.88,1,2025-03,0.41,2.93,7.97,"DCW,"
Yasho Industries Ltd.,YASHO,Chemicals,1912.07,NSE,1587.70,-2.67,2,2025-09,572.21,2467.42,2025-09,713.66,12.71,2025-09,150.41,,4.47,2,2025-03,1.35,1.71,7.41,"YASHO,"
Meghmani Organics Ltd.,MOL,Pesticides & Agrochemicals,1896.17,NSE,74.57,-1.40,2,2025-09,840.78,2695.65,2025-09,2312.85,39.66,2025-09,47.81,,1.24,2,2025-03,0.55,-0.7,3.35,"MOL,"
Southern Petrochemical Industries Corporation Ltd.,SPIC,Fertilizers,1817.69,NSE,89.18,1.31,2,2025-03,715.99,2483.52,2025-06,3112.62,127.69,2025-06,11.37,0.63,1.45,2,2025-03,0.6,13.71,16.82,"SPIC,"
Paushak Ltd.,PAUSHAKLTD,Chemicals,1807.35,BSE,745.00,1.55,1,2025-09,60,1866.42,2025-09,216.28,45.5,2025-09,39.72,4.75,3.69,1,2025-03,0.05,11.3,13.11,"PAUSHAKLTD,"
GOCL Corporation Ltd.,GOCLCORP,Chemicals,1682.24,NSE,339.10,0.00,2,2025-03,1114.92,2747.82,2025-06,409.34,167.52,2025-06,1.25,0.05,1.03,2,2025-03,0.71,6.19,9.2,"GOCLCORP,"
JG Chemicals Ltd.,JGCHEM,Chemicals,1630.73,NSE,417.45,1.57,2,2025-03,0.2,1525.6,2025-06,863.42,67.22,2025-06,25.25,,3.39,2,2025-03,0,15.47,20.78,"JGCHEM,"
Vidhi Specialty Food Ingredients Ltd.,VIDHIING,Dyes & Pigments,1619.97,NSE,325.60,1.48,2,2025-03,64.12,1656.64,2025-06,387.23,47.65,2025-06,33.99,6.73,5.16,2,2025-03,0.21,14.93,18.78,"VIDHIING,"
Punjab Chemicals & Crop Protection Ltd.,PUNJABCHEM,Pesticides & Agrochemicals,1560.24,NSE,1273.60,0.40,2,2025-09,114.22,1647.82,2025-09,990.84,52.29,2025-09,29.84,0.95,3.9,2,2025-03,0.46,11.2,14.49,"PUNJABCHEM,"
Jyoti Resins & Adhesives Ltd.,JYOTIRES,Chemicals,1463.76,BSE,1213.00,-0.72,1,2025-03,0,1310.82,2025-06,290.05,72.51,2025-06,20.19,0.36,6.37,1,2025-03,0,40.83,54.64,"JYOTIRES,"
Platinum Industries Ltd.,PLATIND,Chemicals,1456.61,NSE,264.75,-0.30,2,2025-03,9.36,1314.32,2025-06,404.99,45.43,2025-06,32.37,,3.67,2,2025-03,0.02,14.01,19.34,"PLATIND,"
Astec Lifesciences Ltd.,ASTEC,Pesticides & Agrochemicals,1413.99,NSE,632.75,-1.73,2,2025-09,367.02,1771.33,2025-09,378.19,-113.89,2025-09,0,,3.42,2,2025-03,2.36,-44.64,-12.62,"ASTEC,"
Excel Industries Ltd.,EXCELINDUS,Pesticides & Agrochemicals,1371.46,NSE,1093.90,0.21,2,2025-03,0.05,1355.26,2025-06,1022.68,88.05,2025-06,15.58,-6.63,0.85,2,2025-03,0,5.66,7.73,"EXCELINDUS,"
Sigachi Industries Ltd.,SIGACHI,Chemicals,1367.21,NSE,35.77,0.08,2,2025-09,142.87,1428.31,2025-09,506.35,-53.75,2025-09,0,,2.69,2,2025-03,0.2,14.49,16.42,"SIGACHI,"
Ultramarine & Pigments Ltd.,ULTRAMAR,Dyes & Pigments,1288.45,BSE,441.00,-1.35,2,2025-09,81.8,1305.33,2025-09,753.73,79.42,2025-09,16.22,4.17,1.3,2,2025-03,0.09,8.01,10.53,"ULTRAMAR,"
Shree Pushkar Chemicals & Fertilisers Ltd.,SHREEPUSHK,Dyes & Pigments,1271.84,NSE,393.20,1.21,2,2025-09,151.05,1405.56,2025-09,946.05,71.62,2025-09,17.76,1.7,2.27,2,2025-03,0.18,11.62,11.81,"SHREEPUSHK,"
Madras Fertilizers Ltd.,MADRASFERT,Fertilizers,1261.1,NSE,78.38,-1.32,1,2025-03,664.16,1259.19,2025-06,2559.07,67.83,2025-06,18.59,0.92,117.63,1,2025-03,-20.56,0,27.7,"MADRASFERT,"
IG Petrochemicals Ltd.,IGPL,Chemicals,1229.79,NSE,399.55,-0.91,2,2025-09,400.56,1443.94,2025-09,1973.52,32.51,2025-09,37.83,0.97,0.94,2,2025-03,0.2,8.41,11.15,"IGPL,"
TGV SRACC Ltd.,TGVSL,Chemicals,1223.5,BSE,114.25,-1.64,1,2025-03,330.76,1458.11,2025-06,1860.91,117.38,2025-06,10.42,0.73,1.01,1,2025-03,0.28,8.12,10.71,"TGVSL,"
Manali Petrochemicals Ltd.,MANALIPETC,Chemicals,1187.31,NSE,69.08,-0.26,2,2025-03,45.42,899.94,2025-06,891.37,30.62,2025-06,38.78,-3.87,1.07,2,2025-03,0.04,2.72,4.72,"MANALIPETC,"
Oriental Aromatics Ltd.,OAL,Chemicals,1178.72,NSE,350.60,0.91,2,2025-03,352.03,1518.52,2025-06,938.01,23.85,2025-06,49.42,-2.94,1.78,2,2025-03,0.53,5.3,7.88,"OAL,"
Heubach Colorants India Ltd.,HEUBACHIND,Chemicals,1144.74,NSE,495.60,0.81,1,2025-09,,935.97,2025-09,827.12,61.23,2025-09,18.7,6.77,2.06,1,2025-03,0,10.33,14.21,"HEUBACHIND,"
3B Blackbio Dx Ltd.,3BBLACKBIO,Pesticides & Agrochemicals,1140.81,BSE,1327.50,0.24,2,2025-03,0.31,1072.28,2025-06,99.27,49.04,2025-06,23.26,0.49,4.06,2,2025-03,0,19.41,26.03,"3BBLACKBIO,"
Amines & Plasticizers Ltd.,AMNPLST,Chemicals,1139.19,NSE,208.21,-0.44,2,2025-03,77.2,1170.64,2025-06,663.54,39.78,2025-06,28.64,3.3,4.28,2,2025-03,0.3,17.13,20.19,"AMNPLST,"
Heranba Industries Ltd.,HERANBA,Pesticides & Agrochemicals,1132.38,NSE,283.00,-3.03,2,2025-03,345.29,1423.11,2025-06,1565.91,-8.06,2025-06,0,,1.34,2,2025-03,0.41,0.27,4.46,"HERANBA,"
The Andhra Sugars Ltd.,ANDHRSUGAR,Chemicals,1110.71,NSE,81.95,-0.16,2,2025-09,7.33,1081.43,2025-09,2208.5,76.39,2025-09,17.68,-0.67,0.68,2,2024-03,0.02,3.48,4.43,"ANDHRSUGAR,"
Gem Aromatics Ltd.,GEMAROMA,Chemicals,1104.29,NSE,211.06,-1.88,2,2025-03,222.37,1324.51,,,,2025-03,20.69,,1.49,2,2025-03,0.78,20.75,19.53,"GEMAROMA,"
Zuari Agro Chemicals Ltd.,ZUARI,Fertilizers,1057.13,NSE,251.15,5.00,2,2025-03,644.15,1488.88,2025-06,4585.49,114.04,2025-06,4.15,0.24,0.55,2,2025-03,0.35,13.04,16.04,"ZUARI,"
Khaitan Chemicals & Fertilizers Ltd.,KHAICHEM,Fertilizers,986.38,NSE,102.11,1.66,1,2025-09,279.22,1247.1,2025-09,902.36,64.07,2025-09,15.4,-0.41,3.71,1,2025-03,1.4,0.63,2.51,"KHAICHEM,"
Indo Amines Ltd.,INDOAMIN,Chemicals,969.04,NSE,133.17,-0.17,2,2025-03,284.42,1238.32,2025-06,1101.08,65.8,2025-06,14.73,0.43,2.8,2,2025-03,0.9,19.28,18.36,"INDOAMIN,"
Fairchem Organics Ltd.,FAIRCHEMOR,Chemicals,963.81,NSE,738.45,1.44,1,2025-09,54.4,1016.9,2025-09,476.94,6.06,2025-09,159.07,-18.22,3.28,1,2025-03,0.21,7.42,10.14,"FAIRCHEMOR,"
Bhageria Industries Ltd.,BHAGERIA,Dyes & Pigments,913.91,NSE,209.40,1.20,2,2025-09,73.62,972.68,2025-09,714.85,48.85,2025-09,17.93,-1.93,1.59,2,2025-03,0.08,7.16,9.72,"BHAGERIA,"
Sree Rayalaseema Hi-Strength Hypo Ltd.,SRHHYPOLTD,Chemicals,908.28,NSE,528.90,-1.42,2,2025-03,1.61,536.2,2025-06,649.45,91.26,2025-06,9.95,0.53,0.97,2,2025-03,0,10.18,14.02,"SRHHYPOLTD,"
Advance Agrolife Ltd.,ADVANCE,Pesticides & Agrochemicals,882.32,NSE,137.32,-1.03,1,2025-03,79.24,959.65,,,,2025-03,34.41,,2.92,1,2025-03,0.79,29.11,27.02,"ADVANCE,"
Amal Ltd.,AMAL,Chemicals,879.48,BSE,711.40,0.17,2,2025-09,,878.61,2025-09,186.06,38.78,2025-09,22.68,0.87,7.76,2,2025-03,0,34.65,35.94,"AMAL,"
Sunshield Chemicals Ltd.,SUNSHIEL,Chemicals,877.33,BSE,1000.00,2.66,1,2025-09,87.65,964.27,2025-09,431.2,21.42,2025-09,40.96,0.63,8.03,1,2025-03,1.05,16.4,14.93,"SUNSHIEL,"
Chemcon Speciality Chemicals Ltd.,CHEMCON,Chemicals,871.63,NSE,237.59,2.23,1,2025-03,24.69,754.8,2025-06,215.4,25.47,2025-06,34.22,-2.65,1.72,1,2025-03,0.05,5.01,7.02,"CHEMCON,"
Dharmaj Crop Guard Ltd.,DHARMAJ,Pesticides & Agrochemicals,841.38,NSE,248.75,-0.28,2,2025-03,115.56,953.73,2025-03,951.04,34.83,2025-03,24.16,,1.97,2,2025-03,0.29,9.24,11.96,"DHARMAJ,"
Valiant Organics Ltd.,VALIANTORG,Chemicals,835.52,NSE,300.25,0.74,2,2025-03,248.46,1076.33,2025-06,755.25,5.36,2025-06,164.28,,1.14,2,2025-03,0.34,-0.47,2.63,"VALIANTORG,"
Tuticorin Alkali Chemicals and Fertilizers Ltd.,TUTIALKA,Chemicals,835.43,BSE,68.55,0.51,1,2025-03,97.94,932.79,2025-06,313.32,35.88,2025-06,23.28,0.75,-17.46,1,2025-03,-1.7,0,0,"TUTIALKA,"
Indo Borax & Chemicals Ltd.,INDOBORAX,Chemicals,813.32,NSE,254.00,3.65,2,2025-03,0,773.61,2025-06,179.07,38.7,2025-06,21.02,1.04,2.35,2,2025-03,0,13.52,18.72,"INDOBORAX,"
Titan Bio-Tech Ltd.,TITANBIO,Chemicals,803.6,BSE,972.45,-2.00,2,2025-03,2.1,800.15,2025-06,159.83,18.73,2025-06,36.54,1.37,5.04,2,2025-03,0.01,12.74,17,"TITANBIO,"
Chemfab Alkalis Ltd.,CHEMFAB,Chemicals,800.18,NSE,555.90,-2.12,2,2025-09,107.77,907.07,2025-09,344.05,-6.76,2025-09,0,0,2.11,2,2025-03,0.22,-1.81,1.2,"CHEMFAB,"
Transpek Industry Ltd.,TRANSPEK,Pesticides & Agrochemicals,790.39,BSE,1415.05,-0.32,2,2025-03,36.88,725.78,2025-06,652.22,55.03,2025-06,14.36,-1.85,1.04,2,2025-03,0.05,6.87,9.79,"TRANSPEK,"
Nitta Gelatin India Ltd.,NITTAGELA,Chemicals,756.07,BSE,838.00,1.80,2,2025-09,21.27,633.26,2025-09,540.67,82.69,2025-09,9.26,0.2,1.67,2,2025-03,0.07,21.97,27.99,"NITTAGELA,"
Bodal Chemicals Ltd.,BODALCHEM,Dyes & Pigments,750.75,NSE,59.66,-0.20,2,2025-03,905.97,1620.67,2025-06,1777.18,29.21,2025-06,25.7,-1,0.67,2,2025-03,0.82,1.69,5.06,"BODALCHEM,"
Best Agrolife Ltd.,BESTAGRO,Pesticides & Agrochemicals,747.76,NSE,315.90,0.38,2,2025-03,466.6,1115.03,2025-06,1676.29,68.53,2025-06,10.91,,1.07,2,2025-03,0.69,10.83,13.37,"BESTAGRO,"
Rama Phosphates Ltd.,RAMAPHO,Fertilizers,732.15,NSE,207.16,9.52,1,2025-09,100.54,821.42,2025-09,816.51,42.23,2025-09,17.34,-8.26,2.28,1,2025-03,0.42,4.84,9.39,"RAMAPHO,"
DMCC Speciality Chemicals Ltd.,DMCC,Chemicals,728.99,NSE,292.85,-0.46,2,2025-03,71.75,794.7,2025-06,473.02,27.91,2025-06,26.12,-3.57,3.1,2,2025-03,0.32,9.85,13.96,"DMCC,"
Shivalik Rasayan Ltd.,SHIVALIK,Pesticides & Agrochemicals,719.08,NSE,457.45,1.21,2,2025-03,104.73,795.84,2025-06,326.45,19.37,2025-06,47.9,13.38,2.07,2,2025-03,0.3,6.04,7.68,"SHIVALIK,"
Jayant Agro-Organics Ltd.,JAYAGROGN,Chemicals,672.6,NSE,225.35,1.44,2,2025-09,185.07,847.13,2025-09,2385.56,49.98,2025-09,13.07,0.44,1.13,2,2025-03,0.18,9.62,13.27,"JAYAGROGN,"
Indogulf Cropsciences Ltd.,IGCL,Pesticides & Agrochemicals,649.31,NSE,102.41,1.67,2,2025-03,220.43,860.06,2025-03,590.42,31.47,2025-03,20.63,,1.36,2,2025-03,0.8,12.42,13.4,"IGCL,"
Shalimar Paints Ltd.,SHALPAINTS,Paints,629.51,NSE,75.11,0.58,2,2025-03,152.55,736.59,2025-06,624.19,-69.79,2025-06,0,0,3.35,2,2025-03,0.75,-32.92,-16.77,"SHALPAINTS,"
Ganesh Benzoplast Ltd.,GANESHBE,Chemicals,599.6,NSE,83.86,-0.78,2,2025-03,19.31,520.13,2025-06,382.4,39.79,2025-06,15.07,1.31,1.08,2,2025-03,0.04,7.32,10.98,"GANESHBE,"
Bhatia Colour Chem Ltd.,BCCL,Chemicals,574.76,BSE,406.50,,1,2025-03,20.7,573.94,2025-03,125.1,3.66,2025-03,156.92,,6.26,1,2025-03,0.31,5.69,7.65,"BCCL,"
Black Rose Industries Ltd.,BLACKROSE,Chemicals,562.02,BSE,110.20,-5.29,2,2025-03,10.78,563.73,2025-06,352.78,20.42,2025-06,27.53,-61.18,3.59,2,2025-03,0.07,14.11,18.85,"BLACKROSE,"
Vikram Thermo (India) Ltd.,VIKRAMTH,Chemicals,554.25,BSE,176.80,0.74,1,2025-03,6.4,560.12,2025-06,123.69,31.93,2025-06,17.36,0.79,4.28,1,2025-03,0.05,28.73,36.29,"VIKRAMTH,"
Lords Chloro Alkali Ltd.,LORDSCHLO,Chemicals,551.75,NSE,219.37,0.77,1,2025-03,126.25,666.06,2025-06,305.38,14.68,2025-06,37.6,-3.87,3.04,1,2025-03,0.74,3.68,5.46,"LORDSCHLO,"
Primo Chemicals Ltd.,PRIMO,Chemicals,542.85,NSE,22.32,-0.89,2,2025-03,168.04,702.65,2025-06,575.57,17.12,2025-06,28.74,,1.52,2,2025-03,0.48,0.67,7.3,"PRIMO,"
Kronox Lab Sciences Ltd.,KRONOX,Chemicals,541.9,NSE,145.90,0.25,1,2025-03,0,533.47,2025-06,99.29,25.6,2025-06,21.17,,5.62,1,2025-03,0,32.56,43.82,"KRONOX,"
OCCL Ltd.,OCCLLTD,Chemicals,541.46,NSE,108.91,-2.91,1,2025-09,81.54,620.18,2025-09,446.4,35.78,2025-09,15.13,,1.32,1,2025-03,0.14,10.81,15.05,"OCCLLTD,"
Nikhil Adhesives Ltd.,NIKHILAD,Chemicals,500.09,BSE,109.10,-2.68,1,2025-03,56.44,550.78,2025-06,546.89,15.88,2025-06,31.5,1.65,3.75,1,2025-03,0.43,13.83,17.4,"NIKHILAD,"
Naperol Investments Ltd.,NAPEROL,Chemicals,496.68,BSE,864.25,-1.59,1,2025-09,,496.17,2025-09,23.73,9.62,2025-09,51.65,-5.45,0.42,1,2025-03,0,0.95,1.06,"NAPEROL,"
Sacheerome Ltd.,SACHEEROME,Chemicals,487.73,NSE,218.00,-2.29,1,2025-03,3.47,489.28,,,,2025-03,30.52,,3.95,1,2025-03,0.06,29.6,38.62,"SACHEEROME,"
Hi-Green Carbon Ltd.,HIGREEN,Carbon Black,481.31,NSE,192.60,3.58,1,2025-03,47.3,528.59,2025-03,88.35,10.57,2025-03,45.52,,5.59,2,2025-03,0.55,13.73,12.79,"HIGREEN,"
Aries Agro Ltd.,ARIES,Fertilizers,474.07,NSE,365.00,-0.91,2,2025-03,44.25,485.39,2025-06,652.94,36.26,2025-06,12.89,0.45,1.58,2,2025-03,0.15,12.18,18.95,"ARIES,"
DIC India Ltd.,DICIND,Chemicals,465.37,NSE,502.80,0.93,1,2025-06,,423.03,2025-06,876.91,16.08,2025-06,28.93,50.76,1.11,1,2024-12,0,4.82,6.69,"DICIND,"
Plastiblends India Ltd.,PLASTIBLEN,Chemicals,460.14,NSE,174.94,2.30,1,2025-09,19.98,478.33,2025-09,775.77,32.64,2025-09,14.1,-6.74,1.06,1,2025-03,0,8.03,11.08,"PLASTIBLEN,"
HP Adhesives Ltd.,HPAL,Chemicals,451.66,NSE,49.12,0.37,2,2025-03,5.69,452.61,2025-06,258.54,16.82,2025-06,26.84,,2.4,2,2025-03,0.03,10.33,14.4,"HPAL,"
Andhra Petrochemicals Ltd.,ANDHRAPET,Chemicals,443.98,BSE,52.35,-1.10,1,2025-09,0.93,202.91,2025-09,577.08,-36.68,2025-09,0,,0.86,1,2024-03,0,11.95,17.69,"ANDHRAPET,"
Keltech Energies Ltd.,KELENRG,Chemicals,437.81,BSE,4350.10,-3.39,1,2025-03,38.18,450.25,2025-06,502.52,26.4,2025-06,16.59,0.42,3.3,1,2025-03,0.31,22.25,26.04,"KELENRG,"
Nova Agritech Ltd.,NOVAAGRI,Pesticides & Agrochemicals,414.12,NSE,44.77,-1.13,2,2025-03,54.65,439.41,2025-06,298.97,26.39,2025-06,15.69,,1.86,2,2025-03,0.25,13.28,16.39,"NOVAAGRI,"
Infinium Pharmachem Ltd.,INFINIUM,Chemicals,412.8,NSE,264.90,-0.04,1,2025-03,,379.51,2025-03,136.92,8.47,2025-03,48.74,,4.18,2,2024-03,0.19,28.28,28.57,"INFINIUM,"
Mangalam Organics Ltd.,MANORG,Chemicals,411.09,NSE,477.20,-3.84,2,2025-03,268.19,678.27,2025-06,558.58,23.16,2025-06,17.75,-0.69,1.35,2,2025-03,0.91,4.39,7.51,"MANORG,"
Goa Carbon Ltd.,GOACARBON,Carbon Black,388.42,NSE,424.50,-1.54,1,2025-09,390.64,577.48,2025-09,563.38,-44.25,2025-09,0,0,2.06,1,2025-03,1.29,-9.47,-1.91,"GOACARBON,"
Dynemic Products Ltd.,DYNPRO,Dyes & Pigments,372.85,NSE,300.85,0.53,2,2025-03,95.88,466.55,2025-06,381.9,17.04,2025-06,21.89,-2.41,1.63,2,2025-03,0.43,7.12,10,"DYNPRO,"
Alufluoride Ltd.,ALUFLUOR,Chemicals,351.65,BSE,449.65,-3.61,2,2025-09,24.93,372.16,2025-09,200.19,18.59,2025-09,18.91,,3.15,2,2025-03,0.22,19.42,23.63,"ALUFLUOR,"
Kanoria Chemicals & Industries Ltd.,KANORICHEM,Chemicals,340.46,NSE,77.50,0.08,2,2025-03,594.12,925.68,2025-06,1606.36,-98.84,2025-06,0,0,0.67,2,2025-03,1.14,-19.44,-4.63,"KANORICHEM,"
National Peroxide Ltd.,NPL,Chemicals,334.36,BSE,581.00,0.27,1,2025-09,5.27,308.84,2025-09,270.8,-6.73,2025-09,0,,0.95,1,2025-03,0.02,-0.63,-0.11,"NPL,"
Vipul Organics Ltd.,VIPULORG,Dyes & Pigments,323.39,BSE,182.50,-1.67,2,2025-03,45.79,366.82,2025-06,162.34,4.56,2025-06,70.9,-45.45,4.65,2,2025-03,0.72,7.3,9.19,"VIPULORG,"
Ducol Organics & Colours Ltd.,DUCOL,Paints,321.4,NSE,197.25,0.84,1,2025-03,27.31,297.71,2025-03,77.35,4.62,2025-03,69.5,,3.56,1,2025-03,0.3,5.99,8.53,"DUCOL,"
Asahi Songwon Colors Ltd.,ASAHISONG,Dyes & Pigments,319.32,NSE,271.25,-0.35,2,2025-03,164.77,477.99,2025-06,577.96,15.08,2025-06,18,-6.31,1.24,2,2025-03,0.65,6.87,9.72,"ASAHISONG,"
Beezaasan Explotech Ltd.,BEEZAASAN,Chemicals,313.27,BSE,241.00,-0.10,1,2025-03,24.61,317.4,2025-03,214.99,12.3,2025-03,25.47,,3.35,2,2025-03,0.26,23.6,24.66,"BEEZAASAN,"
Balaji Phosphates Ltd.,BALAJIPHOS,Fertilizers,301.73,NSE,126.90,4.92,1,2025-03,31.27,331.44,2025-03,98.72,7.3,2025-03,41.33,,3.87,2,2025-03,0.39,13.77,16.2,"BALAJIPHOS,"
Nagarjuna Fertilizers and Chemicals Ltd.,NAGAFERT,Fertilizers,288.87,NSE,4.86,0.62,2,2025-03,16.54,227.23,2025-06,0.93,-34.59,2025-06,0,0,-0.31,2,2025-03,-0.02,0,0,"NAGAFERT,"
Poddar Pigments Ltd.,PODDARMENT,Dyes & Pigments,287.69,NSE,274.75,-2.62,1,2025-09,,266.99,2025-09,360.23,17.86,2025-09,16.11,11.27,0.78,1,2025-03,0.03,6.41,8.58,"PODDARMENT,"
Kesar Petroproducts Ltd.,KESARPE,Chemicals,286.83,BSE,29.70,0.07,1,2025-03,72.93,329.82,2025-06,188.9,13.73,2025-06,20.89,0.49,2.04,1,2025-03,0.54,7.7,7.42,"KESARPE,"
Anya Polytech & Fertilizers Ltd.,ANYA,Fertilizers,285,NSE,23.75,,1,2025-03,54.3,337.4,2025-03,119.31,7.01,2025-03,40.63,,3.53,2,2024-03,1.32,30.91,19.1,"ANYA,"
Indian Toners & Developers Ltd.,INDTONER,Chemicals,280.58,BSE,270.00,0.61,1,2025-03,0,247.1,2025-06,156.78,26.47,2025-06,10.6,0.82,1.34,1,2025-03,0,10.91,16.49,"INDTONER,"
Diamines & Chemicals Ltd.,DIAMINESQ,Chemicals,257.61,NSE,265.35,2.95,2,2025-09,9.82,232.59,2025-09,57,-4.69,2025-09,0,,1.67,2,2025-03,0,1.99,3.31,"DIAMINESQ,"
ARCL Organics Ltd.,ARCL,Chemicals,255.92,BSE,319.90,-1.20,2,2025-03,33.68,271.53,2025-06,258,13.56,2025-06,18.87,,3.14,2,2025-03,0.43,17.25,20.39,"ARCL,"
Vikas EcoTech Ltd.,VIKASECO,Chemicals,251.29,NSE,1.80,-3.23,2,2025-03,27.78,274.18,2025-06,380.17,8.97,2025-06,28.01,,0.64,2,2025-03,0.07,4.41,6.37,"VIKASECO,"
Sikko Industries Ltd.,SIKKO,Pesticides & Agrochemicals,248.6,NSE,113.83,1.25,1,2025-03,4.12,252.59,2025-06,63.98,4.7,2025-06,52.88,4.45,2.98,1,2024-03,0.21,15.73,20.69,"SIKKO,"
Sadhana Nitro Chem Ltd.,SADHNANIQ,Chemicals,233.55,NSE,7.08,2.02,2,2025-03,235.15,459.8,2025-06,157.55,4.82,2025-06,48.45,-3.91,0.87,2,2025-03,0.87,3.09,6.14,"SADHNANIQ,"
India Gelatine & Chemicals Ltd.,INDGELA,Chemicals,227.59,BSE,321.00,0.23,1,2025-03,5.77,227.27,2025-06,187.53,19.43,2025-06,11.71,0.44,1.27,1,2025-03,0.03,10.68,13.75,"INDGELA,"
Patel Chem Specialities Ltd.,PATELCHEM,Chemicals,224.08,BSE,90.10,0.84,1,2025-03,14.85,238.29,,,,2025-03,21.21,,2.38,1,2025-03,0.42,38.47,35.23,"PATELCHEM,"
Chembond Material Technologies Ltd.,CHEMBOND,Chemicals,223.58,NSE,165.77,-0.52,2,2025-09,5.99,214.78,2025-09,293.82,22.9,2025-09,9.77,0.18,1.38,2,2025-03,0.02,11.73,13.02,"CHEMBOND,"
Cochin Minerals & Rutile Ltd.,COCHINM,Chemicals,222.53,BSE,285.00,-0.05,1,2025-09,2.45,208.27,2025-09,281.38,16.76,2025-09,13.27,0.42,1.32,1,2025-03,0.07,15.01,23.32,"COCHINM,"
Hindustan Organic Chemicals Ltd.,HOCL,Chemicals,217.37,BSE,32.36,-0.98,2,2025-03,205.51,168.66,2025-06,640.39,420.61,2025-06,0.52,-0.23,3.69,2,2025-03,3.14,0,1204.99,"HOCL,"
Jaysynth Orgochem Ltd.,JAYSYNTH,Dyes & Pigments,208.56,BSE,15.45,-0.58,2,2025-03,45.16,235.93,2025-06,236.67,14.48,2025-06,14.41,,1.67,2,2025-03,0.37,14.13,14.21,"JAYSYNTH,"
Narmada Gelatines Ltd.,SHAWGELTIN,Chemicals,204.9,BSE,339.00,0.46,1,2025-03,12.72,217.17,2025-06,191.47,18.45,2025-06,11.11,1.86,1.65,1,2024-03,0,15.12,20.55,"SHAWGELTIN,"
Dai-Ichi Karkaria Ltd.,DAICHI,Chemicals,203.9,BSE,274.00,-0.13,2,2025-03,12.73,206.16,2025-06,186.97,5.94,2025-06,23.68,1.23,1.09,2,2025-03,0.07,3.35,5.14,"DAICHI,"
Aksharchem (India) Ltd.,AKSHARCHEM,Dyes & Pigments,200.95,NSE,251.10,-0.97,1,2025-03,66.77,265.92,2025-06,357.32,4.33,2025-06,46.45,-2.19,0.76,1,2025-03,0.25,1.82,3.46,"AKSHARCHEM,"
Ishan Dyes and Chemicals Ltd.,ISHANCH,Dyes & Pigments,196.13,NSE,72.83,-1.10,1,2025-03,92.09,287.97,2025-06,84.78,0.51,2025-06,385.33,-11.57,1.45,1,2025-03,0.9,1.06,4.08,"ISHANCH,"
Bluegod Entertainment Ltd.,BLUEGOD,Fertilizers,192.69,BSE,3.50,1.74,1,2025-03,5.35,197.93,2025-06,2.3,1.37,2025-06,140.34,29.55,4.43,1,2024-03,-0.46,0,-32.74,"BLUEGOD,"
Chemcrux Enterprises Ltd.,CHEMCRUX,Chemicals,187.11,BSE,127.55,5.11,2,2025-09,36.71,220.78,2025-09,69.4,1.84,2025-09,101.97,,2.5,2,2025-03,0.56,5.33,7.02,"CHEMCRUX,"
IVP Ltd.,IVP,Chemicals,185.77,NSE,178.65,1.73,1,2025-09,99.99,285.39,2025-09,563.86,10.91,2025-09,17.03,0.63,1.29,1,2025-03,0.75,8.41,9.96,"IVP,"
Indian Emulsifiers Ltd.,IEML,Chemicals,184.8,NSE,100.80,5.16,1,2025-09,32.34,212.76,2025-03,101.23,13.3,2025-03,13.9,,1.54,1,2024-03,0.83,45.98,31.14,"IEML,"
Arvee Laboratories (India) Ltd.,ARVEE,Chemicals,179.35,NSE,162.75,2.31,1,2025-03,1.03,174.41,2025-06,35.36,1.37,2025-06,130.53,-95.98,5.71,1,2024-03,0.03,3.68,7.03,"ARVEE,"
Bharat Agri Fert & Realty Ltd.,BHARATAGRI,Fertilizers,168.03,BSE,31.83,2.51,1,2025-03,64.4,228.8,2025-06,25.36,0.62,2025-06,268.84,16.45,3.36,1,2024-03,0.88,-6.37,-0.36,"BHARATAGRI,"
Kanchi Karpooram Ltd.,KANCHI,Chemicals,166.54,BSE,383.45,1.86,2,2025-03,0,115.01,2025-06,151.65,10.23,2025-06,15.7,,0.78,2,2025-03,0,6.48,9.02,"KANCHI,"
Hindcon Chemicals Ltd.,HINDCON,Chemicals,160.07,NSE,31.27,-1.48,2,2025-03,0.77,146.87,2025-06,58.55,3.87,2025-06,41.63,6.96,2.76,2,2024-03,0,13.5,18.07,"HINDCON,"
Hindprakash Industries Ltd.,HPIL,Dyes & Pigments,156.86,NSE,137.31,-3.23,1,2025-03,30.16,183.55,2025-06,109.49,1.48,2025-06,106.2,,3.03,2,2024-03,0.45,3.42,6.99,"HPIL,"
Vital Chemtech Ltd.,VITAL,Chemicals,149.1,NSE,62.25,-4.96,1,2025-03,48.14,196.42,2025-03,120.23,4.63,2025-03,32.22,,1.59,2,2025-03,0.52,4.6,6.7,"VITAL,"
Shlokka Dyes Ltd.,SHLOKKA,Dyes & Pigments,145.47,BSE,67.95,1.57,1,2025-03,27.92,173.31,,,,2025-03,14.53,,1.71,1,2025-03,1.02,44.58,29.19,"SHLOKKA,"
Polson Ltd.,POLSON,Chemicals,143.04,BSE,11957.90,-0.34,1,2025-03,42.91,184.7,2025-06,92.14,5.03,2025-06,28.44,-4.8,1.12,1,2025-03,0.34,4.23,6.58,"POLSON,"
Deepak Chemtex Ltd.,DEEPAKCHEM,Chemicals,140.04,BSE,129.00,-4.69,1,2025-03,0.89,136.07,2025-03,68,10.07,2025-03,13.91,,3.28,2,2024-03,0.04,20.72,27.65,"DEEPAKCHEM,"
Beardsell Ltd.,BEARDSELL,Chemicals,137.52,NSE,34.87,0.61,2,2025-03,26.95,155.5,2025-06,274.36,10.45,2025-06,13.16,0.14,1.88,2,2025-03,0.33,12.92,15.84,"BEARDSELL,"
Jocil Ltd.,JOCIL,Chemicals,133.77,NSE,150.62,0.25,1,2025-09,5.46,134.81,2025-09,913.83,1.92,2025-09,69.63,-1.77,0.64,1,2024-03,0.03,0.83,1.4,"JOCIL,"
Mahickra Chemicals Ltd.,MAHICKRA,Chemicals,130.85,NSE,161.10,,1,2025-03,15.3,146.08,2025-03,88.16,2.54,2025-03,51.65,,3.67,2,2025-03,0.43,7.34,9.86,"MAHICKRA,"
Basant Agro Tech (India) Ltd.,BASANTGL,Fertilizers,126.61,BSE,13.98,0.22,1,2025-03,130.53,256.64,2025-06,474.07,4.39,2025-06,28.82,-2.42,0.7,1,2025-03,0.73,2.37,6.53,"BASANTGL,"
Fundviser Capital (India) Ltd.,FUNDVISER,Dyes & Pigments,126.31,BSE,213.80,4.93,1,2025-03,,124.45,2025-06,1.25,0.33,2025-06,386.28,4.65,6.38,1,2024-03,0,5,6.07,"FUNDVISER,"
Indian Phosphate Ltd.,IPHL,Fertilizers,124.32,NSE,49.75,0.30,1,2025-03,61.97,163.32,2025-03,799.1,9.17,2025-03,13.56,,0.83,2,2025-03,0.42,6.38,9.31,"IPHL,"
ZR2 Bioenergy Ltd.,ZR2,Chemicals,123.13,BSE,345.00,-0.23,1,2025-03,,104.12,2025-06,1.49,0.69,2025-06,179.48,10.89,0.88,1,2024-03,1.31,3.67,2.08,"ZR2,"
Par Drugs And Chemicals Ltd.,PAR,Chemicals,121.48,NSE,98.73,-0.45,1,2025-03,,93.91,2025-06,104.41,14.15,2025-06,8.58,0.37,1.19,1,2024-03,0,18.49,25.02,"PAR,"
Paragon Fine And Speciality Chemical Ltd.,PARAGON,Chemicals,110.35,NSE,56.40,-0.97,1,2025-03,3.42,113.55,2025-03,116.11,5.92,2025-03,18.65,,1.23,1,2025-03,0.04,6.85,9.17,"PARAGON,"
Deep Polymers Ltd.,DEEP,Chemicals,109.34,BSE,45.79,1.53,2,2025-03,33.88,143.19,2025-06,95.89,5.09,2025-06,21.37,0.77,1.19,2,2024-03,0.42,9.37,9.28,"DEEP,"
Renol Polychem Ltd.,RNPL,Chemicals,109.11,NSE,137.35,-1.65,1,2025-03,6.95,113.1,,,,2025-03,21.84,,2.79,1,2025-03,0.52,45.37,46.02,"RNPL,"
Ambani Orgochem Ltd.,AMBANIORGO,Chemicals,107.03,NSE,139.75,,1,2025-03,53.95,144.78,2025-03,193.93,-0.92,2025-03,0,0,2.21,2,2024-03,1.22,8.54,6.7,"AMBANIORGO,"
Retina Paints Ltd.,RETINA,Paints,105,BSE,68.45,1.41,1,2025-03,9.85,114.53,2025-03,20.62,1.3,2025-03,80.53,,3.07,1,2025-03,0.29,4.64,8.06,"RETINA,"
Resonance Specialties Ltd.,RESONANCE,Chemicals,102.6,BSE,88.88,-2.18,1,2025-09,2.57,103.9,2025-09,85.25,7.46,2025-09,13.76,9.83,1.64,1,2025-03,0.05,11.5,15.2,"RESONANCE,"
Shivam Chemicals Ltd.,SHIVAM,Chemicals,101.5,BSE,59.75,-0.50,1,2025-03,15.44,116.18,2025-03,207.36,2.57,2025-03,39.46,,2.77,2,2025-03,0.44,8.29,11.39,"SHIVAM,"
Ambey Laboratories Ltd.,AMBEY,Pesticides & Agrochemicals,96.29,NSE,38.60,-1.03,1,2025-03,40.84,135.37,2025-03,131.27,4.78,2025-03,20.14,,1.46,1,2024-03,1.41,52.08,21.4,"AMBEY,"
Archit Organosys Ltd.,ARCHITORG,Chemicals,94.76,BSE,46.43,-0.41,1,2025-03,26.95,121.31,2025-06,131.79,6.08,2025-06,15.58,,1.33,2,2024-03,0.4,5.2,7.56,"ARCHITORG,"
Snehaa Organics Ltd.,SNEHAA,Chemicals,93.55,NSE,91.90,16.26,1,2025-03,9.09,102.44,,,,2025-03,12.75,,1.97,1,2025-03,0.61,66.07,58.76,"SNEHAA,"
Crop Life Science Ltd.,CLSL,Pesticides & Agrochemicals,92.56,NSE,54.00,0.00,1,2025-03,40.59,132.2,2025-03,200.59,6.62,2025-03,13.98,,1.18,2,2025-03,0.52,7.51,11.35,"CLSL,"
Alkali Metals Ltd.,ALKALI,Chemicals,90.3,NSE,88.04,-4.33,1,2025-09,18.1,107.99,2025-09,86.59,-2.65,2025-09,0,,2.2,1,2025-03,0.42,-12.31,-8.63,"ALKALI,"
Technichem Organics Ltd.,TECHNICHEM,Chemicals,90.21,BSE,52.08,-5.00,1,2025-03,15.01,97.26,2025-03,56.78,4.03,2025-03,22.39,,1.98,1,2025-03,0.33,12.43,13.81,"TECHNICHEM,"
Polychem Ltd.,POLYCHEM,Chemicals,88.89,BSE,2200.00,-0.45,2,2025-03,0,84.3,2025-06,41.54,6.94,2025-06,18.88,-11.95,1.8,2,2025-03,0,8.98,11.52,"POLYCHEM,"
Kemistar Corporation Ltd.,KEMISTAR,Chemicals,87.69,BSE,81.50,5.00,2,2025-03,8.1,95.52,2025-06,17.38,0.58,2025-06,150.93,21.47,4.73,2,2024-03,0.39,3.04,5.01,"KEMISTAR,"
Aristo Bio-Tech and Lifescience Ltd.,ARISTO,Pesticides & Agrochemicals,87.14,NSE,128.00,,1,2025-03,21.85,107.88,2025-03,318.09,4.06,2025-03,21.45,,2.33,1,2025-03,0.59,11.46,12.96,"ARISTO,"
Agro Phos India Ltd.,AGROPHOS,Fertilizers,86.69,NSE,42.76,1.16,2,2025-03,28.2,113.72,2025-06,124.22,9.74,2025-06,9.02,,1.24,2,2024-03,0.6,-10.94,-4.93,"AGROPHOS,"
Genpharmasec Ltd.,GENPHARMA,Dyes & Pigments,83.06,BSE,1.52,0.00,2,2025-09,9.13,87.15,2025-09,67.17,0.55,2025-09,151.57,,1.26,2,2025-03,0.05,1.9,3.43,"GENPHARMA,"
Mehul Colours Ltd.,MEHUL,Dyes & Pigments,81.97,BSE,77.70,-5.82,1,2025-03,0,80.67,,,,2025-03,14.89,,2.12,1,2025-03,0,38.46,51.45,"MEHUL,"
Sunil Healthcare Ltd.,SUNLOC,Chemicals,77.22,BSE,75.30,-3.06,2,2025-09,60,134.63,2025-09,87.83,1.73,2025-09,44.66,3.92,1.51,2,2025-03,1.36,-2.8,4.44,"SUNLOC,"
Eiko Lifesciences Ltd.,EIKO,Chemicals,75.22,BSE,54.82,-4.64,2,2025-09,1.01,68.14,2025-09,41.14,3.92,2025-09,21.85,0.9,1.28,2,2025-03,0.05,7.76,10.08,"EIKO,"
Mysore Petro Chemicals Ltd.,MYSORPETRO,Chemicals,71.13,BSE,108.05,-1.91,2,2025-03,0,64.78,2025-06,36.96,-15.31,2025-06,0,0,0.32,2,2025-03,0,6.42,8.4,"MYSORPETRO,"
Daikaffil Chemicals India Ltd.,DAIKAFFI,Chemicals,70.17,BSE,116.95,0.69,1,2025-03,0,69.03,2025-06,11.38,-0.86,2025-06,0,,7.56,1,2025-03,0,-16.4,-16.46,"DAIKAFFI,"
Teesta Agro Industries Ltd.,TEEAI,Fertilizers,70.01,BSE,127.65,2.20,1,2025-09,2.98,67.37,2025-09,208.71,5.69,2025-09,12.3,,0.58,1,2025-03,0.18,5.95,7.89,"TEEAI,"
Aimco Pesticides Ltd.,AIMCOPEST,Pesticides & Agrochemicals,67.04,BSE,69.88,1.78,2,2025-03,19.7,81.97,2025-06,207.28,-7.19,2025-06,0,,2.36,2,2025-03,0.66,-22.32,-12.61,"AIMCOPEST,"
Seya Industries Ltd.,SEYAIND,Chemicals,64.11,NSE,23.99,,1,2025-03,772.98,835.67,2025-06,-2.87,-6.82,2025-06,0,,0.08,1,2024-03,0.93,-0.42,-0.32,"SEYAIND,"
AVSL Industries Ltd.,AVSL,Chemicals,63.97,NSE,120.00,,1,2025-03,39.91,103.08,2025-03,139.13,2.53,2025-03,25.31,-2.65,1.81,1,2024-03,1,6.56,8.7,"AVSL,"
Auro Impex & Chemicals Ltd.,AUROIMPEX,Chemicals,58.5,NSE,47.95,,1,2025-03,63.01,110.61,2025-03,163.72,4.28,2025-03,13.67,,1.41,2,2025-03,1.33,10.4,10.63,"AUROIMPEX,"
Unilex Colours And Chemicals Ltd.,UNILEX,Chemicals,55.15,NSE,40.50,-1.22,1,2025-03,15.49,40.18,2025-03,151.44,6.41,2025-03,8.6,,0.81,1,2024-03,0.59,17.9,18.19,"UNILEX,"
Vasundhara Rasayans Ltd.,VRL,Chemicals,54.79,BSE,173.00,1.47,1,2025-03,4.21,53.46,2025-06,33.92,3.94,2025-06,13.92,1.86,1.52,1,2024-03,0.06,19.94,25.06,"VRL,"
Bhaskar Agrochemicals Ltd.,BHASKAGR,Pesticides & Agrochemicals,52.77,BSE,101.30,-1.65,1,2025-03,20.28,72.95,2025-06,102.05,5.46,2025-06,9.66,0.21,3.01,1,2024-03,1.28,13.46,14.69,"BHASKAGR,"
Shreyas Intermediates Ltd.,SHREYASI,Dyes & Pigments,52.72,BSE,7.44,-0.67,1,2025-03,7.74,60.4,2025-06,6.32,-1.51,2025-06,0,0,4.37,1,2025-03,0.47,-12.03,-6.31,"SHREYASI,"
The Phosphate Company Ltd.,PHOSPHATE,Fertilizers,51.23,BSE,142.00,-5.21,1,2025-09,37.17,84.59,2025-09,125.05,5.27,2025-09,9.72,1.37,0.59,2,2024-03,0.24,2.4,5.92,"PHOSPHATE,"
Shree Hari Chemicals Export Ltd.,SHHARICH,Chemicals,50.88,BSE,102.20,-6.15,1,2025-03,26.19,76.46,2025-06,134.64,3.25,2025-06,15.65,0.4,1.68,1,2024-03,1.32,12,12.41,"SHHARICH,"
Polylink Polymers (India) Ltd.,POLYLINK,Chemicals,50.26,BSE,22.74,2.76,1,2025-09,7.12,57.2,2025-09,89,1.22,2025-09,41.26,2.77,1.66,1,2025-03,0.08,7.39,11.04,"POLYLINK,"
MCON Rasayan India Ltd.,MCON,Chemicals,48.78,NSE,66.55,-4.86,1,2025-03,19.64,67.02,2025-03,50.74,2.27,2025-03,21.45,,1.47,1,2025-03,0.59,9.33,11.11,"MCON,"
Hardcastle & Waud Manufacturing Company Ltd.,HARDCAS,Chemicals,48.69,BSE,716.60,,1,2025-09,,48.44,2025-09,7.49,2.17,2025-09,22.41,3.03,1.03,1,2024-03,0,5.98,7,"HARDCAS,"
Ushanti Colour Chem Ltd.,UCL,Chemicals,46.35,NSE,41.25,,1,2025-03,56.7,102.53,2025-03,48.61,1.82,2025-03,25.54,,0.82,2,2025-03,1.27,-15.79,-0.92,"UCL,"
Shiva Global Agro Industries Ltd.,SHIVAAGRO,Fertilizers,45.6,BSE,45.63,0.22,2,2025-03,47.7,92.76,2025-06,365.1,6.86,2025-06,4.9,-0.3,0.5,2,2024-03,1.17,-24.7,-9.49,"SHIVAAGRO,"
Medi-Caps Ltd.,MEDICAPQ,Chemicals,45.34,BSE,36.49,-2.04,2,2025-03,0,44.93,2025-06,21.97,-3.51,2025-06,0,0,0.38,2,2025-03,0,-0.47,-0.66,"MEDICAPQ,"
TCM Ltd.,TCMLMTD,Chemicals,45.17,BSE,60.40,-3.08,2,2025-03,11.22,55.98,2025-06,23.94,0.13,2025-06,129.05,3.27,1.6,2,2025-03,0.37,4.72,5.57,"TCMLMTD,"
Dynamic Industries Ltd.,DYNAMIND,Dyes & Pigments,43.4,BSE,143.20,-4.60,1,2025-03,16.52,59.43,2025-06,76.87,1.9,2025-06,22.85,2.44,0.89,1,2025-03,0.34,3.34,5.66,"DYNAMIND,"
Bohra Industries Ltd.,BOHRAIND,Fertilizers,42.49,NSE,20.07,-4.34,1,2025-03,1.02,43.49,2025-06,0,-3.79,2025-06,0,0,0.57,1,2024-03,0.01,-4.76,-4.75,"BOHRAIND,"
Tulasee Bio-Ethanol Ltd.,TULASEEBIOE,Chemicals,41.96,BSE,71.21,1.99,1,2025-09,7.5,49.46,2025-09,0,-0.16,2025-09,0,,61.61,1,2024-03,8.74,-15.01,-1.66,"TULASEEBIOE,"
Super Crop Safe Ltd.,SUCROSA,Pesticides & Agrochemicals,41.26,BSE,10.38,1.27,1,2025-03,42.7,83.81,2025-06,44.69,1.43,2025-06,28.89,3.81,1.39,1,2025-03,1.46,7.69,5.59,"SUCROSA,"
Camex Ltd.,CAMEXLTD,Dyes & Pigments,37.67,BSE,36.90,-0.14,1,2025-03,0,33.55,2025-06,134.19,2.18,2025-06,17.25,1.14,0.86,1,2025-03,0,4.52,9.05,"CAMEXLTD,"
Haryana Leather Chemicals Ltd.,HARLETH,Chemicals,37.62,BSE,76.78,0.47,1,2025-03,0.71,30.83,2025-06,48.61,1.91,2025-06,19.74,10.44,0.86,1,2025-03,0.02,5.47,8.04,"HARLETH,"
Crestchem Ltd.,CRSTCHM,Chemicals,37.48,BSE,124.95,-1.34,1,2025-03,0,36.75,2025-06,24.86,2.47,2025-06,15.15,0.35,4.79,1,2025-03,0,44.06,59.94,"CRSTCHM,"
Prolife Industries Ltd.,PROLIFE,Chemicals,37.24,NSE,90.95,,1,2025-03,2.58,22.38,2025-03,55.47,4.68,2025-03,7.96,2.67,0.82,1,2025-03,0.06,10.82,14.33,"PROLIFE,"
Arunaya Organics Ltd.,ARUNAYA,Dyes & Pigments,36.83,NSE,21.00,-2.33,1,2025-03,14.65,51.42,2025-03,82.66,4.22,2025-03,8.72,,0.66,2,2024-03,1.18,44.13,32.59,"ARUNAYA,"
Tecil Chemicals & Hydro Power Ltd.,TECILCHEM,Chemicals,35.61,NSE,18.78,-3.74,1,2025-03,12.57,48.18,2025-06,0,-0.32,2025-06,0,0,-1.79,1,2025-03,-0.64,0,0,"TECILCHEM,"
Pentokey Organy (India) Ltd.,PNTKYOR,Chemicals,34,BSE,51.59,-4.99,1,2025-09,,28.5,2025-09,6.65,0.72,2025-09,47.22,2.29,3.42,1,2025-03,0,2.62,2.66,"PNTKYOR,"
Venlon Enterprises Ltd.,VENLONENT,Chemicals,33.44,BSE,7.00,4.01,1,2025-03,125.69,155.08,2025-06,10.58,-13.58,2025-06,0,,-0.27,1,2025-03,-1.02,0,-200.81,"VENLONENT,"
Vikas WSP Ltd.,VIKASWSP,Chemicals,28.83,BSE,1.41,4.44,1,2025-03,306.67,329.96,2025-06,0,-26.62,2025-06,0,,0.04,1,2023-03,0.36,-3.82,-3.09,"VIKASWSP,"
Sanginita Chemicals Ltd.,SANGINITA,Chemicals,28.28,NSE,10.92,2.34,1,2025-09,26.37,54.64,2025-09,201.4,-0.48,2025-09,0,0,0.51,1,2025-03,0.47,1.28,4.18,"SANGINITA,"
Vadivarhe Speciality Chemicals Ltd.,VSCL,Chemicals,28.12,NSE,22.00,,1,2025-03,36.03,63.59,2025-03,37.9,-9.27,2025-03,0,0,-10.13,1,2025-03,-12.98,-499.06,-22.89,"VSCL,"
Yug Decor Ltd.,YUG,Chemicals,26.43,BSE,24.50,,1,2025-03,13.05,39.32,2025-03,33.2,0.07,2025-03,390.28,-11.1,2.28,1,2025-03,1.13,0.69,5.97,"YUG,"
Yasons Chemex Care Ltd.,YCCL,Dyes & Pigments,25.1,NSE,13.00,0.39,1,2025-09,8.03,31.91,2025-03,45.84,1.61,2025-03,15.56,,0.62,2,2024-03,0.22,4.17,8.73,"YCCL,"
Vikram Aroma Ltd.,VIKRAMAR,Chemicals,24.47,BSE,78.02,-4.25,1,2025-03,2.5,26.32,2025-03,28.14,-1.5,2025-03,0,,1.14,1,2025-03,0.12,-7.29,-4.81,"VIKRAMAR,"
Organic Coatings Ltd.,ORGCOAT,Dyes & Pigments,24,BSE,25.22,5.00,1,2025-03,7.72,31.66,2025-06,22.97,-3.21,2025-06,0,,38.43,1,2024-03,-16.04,0,8.87,"ORGCOAT,"
Machhar Industries Ltd.,MACIND,Chemicals,23.52,BSE,317.50,0.63,2,2025-03,2.37,23.09,2025-06,14.5,0.13,2025-06,185.22,,2.54,2,2024-03,0.09,4.92,7.3,"MACIND,"
Caprolactam Chemicals Ltd.,CAPRO,Chemicals,22.45,BSE,48.81,4.01,1,2025-03,8.71,31.08,2025-06,8.18,-0.08,2025-06,0,,4.33,1,2025-03,1.8,-13.66,-0.44,"CAPRO,"
Asian Petroproducts & Exports Ltd.,ASINPET,Chemicals,19.97,BSE,8.59,0.00,1,2025-03,0.92,12.2,2025-06,46.38,-0.78,2025-06,0,,1.68,1,2024-03,-1.26,0,-167.36,"ASINPET,"
Jayshree Chemicals Ltd.,JAYCH,Chemicals,18.74,BSE,6.42,-1.08,1,2025-03,0.78,11.35,2025-06,17.22,-0.32,2025-06,0,0,1.89,1,2025-03,0.08,-2.6,-1.93,"JAYCH,"
Vikas Proppant & Granite Ltd.,VIKASPROP,Chemicals,17.5,BSE,0.34,-2.86,1,2021-09,48.59,66.05,2021-12,1.55,-14.56,2021-12,0,0,,1,2021-03,0.26,-5.9,-4.63,"VIKASPROP,"
Sreechem Resins Ltd.,SRECR,Chemicals,16.38,BSE,39.00,,1,2025-03,2.23,18.53,2025-06,35.5,-0.49,2025-06,0,,1.16,1,2025-03,0.16,-2.63,-1.16,"SRECR,"
Advance Petrochemicals Ltd.,ADVPETR-B,Chemicals,16.3,BSE,181.15,,1,2025-03,10.85,26.46,2025-06,48.64,0.3,2025-06,54.34,1.65,4.13,1,2025-03,2.75,7.97,9.69,"ADVPETR-B,"
Vivid Global Industries Ltd.,VIVIDIND,Chemicals,14.97,BSE,16.40,1.05,1,2025-03,2.47,13.03,2025-06,38.36,0.44,2025-06,33.95,-2.28,0.97,1,2024-03,0.28,1.32,4.75,"VIVIDIND,"
Phyto Chem (India) Ltd.,PHYTO,Pesticides & Agrochemicals,13.11,BSE,30.49,7.89,1,2025-03,15.77,28.84,2025-06,10.97,-0.01,2025-06,0,,2.22,1,2024-03,2.47,-37.06,-4.64,"PHYTO,"
Span Divergent Ltd.,SDL,Chemicals,11.88,BSE,21.76,-4.98,2,2025-03,8.05,18.89,2025-06,6.32,-1.36,2025-06,0,0,-3.99,2,2025-03,-2.87,0,-8.02,"SDL,"
Rite Zone Chemcon India Ltd.,RITEZONE,Chemicals,11.57,NSE,27.35,-8.83,1,2025-03,0.95,10.07,2025-03,26.2,0.89,2025-03,12.94,,0.77,1,2025-03,0.06,6.1,7.73,"RITEZONE,"
Chemiesynth (Vapi) Ltd.,CHEMIESYNT,Chemicals,11.55,BSE,37.63,,1,2025-03,15.02,26.55,2025-06,20.01,-0.32,2025-06,0,,1.1,1,2025-03,1.37,-0.95,3.1,"CHEMIESYNT,"
Zinema Media & Entertainment Ltd.,ZINEMA,Chemicals,11.24,BSE,15.80,,1,2025-03,0,11.16,2025-03,0.33,0.29,2025-03,38.5,1.8,1.24,2,2025-03,0,3.28,3.29,"ZINEMA,"
Shentracon Chemicals Ltd.,SHENTRA,Chemicals,10.9,BSE,24.55,,1,2025-09,3.36,14.2,2025-09,0,-0.64,2025-06,0,0,-5.88,1,2025-03,-1.71,0,-22.3,"SHENTRA,"
Omkar Speciality Chemicals Ltd.,OMKARCHEM,Chemicals,10.74,NSE,5.26,-1.31,1,2022-03,225.51,235.92,2022-06,19.36,-13.22,2022-06,0,,,1,2021-03,-1.44,0,12.4,"OMKARCHEM,"
Pratiksha Chemicals Ltd.,PRATIKSH,Dyes & Pigments,10.69,BSE,19.19,-6.39,1,2025-09,,10.57,2025-09,5.48,-3,2025-09,0,,23.66,1,2025-03,-0.87,0,-224.03,"PRATIKSH,"
Indo Euro Indchem Ltd.,INDOEURO,Chemicals,10.32,BSE,11.83,-0.42,1,2025-03,0,10.18,2025-06,10.49,0.3,2025-06,34.75,0.54,0.89,1,2025-03,0,3.27,3.62,"INDOEURO,"
Lime Chemicals Ltd.,LIMECHM,Chemicals,9.5,BSE,14.61,3.84,1,2025-03,5.13,14.51,2025-06,8.48,0.1,2025-06,95.03,4.32,4.81,1,2025-03,2.64,12.01,5.66,"LIMECHM,"
Saianand Commercial Ltd.,SAICOM,Chemicals,7.72,BSE,0.34,3.03,1,2025-09,2.3,10.01,2025-09,0.78,1.25,2025-09,6.16,0.37,0.19,1,2025-03,0.06,0.89,0.96,"SAICOM,"
CJ Gelatine Products Ltd.,CJGEL,Chemicals,7.7,BSE,16.00,0.00,1,2025-03,20.96,28.65,2025-06,40.8,-0.16,2025-06,0,0,3.65,1,2025-03,9.32,3.57,6.46,"CJGEL,"
MP Agro Industries Ltd.,MPAGI,Fertilizers,6.38,BSE,11.00,-3.08,1,2025-03,0,6.23,2025-06,0,0.06,2025-06,112.01,6.71,1.07,1,2025-03,0,0.81,1.4,"MPAGI,"
Garodia Chemicals Ltd.,GARODCH,Chemicals,5.47,BSE,7.60,-5.00,1,2025-03,4.82,10.26,2025-06,0,-0.26,2025-06,0,0,-1.15,1,2024-03,-1,0,0,"GARODCH,"
Revati Media Ltd.,REVAMEDIA,Chemicals,2.87,BSE,9.58,,1,2025-03,1.71,4.58,2025-06,0,-0.28,2025-06,0,,3.47,1,2024-03,1.22,-30.46,-15.27,"REVAMEDIA,"
Indo Gulf Industries Ltd.,IGLFXPL-B,Chemicals,2.06,BSE,2.15,,1,2025-03,11.53,12.76,2025-06,254.1,4.84,2025-06,0.42,0,0.17,1,2025-03,1.03,81.86,45.2,"IGLFXPL-B,"
Saptak Chem And Business Ltd.,SCBL,Fertilizers,1.65,BSE,15.34,1.99,1,2025-09,2.55,4.1,2025-09,0,-0.16,2025-09,0,,-0.14,1,2025-03,-1.05,0,-63.45,"SCBL,"
Ushanti Colour Chem Ltd. - RE,UCL-RE,Chemicals,0,NSE,11.30,,1,,,0,,,,-0,,,,1,-0,,,,"UCL-RE,"
Asian Petroproducts And Exports Ltd. - (Rights Entitlements (REs)),ASIANP-RE,Chemicals,0,BSE,4.90,,1,,,0,,,,-0,,,,1,-0,,,,"ASIANP-RE,"
Sikko Industries Ltd. - (Rights Entitlements),SIKKO-RE,Pesticides & Agrochemicals,0,NSE,0.46,,1,,,0,,,,-0,,,,1,-0,,,,"SIKKO-RE,"
UPL Ltd. - (Partly Paid-up Equity Shares),UPLPP1,Pesticides & Agrochemicals,0,NSE,515.80,,1,,,0,,,,-0,,,,1,-0,,,,"UPLPP1,"
Camlin Fine Sciences Ltd. - (Rights Entitlements (REs)),CAMLIN-RE,Chemicals,0,NSE,17.49,,1,,,0,,,,-0,,,,1,-0,,,,"CAMLIN-RE,"
Vipul Organics Ltd. - (Rights Entitlements (REs)),VIPUL-RE,Dyes & Pigments,0,BSE,76.95,,1,,,0,,,,-0,,,,1,-0,,,,"VIPUL-RE,"
Indra Industries Ltd. - (Rights Entitlements (REs)),INDRA-RE,Fertilizers,0,BSE,0.05,,1,,,0,,,,-0,,,,1,-0,,,,"INDRA-RE,"
Astec Lifesciences Ltd. - (Rights Entitlements (REs)),ASTEC-RE,Pesticides & Agrochemicals,0,NSE,27.15,,1,,,0,,,,-0,,,,1,-0,,,,"ASTEC-RE,"
Sunshield Chemicals Ltd. - (Rights Entitlements (REs)),SUNSHI-RE,Chemicals,0,BSE,12.50,,1,,,0,,,,-0,,,,1,-0,,,,"SUNSHI-RE,"
