Sector: Other,
Date: 09-Nov-2025,
Note:- Statement: 1 = Standalone and 2 = Consolidated,
Generated by and for: signshailesh@gmail.com,

Stock Name,Symbol,Industry,Market Cap(Rs. Cr.),Exchange,LTP,Chg%,TTM Statement,Period Ending,Total Debt(Rs. Cr.),Enterprise Value(Rs. Cr.),TTM Ending (Results),Net Sales (Rs. Cr.),Profit After Tax (Rs. Cr.),TTM Ending (Valuation),Price Earning Ratio(TTM),"PEG Ratio ",Price To Book Value(TTM),Statement,Year Ending,Debt Equity Ratio,Return On Equity(%),Return On Capital Employed(%),Symbol with Comma for External Upload
Sagility Ltd.,SAGILITY,Business Support,24268.01,NSE,51.82,2.31,2,2025-09,690.41,24606.3,2025-09,6218.99,798.87,2025-09,30.38,,2.73,2,2025-03,0.1,7.36,10.14,"SAGILITY,"
Urban Company Ltd.,URBANCO,Professional Services,20570.91,NSE,142.34,-0.76,2,2025-09,,19719.91,,,,2025-03,85.8,,9.08,2,2025-03,0,21.85,2.56,"URBANCO,"
International Gemmological Institute (India) Ltd.,IGIL,Business Support,15542.62,NSE,360.10,-2.07,2,2025-06,,15419.97,2025-09,1174.43,510.83,2025-09,30.43,,11.37,2,2024-12,0,186.63,259.24,"IGIL,"
Indegene Ltd.,INDGN,Business Support,12562.91,NSE,523.10,-1.33,2,2025-09,,12073.11,2025-09,3041,445.8,2025-09,28.18,,4.38,2,2025-03,0,20.45,25.24,"INDGN,"
Rites Ltd.,RITES,Engineering Consultancy,11657.04,NSE,242.49,-0.96,2,2025-03,0,8281.92,2025-06,2221.79,411.68,2025-06,30.21,-3.36,4.27,2,2025-03,0,16.14,21.75,"RITES,"
Latent View Analytics Ltd.,LATENTVIEW,Business Support,9017.11,NSE,436.55,-7.21,2,2025-09,0.08,8830.3,2025-09,953.58,190.16,2025-09,47.31,,5.54,2,2025-03,0,12.12,16.41,"LATENTVIEW,"
VA Tech Wabag Ltd.,WABAG,Environmental Services,8655.16,NSE,1385.80,1.99,2,2025-09,236.5,8093.66,2025-09,3535.7,320,2025-09,27.02,1.02,3.73,2,2025-03,0.17,14.96,20.15,"WABAG,"
RattanIndia Enterprises Ltd.,RTNINDIA,Professional Services,6809.06,NSE,49.25,-0.93,2,2025-03,882.16,7560.54,2025-06,7539.85,-268.21,2025-06,0,0,4.78,2,2025-03,0.96,9.18,12.96,"RTNINDIA,"
Smartworks Coworking Spaces Ltd.,SMARTWORKS,Business Support,6589.62,NSE,578.60,-3.53,2,2025-09,253.53,6565.49,,,,2025-03,0,,12.94,2,2025-03,3.83,-82.19,52.26,"SMARTWORKS,"
CMS Info Systems Ltd.,CMSINFO,Business Support,5768.87,NSE,350.95,-1.17,2,2025-09,25.92,5590.17,2025-09,2436.59,357.68,2025-09,16.13,,2.47,2,2025-03,0,18.21,24.5,"CMSINFO,"
Ion Exchange (India) Ltd.,IONEXCHANG,Environmental Services,5579.2,NSE,380.15,-1.40,2,2025-09,400.81,5589.86,2025-09,2842.2,209.91,2025-09,26.55,1.54,4.31,2,2025-03,0.25,18.71,22.68,"IONEXCHANG,"
Crizac Ltd.,CRIZAC,Educational Institutions,5367.59,NSE,306.90,1.34,2,2025-09,,5336.39,,,,2025-03,35.1,,8.95,2,2025-03,0,36.3,48.06,"CRIZAC,"
SIS Ltd.,SIS,Professional Services,4697.41,NSE,332.60,-2.00,2,2025-09,1489.82,5202.87,2025-09,14097.38,23.91,2025-09,89.58,-2.01,1.87,2,2025-03,0.63,0.5,5.82,"SIS,"
Awfis Space Solutions Ltd.,AWFIS,Business Support,4281.6,NSE,599.05,0.55,2,2025-03,23.38,4223.29,2025-06,1284.5,75.06,2025-06,57.04,,9.28,2,2025-03,0.05,40.01,53.47,"AWFIS,"
Indiqube Spaces Ltd.,INDIQUBE,Business Support,4274.78,NSE,203.86,-0.87,1,2025-03,343.96,4612.71,,,,2025-03,0,,6.73,1,2025-03,-13.42,-342.19,54.46,"INDIQUBE,"
Medi Assist Healthcare Services Ltd.,MEDIASSIST,Business Support,3665.98,NSE,493.80,-3.66,2,2025-09,243.36,3781.84,2025-09,797.95,82.26,2025-09,45.06,,4.72,2,2025-03,0.28,18.38,20.99,"MEDIASSIST,"
Jaykay Enterprises Ltd.,JAYKAY,Business Support,2914.52,BSE,223.15,-0.36,2,2025-03,30.98,2792.64,2025-06,118.95,21.68,2025-06,131.98,1.83,5.05,2,2025-03,0.07,2.3,3.61,"JAYKAY,"
TeamLease Services Ltd.,TEAMLEASE,Professional Services,2888.69,NSE,1729.10,2.16,2,2025-09,62.29,2642.07,2025-09,11702.66,118.5,2025-09,24.6,0.97,3.01,2,2025-03,0.05,13.01,14.52,"TEAMLEASE,"
EFC (I) Ltd.,EFCIL,Business Support,2822.34,NSE,283.55,4.09,2,2025-03,230.82,2911.94,2025-06,774.31,171.76,2025-06,21.36,,4.79,2,2025-03,0.43,29.03,37.32,"EFCIL,"
Veranda Learning Solutions Ltd.,VERANDA,Educational Institutions,2231.03,NSE,232.80,0.47,2,2025-09,227.57,2436.99,2025-09,479.26,-90.71,2025-09,0,,2.62,2,2025-03,2.17,-85.37,-15.28,"VERANDA,"
BLS E-Services Ltd.,BLSE,Professional Services,1862.1,NSE,204.65,3.82,2,2025-03,0,1770.7,2025-06,687.99,63.7,2025-06,33.7,,3.72,2,2025-03,0,12.87,17.52,"BLSE,"
Shanti Educational Initiatives Ltd.,SEIL,Educational Institutions,1771.81,BSE,110.00,0.00,2,2025-09,6.7,1776.37,2025-09,65.97,6.93,2025-09,253.19,,23.27,2,2025-03,0.11,10.5,14.21,"SEIL,"
TAC Infosec Ltd.,TAC,Business Support,1645.51,NSE,785.10,-5.00,1,2025-09,0.52,1624.1,2025-03,23.49,13.09,2025-03,125.67,,25.95,2,2025-03,0.03,43.38,44.59,"TAC,"
Mobavenue Ai Tech Ltd.,LUCENT,Educational Institutions,1551.08,BSE,1030.00,-4.37,2,2025-03,0,1547.22,2025-03,4.52,0.77,2025-03,0,,94.2,2,2025-03,0,5.1,7.64,"LUCENT,"
Antony Waste Handling Cell Ltd.,AWHCL,Environmental Services,1438.69,NSE,505.10,-0.28,2,2025-09,438.46,1781.97,2025-09,990.38,104.24,2025-09,16.5,1.63,2.08,2,2025-03,0.72,16.33,16.43,"AWHCL,"
Jaro Institute of Technology Management and Research Ltd.,JARO,Educational Institutions,1385.88,NSE,625.85,-1.96,1,2025-09,37.09,989.51,,,,2025-03,26.82,,3.81,2,2024-03,0.22,40.89,44.23,"JARO,"
Updater Services Ltd.,UDS,Professional Services,1346.76,NSE,201.29,-0.78,2,2025-09,2.69,1186.18,2025-09,2833.49,114.13,2025-09,11.83,,1.33,2,2025-03,0.05,13.34,16.33,"UDS,"
Ecos (India) Mobility & Hospitality Ltd.,ECOSMOBLTY,Business Support,1218,NSE,202.97,2.11,2,2025-03,6.01,1197.72,2025-06,686.19,59.88,2025-06,20.34,,5.18,2,2025-03,0.03,30.11,38.14,"ECOSMOBLTY,"
Eco Recycling Ltd.,ECORECO,Environmental Services,1140.34,BSE,591.50,0.05,2,2025-03,0,1137.43,2025-06,41.8,23.23,2025-06,49.97,0.59,12.11,2,2025-03,0,31.16,43.18,"ECORECO,"
Bluspring Enterprises Ltd.,BLUSPRING,Professional Services,1133.21,NSE,76.04,-1.36,2,2025-09,193.67,1307.36,2025-03,3483.57,-179.12,2025-03,0,,,2,2025-03,0.16,-35.75,-16.95,"BLUSPRING,"
Concord Enviro Systems Ltd.,CEWATER,Environmental Services,952.96,NSE,459.45,-3.13,2,2025-09,163.16,1018.31,2025-09,557.05,51.82,2025-09,20.2,,1.77,2,2025-03,0.24,13.59,15.16,"CEWATER,"
Krystal Integrated Services Ltd,KRYSTAL,Professional Services,837.48,NSE,601.25,4.76,2,2025-09,93.2,895.47,2025-09,1295.96,61.54,2025-09,19.41,,1.81,2,2025-03,0.19,15.33,17.52,"KRYSTAL,"
Exhicon Events Media Solutions Ltd.,EXHICON,Professional Services,747.88,BSE,535.00,-1.29,1,2025-03,,738.33,2025-03,69.67,12.1,2025-03,61.79,,9.26,2,2024-03,0.01,28.09,35.76,"EXHICON,"
RK Swamy Ltd.,RKSWAMY,Business Support,616.07,NSE,123.68,-2.93,2,2025-03,0,487.78,2025-06,303.48,19.36,2025-06,31.83,,2.44,2,2025-03,0,7.6,11.14,"RKSWAMY,"
Kapston Services Ltd.,KAPSTON,Professional Services,608.04,NSE,299.70,2.44,1,2025-03,160.99,759.78,2025-06,725.38,20.61,2025-06,29.5,2.71,6.4,1,2024-03,1.4,19.3,12.8,"KAPSTON,"
Gretex Corporate Services Ltd.,GCSL,Professional Services,580.59,NSE,257.60,3.50,2,2025-03,5.15,568.5,2025-06,241.23,-4.2,2025-06,0,,2.94,2,2025-03,0.03,1.23,3.65,"GCSL,"
Career Point Edutech Ltd.,CPEDU,Educational Institutions,556.7,NSE,306.80,-2.06,1,2014-03,0.56,557.25,,,,2014-03,0,,,1,2014-03,1.59,-6.68,-10.08,"CPEDU,"
Mold-Tek Technologies Ltd.,MOLDTECH,Engineering Consultancy,537.22,NSE,186.64,-2.39,2,2025-03,0,523.72,2025-06,139.85,7.67,2025-06,70.04,27.9,4.48,2,2025-03,0,10.22,14.33,"MOLDTECH,"
PTL Enterprises Ltd.,PTL,Business Support,528.32,NSE,39.94,-0.60,1,2025-03,13.37,539.55,2025-06,64.34,40.29,2025-06,13.11,-3.5,0.94,1,2025-03,0.02,6.58,11.07,"PTL,"
CL Educate Ltd.,CLEDUCATE,Educational Institutions,461.5,NSE,85.27,-3.85,2,2025-09,239.4,428.02,2025-09,478.02,-8.31,2025-09,0,0,1.67,2,2025-03,0.89,-0.71,2.03,"CLEDUCATE,"
Namo Ewaste Management Ltd.,NAMOEWASTE,Environmental Services,426.59,NSE,186.55,0.43,1,2025-03,2.82,417.17,2025-03,121.97,8.41,2025-03,50.75,,4.8,2,2025-03,0.03,13.63,18.95,"NAMOEWASTE,"
Monarch Surveyors and Engineering Consultants Ltd.,MSECL,Engineering Consultancy,379.17,BSE,267.85,0.41,1,2025-03,14.29,387.74,,,,2025-03,10.89,,1.87,1,2025-03,0.13,38.08,46.36,"MSECL,"
Infollion Research Services Ltd.,INFOLLION,Business Support,369.84,NSE,381.40,-1.19,1,2025-09,,332.54,2025-03,77.3,12.39,2025-03,29.86,,6.87,2,2025-03,0,26.12,35.31,"INFOLLION,"
Majestic Auto Ltd.,MAJESAUT,Business Support,362.82,BSE,349.00,2.59,2,2025-09,0.53,361.93,2025-09,60.62,80.53,2025-09,4.65,0.24,0.58,2,2025-03,0.21,1.44,4.21,"MAJESAUT,"
Global Education Ltd.,GLOBAL,Educational Institutions,359.52,NSE,70.63,-0.04,2,2025-09,,356.45,2025-09,77.63,19.9,2025-09,16.36,0.56,3.02,2,2025-03,0,28.23,37.17,"GLOBAL,"
Race Eco Chain Ltd.,RACE,Environmental Services,348.94,NSE,202.83,-1.52,2,2025-03,61.5,405.18,2025-06,625.38,7.69,2025-06,46.89,,6.38,2,2025-03,1.13,10.96,10.23,"RACE,"
ITCONS E-Solutions Ltd.,ITCONS,Professional Services,347.49,BSE,575.65,-1.42,1,2025-03,3.74,348.43,2025-03,55.98,3.25,2025-03,106.93,,14.84,1,2025-03,0.18,18.99,17.12,"ITCONS,"
EKI Energy Services Ltd.,EKI,Business Support,303.11,BSE,109.65,-1.79,2,2025-09,0.8,187.04,2025-09,135.04,-9.23,2025-09,0,,0.79,2,2025-03,0,-0.22,0.28,"EKI,"
Arihant Academy Ltd.,ARIHANTACA,Educational Institutions,302.76,NSE,500.00,1.22,2,2025-03,0,294.49,2025-03,40.56,4.38,2025-03,68.11,,11.24,2,2025-03,0,29.26,36.42,"ARIHANTACA,"
Likhami Consulting Ltd.,LIKHAMI,Engineering Consultancy,297.5,BSE,299.00,,1,2025-09,,297.28,2025-09,0.72,0.3,2025-06,0,0,8.52,1,2025-03,0,0.63,0.86,"LIKHAMI,"
Felix Industries Ltd.,FELIX,Environmental Services,297.07,NSE,172.65,0.12,2,2025-03,17.76,311.5,2025-03,36.82,9.11,2025-03,32.6,,2.2,2,2025-03,0.25,16.45,14.8,"FELIX,"
Zee Learn Ltd.,ZEELEARN,Educational Institutions,264.92,NSE,8.08,1.25,2,2025-09,378.2,635.04,2025-09,416.04,8.87,2025-09,29.86,-1.49,1.38,2,2025-03,1.82,6.83,13.46,"ZEELEARN,"
Integrated Personnel Services Ltd.,IPSL,Professional Services,258.2,NSE,300.00,,1,2025-03,34.59,287.78,2025-03,262.8,4.92,2025-03,52.52,,5.32,2,2025-03,0.61,14.16,15.1,"IPSL,"
Trishakti Industries Ltd.,TRISHAKT,Business Support,257.3,BSE,142.20,-3.53,1,2025-09,45.27,295.18,2025-09,14.68,4.44,2025-09,57.96,0.61,7.93,1,2024-03,0.27,4.79,7.68,"TRISHAKT,"
EMA Partners India Ltd.,EMAPARTNER,Professional Services,239.21,NSE,102.90,2.39,1,2025-03,1.34,175.38,2025-03,10.93,1.97,2025-03,121.25,,2.35,2,2025-03,0.01,13.06,16.36,"EMAPARTNER,"
Swadeshi Polytex Ltd.,SWADPOL,Business Support,238.29,BSE,61.10,1.34,1,2025-03,0,174.02,2025-06,0.4,2.3,2025-06,103.56,-3.68,2.13,1,2025-03,0,2.06,3.13,"SWADPOL,"
HVAX Technologies Ltd.,HVAX,Engineering Consultancy,234.65,NSE,845.00,-0.24,1,2025-03,27.98,248.36,2025-03,131.03,11.04,2025-03,21.25,,3.26,1,2025-03,0.39,21.45,22.44,"HVAX,"
Voler Car Ltd.,VOLERCAR,Business Support,231.34,NSE,207.60,-4.99,1,2025-09,,205.06,2025-03,42.4,4.5,2025-03,51.42,,6.04,1,2025-03,0,22.53,26.34,"VOLERCAR,"
Justo Realfintech Ltd.,JUSTO,Business Support,226.33,BSE,120.40,0.00,1,2025-09,21.91,186.69,,,,2025-03,15.06,,1.96,2,2025-03,0.31,38.28,44.02,"JUSTO,"
DU Digital Global Ltd.,DUGLOBAL,Professional Services,224.5,NSE,31.25,-3.25,1,2025-03,1.86,221.75,2025-03,27.99,2.99,2025-03,75.21,,3.37,2,2025-03,0.03,6.08,9.98,"DUGLOBAL,"
Mach Conferences and Events Ltd.,MCEL,Professional Services,224.47,BSE,106.70,-5.03,1,2025-09,6.26,209.57,2025-03,235.75,14.16,2025-03,15.85,,2.06,2,2025-03,0.06,17.89,23.75,"MCEL,"
CP Capital Ltd.,CPCAP,Educational Institutions,221.68,NSE,119.76,1.48,2,2025-03,41.89,259.06,2025-06,82.01,45.43,2025-06,4.87,0.7,0.4,2,2025-03,0.08,7.3,9.83,"CPCAP,"
Addictive Learning Technology Ltd.,LAWSIKHO,Educational Institutions,219.55,NSE,138.00,-0.47,1,2025-03,0,216.78,2025-03,74.86,9.76,2025-03,22.49,,2.84,2,2025-03,0,14.52,20.36,"LAWSIKHO,"
Spectrum Talent Management Ltd.,SPECTSTM,Professional Services,207.84,NSE,90.00,-1.37,1,2025-03,35.13,206.92,2025-03,1253.36,6.89,2025-03,30.17,,1.38,2,2025-03,0.23,4.83,5.35,"SPECTSTM,"
Winsol Engineers Ltd.,WINSOL,Engineering Consultancy,206.65,NSE,179.15,-3.11,1,2025-09,30.03,236.42,2025-03,110.57,11.34,2025-03,18.22,,4.25,2,2025-03,0.34,35.15,36.65,"WINSOL,"
Quint Digital Ltd.,QUINT,Business Support,200.57,BSE,42.50,-1.02,2,2025-09,21.29,216.65,2025-09,31.85,-0.33,2025-09,0,,1.17,2,2025-03,0.86,-15.56,-3.76,"QUINT,"
Silicon Rental Solutions Ltd.,SRSOLTD,Business Support,191.67,BSE,169.45,2.05,1,2025-03,4.79,167.46,2025-03,101.94,13.2,2025-03,14.52,,1.95,1,2025-03,0.05,16.41,21.72,"SRSOLTD,"
Drone Destination Ltd.,DRONE,Professional Services,190.69,NSE,78.15,-1.14,1,2025-03,15.97,189.18,2025-03,24.9,-6.81,2025-03,0,,3.21,1,2025-03,0.27,-11.26,-10.51,"DRONE,"
VJTF Eduservices Ltd.,VJTFEDU,Educational Institutions,189.38,BSE,107.60,,2,2025-03,0.85,175.97,2025-06,0.59,-2.1,2025-06,0,0,1.7,2,2024-03,0.56,98.16,77.8,"VJTFEDU,"
Lloyds Luxuries Ltd.,LLOYDS,Professional Services,186.25,NSE,78.00,-2.50,1,2025-03,0,178.66,2025-03,46.3,-6.66,2025-03,0,,5.75,1,2025-03,0,-22.38,-19.59,"LLOYDS,"
Chatterbox Technologies Ltd.,CHTR,Professional Services,185.07,BSE,131.40,0.61,1,2025-09,,169.02,,,,2025-03,20.9,,2.7,1,2025-03,0,41.76,56.77,"CHTR,"
Golden Crest Education & Services Ltd.,GOLDENCREST,Educational Institutions,183.94,BSE,350.70,,1,2025-09,,183.79,2025-09,0.31,0.16,2025-09,0,0,16.9,1,2025-03,0,1.52,2.07,"GOLDENCREST,"
Sodhani Academy Of Fintech Enablers Ltd.,SAFE,Educational Institutions,179.76,BSE,315.65,-0.68,1,2025-03,0,179.07,2025-03,3.55,3.85,2025-03,46.73,,12.91,1,2025-03,0,37.56,47.37,"SAFE,"
Aarvi Encon Ltd.,AARVI,Professional Services,177.3,NSE,119.71,1.57,2,2025-03,26.78,194.61,2025-06,548.36,11.66,2025-06,15.21,2.19,1.38,2,2025-03,0.22,8.34,10.86,"AARVI,"
Nis Management Ltd.,NISMGMT,Professional Services,176.62,BSE,89.20,-1.00,1,2025-03,83.78,235.53,,,,2025-03,11.6,,0.91,2,2025-03,0.55,13.08,11.98,"NISMGMT,"
Bharatrohan Airborne Innovations Ltd.,BHARATROHAN,Business Support,175.72,BSE,88.20,0.23,1,2025-03,1.34,170.78,,,,2025-03,18.7,,2.13,2,2025-03,0.04,20.25,19.71,"BHARATROHAN,"
RESGEN Ltd.,RESGEN,Environmental Services,172,BSE,82.25,4.29,1,2025-03,4.65,174.85,2025-03,65.16,7.98,2025-03,21.57,,2.99,1,2025-03,0.08,14.88,19.69,"RESGEN,"
Crown Lifters Ltd.,CROWN,Business Support,164.2,NSE,141.67,0.55,1,2025-03,47.22,180.93,2025-06,37.47,10.83,2025-06,15.16,0.41,2.21,1,2024-03,0.8,19.26,18.38,"CROWN,"
Urban Enviro Waste Management Ltd.,URBAN,Environmental Services,164.06,NSE,189.45,5.10,1,2025-09,29.21,192.93,2025-03,141.05,10.26,2025-03,15.99,,5.15,1,2025-03,1.29,38.34,28.15,"URBAN,"
Maruti Interior Products Ltd.,SPITZE,Professional Services,157.86,BSE,104.80,-2.96,1,2025-03,7.77,164.95,2025-03,43.68,4.81,2025-03,32.78,,4.41,2,2024-03,0.19,11.62,14.93,"SPITZE,"
Apex Ecotech Ltd.,APEXECO,Environmental Services,149.39,NSE,113.30,-8.00,1,2025-09,0.08,128.54,2025-03,70.96,8.56,2025-03,17.45,,3.23,1,2025-03,0,28.08,37.53,"APEXECO,"
KHFM Hospitality and Facility Management Services Ltd.,KHFM,Professional Services,145.85,NSE,67.30,-2.96,1,2025-03,44.75,180.04,2025-03,95.18,3.25,2025-03,44.92,,2.57,2,2025-03,0.79,6.67,10.88,"KHFM,"
Matrix Geo Solutions Ltd.,MGSL,Professional Services,141.44,NSE,97.00,-0.97,1,2025-03,1.68,137.04,,,,2025-03,24.14,,2.28,1,2025-03,0.08,35.21,44.31,"MGSL,"
Droneacharya Aerial Innovations Ltd.,DRONACHRYA,Professional Services,135.01,BSE,56.30,-0.55,1,2025-03,0,132.02,2025-03,34.52,-13.47,2025-03,0,,2.32,2,2024-03,0,8.77,12.05,"DRONACHRYA,"
Moving Media Entertainment Ltd.,MMEL,Business Support,125.06,NSE,66.50,,1,2025-03,41.61,166.17,,,,2025-03,12.03,,1.51,1,2025-03,1.05,40.74,29.87,"MMEL,"
GEM Enviro Management Ltd.,GEMENVIRO,Environmental Services,122.76,BSE,54.44,2.47,1,2025-03,0,112.18,2025-03,59.2,6.09,2025-03,20.17,,2.51,1,2025-03,0,14.67,19.73,"GEMENVIRO,"
Mitcon Consultancy & Engineering Services Ltd.,MITCON,Business Support,120.75,NSE,69.33,-1.04,2,2025-03,105.53,218.71,2025-06,112.71,5.49,2025-06,30.62,1.29,0.92,2,2024-03,1.18,5.9,10.75,"MITCON,"
Techknowgreen Solutions Ltd.,TECHKGREEN,Business Support,117.39,BSE,159.00,2.51,1,2025-03,2.6,118.74,2025-03,32.99,7.66,2025-03,15.33,,3.32,2,2025-03,0.07,23.97,29.25,"TECHKGREEN,"
Touchwood Entertainment Ltd.,TOUCHWOOD,Professional Services,116.61,NSE,105.23,3.24,2,2025-03,1.36,95.61,2025-06,81.89,6.17,2025-06,18.87,,2.82,2,2024-03,0.06,13.4,14.39,"TOUCHWOOD,"
Telge Projects Ltd.,TELGE,Engineering Consultancy,111.36,BSE,113.75,-0.22,1,2025-09,8.79,119.08,,,,2025-03,32.21,,2.6,2,2025-03,0.83,67.29,60.11,"TELGE,"
Landmark Global Learning Ltd.,LGLL,Professional Services,103.15,BSE,50.05,0.10,1,2025-03,0,93.56,2025-03,37.58,13.13,2025-03,7.86,,1.23,1,2025-03,0,21.74,29.66,"LGLL,"
Focus Business Solution Ltd.,FOCUS,Business Support,101.19,BSE,139.00,,1,2025-09,0.11,100.52,2025-03,23.91,0.74,2025-03,136.59,3.53,10.19,1,2025-03,0.02,12.62,15.63,"FOCUS,"
Supreme Facility Management Ltd.,SFML,Professional Services,98.45,NSE,39.65,1.67,1,2025-03,116.24,176.57,2025-03,329.91,6.78,2025-03,14.51,,1.17,2,2025-03,1.31,13.58,13.82,"SFML,"
Banka Bioloo Ltd.,BANKA,Environmental Services,96.17,NSE,88.29,3.46,2,2025-03,34.25,125.78,2025-06,52.43,-9.23,2025-06,0,,3.1,2,2025-03,1.1,-25.22,-8.2,"BANKA,"
Dhruv Consultancy Services Ltd.,DHRUV,Engineering Consultancy,93.83,NSE,49.64,-1.39,2,2025-03,15.39,96.06,2025-06,103.3,7.62,2025-06,12.31,,0.89,2,2025-03,0.15,8.19,11.72,"DHRUV,"
Dynavision Ltd.,DYNAVSN,Business Support,89.43,BSE,232.90,4.91,2,2025-03,22.12,97.02,2025-06,13.23,4.73,2025-06,18.9,,3.63,2,2025-03,0.96,23.84,22.9,"DYNAVSN,"
Evans Electric Ltd.,EVANS,Business Support,87.81,BSE,160.00,,1,2025-03,,87.33,2025-03,25.48,7.58,2025-03,11.59,0.24,3.34,1,2024-03,0.02,29.41,38.17,"EVANS,"
Greenleaf Envirotech Ltd.,GREENLEAF,Environmental Services,78.24,NSE,131.95,-1.05,1,2025-03,2.48,76.85,,,,2025-03,16.66,,2.59,1,2025-03,0.2,46.68,48.35,"GREENLEAF,"
Party Cruisers Ltd.,PARTYCRUS,Professional Services,77.02,NSE,64.50,-0.62,1,2025-03,0.61,69.78,2025-03,110.83,7.91,2025-03,9.74,,1.82,2,2025-03,0.01,23.49,31.01,"PARTYCRUS,"
Share Samadhan Ltd.,SSL,Professional Services,76.32,BSE,62.20,3.67,1,2025-03,0.32,60.29,2025-03,8.87,2.28,2025-03,33.4,,2.19,2,2024-03,0.08,54.4,67.15,"SSL,"
Starlog Enterprises Ltd.,STARLOG,Business Support,76.17,BSE,50.94,-2.71,2,2025-09,,64.41,2025-09,12.91,-3.9,2025-09,0,0,1.08,2,2025-03,0,54.84,51.89,"STARLOG,"
Happy Square Outsourcing Services Ltd.,WHITEFORCE,Professional Services,75.58,NSE,65.15,-5.85,1,2025-03,14.59,89.52,,,,2025-03,12.8,,2.06,1,2025-03,1.17,61.97,40.92,"WHITEFORCE,"
Safecure Services Ltd.,SAFECURE,Professional Services,73.99,BSE,73.70,-4.96,1,2025-03,20.55,92.8,,,,2025-03,14.33,,1.54,2,2025-03,0.97,33.88,27.31,"SAFECURE,"
Ascensive Educare Ltd.,ASCENSIVE,Educational Institutions,73.12,BSE,18.00,,1,2025-03,8.4,80.84,2025-03,35.34,2.61,2025-03,28.03,,4.85,1,2025-03,0.54,19.41,20.6,"ASCENSIVE,"
Vantage Knowledge Academy Ltd.,VKAL,Educational Institutions,71.71,BSE,2.10,5.00,1,2025-03,0,70.46,2025-06,3.92,0.7,2025-06,102.74,2.3,1.83,1,2025-03,0,2.6,4.05,"VKAL,"
Nukleus Office Solutions Ltd.,NUKLEUS,Business Support,70.26,BSE,174.50,9.75,1,2025-03,10.63,56.92,2025-03,28.7,2.06,2025-03,34.07,,1.81,1,2024-03,1.36,46.09,32.01,"NUKLEUS,"
Ironwood Education Ltd.,IRONWOOD,Educational Institutions,69.12,BSE,45.87,0.77,2,2025-03,16.47,83.14,2025-06,3.03,-10.72,2025-06,0,0,3.39,2,2025-03,0.76,-73.82,-36.96,"IRONWOOD,"
Future Market Networks Ltd.,FMNL,Business Support,69.01,NSE,10.88,-4.31,2,2025-03,86.07,146.34,2025-06,100.88,-17.31,2025-06,0,0,0.74,2,2025-03,0.94,113.04,59.95,"FMNL,"
Yash Innoventures Ltd.,YASHINNO,Business Support,67.68,BSE,43.00,,1,2025-03,10.48,78.15,2025-06,0.76,3.13,2025-06,21.62,,2.63,1,2024-03,0.33,5.61,2.09,"YASHINNO,"
Blue Pebble Ltd.,BLUEPEBBLE,Engineering Consultancy,67.32,NSE,165.00,0.00,1,2025-03,0,54.87,2025-03,45.66,5.06,2025-03,13.29,,2.44,1,2025-03,0,29.43,39.4,"BLUEPEBBLE,"
Moxsh Overseas Educon Ltd.,MOXSH,Educational Institutions,66.69,NSE,74.40,4.94,1,2025-03,5.4,70.76,2025-03,9.66,0.02,2025-03,0,,6.56,2,2025-03,0.56,-5.18,1.1,"MOXSH,"
Sagarsoft (India) Ltd.,SAGARSOFT,Professional Services,64.34,BSE,99.60,-6.26,2,2025-09,0.48,35.17,2025-09,152.4,-3.52,2025-09,280.95,,0.89,2,2025-03,0.01,7.57,12.45,"SAGARSOFT,"
Toss the Coin Ltd.,TTC,Business Support,60.1,BSE,318.00,2.58,1,2025-03,0,51.3,2025-03,8.65,1.26,2025-03,47.89,,4.63,1,2025-03,0,14.55,19.59,"TTC,"
Service Care Ltd.,SERVICE,Professional Services,57.31,NSE,43.00,0.00,1,2025-03,0.57,54.35,2025-03,189.01,2.01,2025-03,28.45,,1.22,1,2025-03,0.01,5,5.14,"SERVICE,"
AGS Transact Technologies Ltd.,AGSTRA,Business Support,53.04,NSE,4.10,-0.73,1,2024-09,648.31,626.34,2024-12,896.9,-122.41,2024-12,0,,0.11,2,2024-03,1.86,-16.84,1.66,"AGSTRA,"
DMR Engineering Ltd.,DMR,Engineering Consultancy,51.97,BSE,50.11,-0.22,1,2025-09,1.18,53.04,2025-03,10.47,1.71,2025-03,30.46,,2.83,2,2025-03,0.03,19.87,25.95,"DMR,"
Rithwik Facility Management Services Ltd.,RITHWIKFMS,Professional Services,49.8,BSE,162.75,,1,2025-03,3.62,48,2025-03,42.47,3.5,2025-03,14.23,0.86,2.41,1,2025-03,0.15,15.72,20.08,"RITHWIKFMS,"
Artefact Projects Ltd.,ARTEFACT,Engineering Consultancy,45.67,BSE,62.95,0.25,1,2025-03,14.64,57.67,2025-06,29.13,7.01,2025-06,6.51,0.33,0.68,1,2024-03,0.17,9.11,9.98,"ARTEFACT,"
Icon Facilitators Ltd.,ICON,Business Support,43.66,BSE,55.55,,1,2024-03,2.48,43.6,,,,2024-03,24.77,,,1,2024-03,0.42,34.78,34.46,"ICON,"
Nirmitee Robotics India Ltd.,NIRMITEE,Professional Services,43.21,BSE,120.00,,1,2025-03,1.71,43.44,2025-03,8.93,0.6,2025-03,71.78,,8.33,2,2025-03,0.33,12.92,14.86,"NIRMITEE,"
Docmode Health Technologies Ltd.,DHTL,Educational Institutions,36.66,NSE,116.65,-1.97,1,2025-03,6.82,41.65,2025-03,41.77,-2.03,2025-03,0,,4.39,2,2025-03,0.82,-21.65,-0.27,"DHTL,"
Manglam Infra & Engineering Ltd.,MIEL,Engineering Consultancy,36.6,NSE,20.80,-4.59,1,2025-03,5.88,42.25,2025-03,45.18,2.93,2025-03,12.48,,0.83,1,2025-03,0.13,9.59,13.03,"MIEL,"
Swasti Vinayaka Art & Heritage Corporation Ltd.,SVARTCORP,Business Support,35.55,BSE,3.92,-2.24,1,2025-03,13.88,49.41,2025-06,23.67,3.65,2025-06,9.73,0.69,1.27,1,2025-03,0.52,9.13,11.81,"SVARTCORP,"
Innovatus Entertainment Networks Ltd.,INNOVATUS,Professional Services,34.25,BSE,14.14,,1,2024-09,,32.73,2024-03,19.93,0.64,2024-03,53.35,,0.33,1,2024-03,0,7.11,9.47,"INNOVATUS,"
Tree House Education & Accessories Ltd.,TREEHOUSE,Educational Institutions,33.13,NSE,7.59,-2.19,2,2025-03,0,33.13,2025-06,6.41,-16.84,2025-06,0,0,0.17,2,2025-03,0,-8.34,-1.48,"TREEHOUSE,"
Kaarya Facilities And Services Ltd.,KAARYAFSL,Professional Services,26.65,BSE,28.50,,1,2025-03,8.69,32.67,2025-03,38.1,1.72,2025-03,15.51,0.34,-16.25,1,2024-03,-4.4,-568.93,-59.09,"KAARYAFSL,"
Varanium Cloud Ltd.,CLOUD,Business Support,25.87,NSE,5.85,,1,2023-09,,4.45,2023-03,383.36,85.47,2023-03,0.3,,,1,2023-03,0,109.41,149.77,"CLOUD,"
Abhishek Integrations Ltd.,AILIMITED,Business Support,25.65,NSE,42.60,4.93,1,2025-09,8.86,34.32,2025-03,26.36,1.03,2025-03,25.01,0.25,2.5,1,2025-03,0.76,10.52,13.51,"AILIMITED,"
Virtual Global Education Ltd.,VIRTUALG,Educational Institutions,23.3,BSE,0.55,-1.79,2,2025-09,1.45,24.62,2025-09,0.37,-0.54,2025-09,0,,0.38,2,2025-03,0.04,-0.63,-0.57,"VIRTUALG,"
DRA Consultants Ltd.,DRA,Engineering Consultancy,21.67,BSE,19.75,,1,2025-03,0,17.72,2025-03,21.46,2.69,2025-03,8.05,0.79,0.66,1,2025-03,0,8.55,12.33,"DRA,"
Vanta Bioscience Ltd.,VANTABIO,Business Support,19.63,BSE,27.60,-0.33,1,2025-03,30.47,49.96,2025-03,1.13,-2.66,2025-03,0,,0.83,2,2024-03,4.02,-52.62,-4.08,"VANTABIO,"
Tarini International Ltd.,TARINI,Engineering Consultancy,16.9,BSE,13.00,5.52,1,2025-03,5.97,22.54,2025-03,2.01,0.3,2025-03,57.28,15.82,0.57,1,2024-03,0.2,-4.07,-2.46,"TARINI,"
Humming Bird Education Ltd.,HBEL,Educational Institutions,16.69,BSE,27.22,4.97,1,2025-03,0,16.59,2025-03,5.4,0.36,2025-03,46.13,2.66,8.4,2,2025-03,0,35.66,42.46,"HBEL,"
Rajasthan Petro Synthetics Ltd.,RAJSPTR,Professional Services,16.5,BSE,11.00,-1.26,1,2025-03,0,16.49,2025-06,0.22,0.64,2025-06,25.99,0.71,-7.6,1,2025-03,0,0,0,"RAJSPTR,"
Shangar Decor Ltd.,SHANGAR,Business Support,15.18,BSE,0.31,0.00,1,2025-03,0.46,7.46,2025-06,18.9,0.79,2025-06,19.24,0.98,0.26,1,2025-03,0.01,2.49,4.07,"SHANGAR,"
MT Educare Ltd.,MTEDUCARE,Educational Institutions,14.95,NSE,2.00,-1.48,2,2025-03,126.55,129.9,2025-06,43.38,-33.2,2025-06,0,,-2.23,2,2024-03,3.94,-64.12,-9.33,"MTEDUCARE,"
Winny Immigration & Education Services Ltd.,WINNY,Professional Services,14.32,NSE,66.00,,1,2025-03,0.27,10.08,2025-03,8.19,-4.63,2025-03,0,,2.43,1,2025-03,0.05,-112.84,-116.29,"WINNY,"
Sanghvi Brands Ltd.,SBRANDS,Professional Services,12.61,BSE,12.11,-9.56,1,2025-03,0,7.6,2025-03,8.52,1.09,2025-03,11.6,0.72,1.23,2,2025-03,0,20.17,21.92,"SBRANDS,"
Kuberan Global Edu Solutions Ltd.,KGES,Educational Institutions,12.05,BSE,57.19,4.99,1,2025-09,0.04,12.09,2025-03,0.53,-0.46,2025-03,0,,5.38,1,2025-03,0,-18.58,-18.58,"KGES,"
Falcon Technoprojects India Ltd.,FALCONTECH,Engineering Consultancy,9.19,NSE,17.15,,1,2025-09,31.04,40.2,2025-03,26.47,1.17,2025-03,7.87,,0.4,1,2024-03,0.85,14.02,12.18,"FALCONTECH,"
Suvidha Infraestate Corporation Ltd.,SICL,Business Support,8.23,BSE,9.25,4.99,1,2025-09,3.68,11.89,2025-09,0.19,-0.03,2025-09,0,0,-4.26,1,2025-03,-1.53,0,-2.16,"SICL,"
Swagtam Trading & Services Ltd.,SWAGTAM,Business Support,7.56,BSE,63.50,-0.78,1,2025-03,0,7.47,2025-06,1.1,-0.03,2025-06,0,,1.67,1,2025-03,0,-1.16,-1.47,"SWAGTAM,"
Shyama Computronics And Services Ltd.,SHYAMACOMP,Business Support,5.35,BSE,5.32,,1,2025-03,0,5.34,2025-06,0.26,0.15,2025-06,36.42,0.38,0.53,1,2025-03,0,1.44,1.74,"SHYAMACOMP,"
ACE EduTrend Ltd.,ACEEDU,Educational Institutions,3.88,BSE,4.24,,1,2025-03,,3.87,2025-06,0,-0.62,2025-06,0,0,0.48,1,2024-03,0,-1.84,-1.11,"ACEEDU,"
Sundaram Finance Holdings Ltd. - Rights Entitlement,SFHL-RE,Other,0,NSE,13.85,,1,,,0,,,,-0,,,,1,-0,,,,"SFHL-RE,"
Bharti Airtel Ltd. - (Partly Paid up Equity Shares (Rights Issue)),AIRTELPP,Other,0,NSE,1501.25,-5.03,1,,,0,,,,-0,,,,1,-0,,,,"AIRTELPP,"
Aurum PropTech Ltd.- Partly Paid up Equity Shares (Rights Issue),AURUMPP1,Other,0,NSE,131.00,,1,,,0,,,,-0,,,,1,-0,,,,"AURUMPP1,"
Tembo Global Industries Ltd. - (Rights Entitlement ),TEMBO-RE,Other,0,NSE,4.00,,1,,,0,,,,-0,,,,1,-0,,,,"TEMBO-RE,"
Libas Consumer Products Ltd. (Rights Entitlement),LIBAS-RE,Other,0,NSE,1.50,,1,,,0,,,,-0,,,,1,-0,,,,"LIBAS-RE,"
Ajooni Biotech Ltd. - (Rights Entitlements (REs)),AJOONI-RE,Other,0,NSE,0.40,,1,,,0,,,,-0,,,,1,-0,,,,"AJOONI-RE,"
Akg Exim Ltd. - (AKG-RE),AKG-RE,Other,0,NSE,18.75,,1,,,0,,,,-0,,,,1,-0,,,,"AKG-RE,"
Destiny Logistics & Infra Ltd. - RE,DESTIN-RE,Other,0,NSE,2.70,,1,,,0,,,,-0,,,,1,-0,,,,"DESTIN-RE,"
Mittal Life Style Ltd. - RE,MITTAL-RE,Other,0,NSE,0.45,,1,,,0,,,,-0,,,,1,-0,,,,"MITTAL-RE,"
Khfm Hospitality And Facility Management Services Ltd. - RE,KHFM-RE,Other,0,NSE,2.80,,1,,,0,,,,-0,,,,1,-0,,,,"KHFM-RE,"
Bright Solar Ltd. - (BRIGHT-RE),BRIGHT-RE,Other,0,NSE,0.20,,1,,,0,,,,-0,,,,1,-0,,,,"BRIGHT-RE,"
Godha Cabcon & Insulation Ltd. - (Rights Entitlements),GODHA-RE,Unspecified,0,NSE,0.10,,1,,,0,,,,-0,,,,1,-0,,,,"GODHA-RE,"
Debock Industries Ltd. - RE,DIL-RE,Other,0,NSE,1.20,,1,,,0,,,,-0,,,,1,-0,,,,"DIL-RE,"
Shree Ram Proteins Ltd. - (SRPL-RE),SRPL-RE,Other,0,NSE,0.10,,1,,,0,,,,-0,,,,1,-0,,,,"SRPL-RE,"
Vaxtex Cotfab Ltd. - (VCL-RE),VCL-RE,Other,0,NSE,0.15,,1,,,0,,,,-0,,,,1,-0,,,,"VCL-RE,"
Perfect infraengineers Ltd. - (Rights Entitlement),PERF-RE,Other,0,NSE,5.10,,1,,,0,,,,-0,,,,1,-0,,,,"PERF-RE,"
Perfect Infraengineers Ltd. - (Partly Paidup),PERFECTPP,Unspecified,0,NSE,8.00,,1,,,0,,,,-0,,,,1,-0,,,,"PERFECTPP,"
Varanium Cloud Ltd. - (Rights Entitlement),CLOUD-RE,Other,0,NSE,10.35,,1,,,0,,,,-0,,,,1,-0,,,,"CLOUD-RE,"
Dudigital Global Ltd. - (Dudigital Global Ltd-RE),DUDIG-RE,Other,0,NSE,18.75,,1,,,0,,,,-0,,,,1,-0,,,,"DUDIG-RE,"
Globe International Carriers Ltd. - (Rights Entitlements),GICL-RE,Other,0,NSE,0.25,,1,,,0,,,,-0,,,,1,-0,,,,"GICL-RE,"
Marshall Machines Ltd. - (Marshall Machines Ltd-RE),MARSHAL-RE,Other,0,NSE,1.90,,1,,,0,,,,-0,,,,1,-0,,,,"MARSHAL-RE,"
Grasim Industries Ltd. - (Rights Issue Partly Paidup),GRASIMPP1,Other,0,NSE,1739.25,,1,,,0,,,,-0,,,,1,-0,,,,"GRASIMPP1,"
Nagreeka Exports Ltd. - (Rights Entitlements pursuant),NAGREE-RE,Other,0,NSE,11.85,,1,,,0,,,,-0,,,,1,-0,,,,"NAGREE-RE,"
Silgo Retail Ltd. - (Rights Entitlements (REs)),SILGO-RE,Other,0,NSE,0.55,,1,,,0,,,,-0,,,,1,-0,,,,"SILGO-RE,"
Globe Textiles (India) Ltd. - (Rights Entitlement),Globe-RE,Other,0,NSE,0.20,,1,,,0,,,,-0,,,,1,-0,,,,"Globe-RE,"
Adroit Infotech Ltd. - (Rights Entitlements (REs)),ADROITPP,Other,0,BSE,6.42,,1,,,0,,,,-0,,,,1,-0,,,,"ADROITPP,"
Yarn Syndicate Ltd. - (Rights Entitlements (REs)),YARNPP,Other,0,BSE,3.40,-4.76,1,,,0,,,,-0,,,,1,-0,,,,"YARNPP,"
Sanginita Chemicals Ltd. - (Rights Entitlement,SANG-RE,Other,0,NSE,2.20,,1,,,0,,,,-0,,,,1,-0,,,,"SANG-RE,"
Ajooni Biotech Ltd. - (Rights Entitlements (REs)),AJOONI-RE1,Other,0,NSE,0.30,,1,,,0,,,,-0,,,,1,-0,,,,"AJOONI-RE1,"
Iykot Hitech Toolroom Ltd. - (Partly Paid-up Equity Shares (Rights Issue),IYKOTPP,Other,0,BSE,9.54,,1,,,0,,,,-0,,,,1,-0,,,,"IYKOTPP,"
Kshitij Polyline Ltd. - (Rights Entitlements),KSHITI-RE,Other,0,NSE,0.79,,1,,,0,,,,-0,,,,1,-0,,,,"KSHITI-RE,"
Mitcon Consultancy & Engineering Services Ltd. - (Rights Entitlements),MITCON-RE,Other,0,NSE,55.30,,1,,,0,,,,-0,,,,1,-0,,,,"MITCON-RE,"
Nandani Creation Ltd. (Rights Entitlement),NANDANI-RE,Other,0,NSE,7.48,,1,,,0,,,,-0,,,,1,-0,,,,"NANDANI-RE,"
Sar Televenture Ltd. - (Rights Entitlements),SARTE-RE,Other,0,NSE,30.45,,1,,,0,,,,-0,,,,1,-0,,,,"SARTE-RE,"
Nakoda Group of Industries Ltd. - (NGILPP),NGILPP,Other,0,BSE,18.06,,1,,,0,,,,-0,,,,1,-0,,,,"NGILPP,"
Sobha Ltd. - Partly Paid-up Equity Shares (Rights Issue),SOBHAPP,Other,0,NSE,766.55,,1,,,0,,,,-0,,,,1,-0,,,,"SOBHAPP,"
Globesecure Technologies Ltd. - (Rights Entitlements),GSTL-RE,Other,0,NSE,2.30,,1,,,0,,,,-0,,,,1,-0,,,,"GSTL-RE,"
Adroit Infotech Ltd. - Partly Paid Up,ADROITPP1,Unspecified,0,NSE,6.29,,1,,,0,,,,-0,,,,1,-0,,,,"ADROITPP1,"
Nirman Agri Genetics Ltd. - (Rights Entitlements),NIRMAN-RE,Other,0,NSE,94.45,,1,,,0,,,,-0,,,,1,-0,,,,"NIRMAN-RE,"
MITCON Consultancy & Engineering Services Ltd. - (Parly Paidup),MITCONPP,Other,0,NSE,32.69,,1,,,0,,,,-0,,,,1,-0,,,,"MITCONPP,"
Sharat Industries Ltd - Partly Paid-up Equity Shares (Rights Issue),890207,Other,0,BSE,42.62,,1,,,0,,,,-0,,,,1,-0,,,,"890207,"
Sahana System Ltd. - (Right Entitlements),SAHANA-RE,Other,0,NSE,258.10,,1,,,0,,,,-0,,,,1,-0,,,,"SAHANA-RE,"
Mittal Life Style Ltd. - (Rights Entitlements),MITTAL-RE1,Other,0,NSE,0.13,,1,,,0,,,,-0,,,,1,-0,,,,"MITTAL-RE1,"
Mercury Trade Links Ltd. - (Rights Entitlements (REs)),MERTRA-RE,Other,0,BSE,1.61,,1,,,0,,,,-0,,,,1,-0,,,,"MERTRA-RE,"
Shangar Decor Ltd. - (Rights Entitlements (REs)),SHADEC-RE,Business Support,0,BSE,0.22,,1,,,0,,,,-0,,,,1,-0,,,,"SHADEC-RE,"
Dmr Hydroengineering And Infrastructures Ltd. - (Rights Entitlements (REs)),DMRHYD-RE,Engineering Consultancy,0,BSE,5.13,,1,,,0,,,,-0,,,,1,-0,,,,"DMRHYD-RE,"
Nakoda Group Of Industries Ltd. - (Partly Paidup),NGILPP1,Other,0,NSE,18.54,,1,,,0,,,,-0,,,,1,-0,,,,"NGILPP1,"
Scanpoint Geomatics Ltd. - (Rights Entitlements (REs)),SCANPG-RE3,Unspecified,0,BSE,0.21,,1,,,0,,,,-0,,,,1,-0,,,,"SCANPG-RE3,"
UPL Ltd.- (Rights Entitlements (REs)),UPL-RE,Unspecified,0,NSE,176.10,,1,,,0,,,,-0,,,,1,-0,,,,"UPL-RE,"
Viceroy Hotels Ltd. - (Rights Entitlements (REs)),VHLTD-RE,Other,0,NSE,3.36,,1,,,0,,,,-0,,,,1,-0,,,,"VHLTD-RE,"
Globe Textiles (India) Ltd. - (Rights Entitlements),GLOBE-RE1,Other,0,NSE,0.69,,1,,,0,,,,-0,,,,1,-0,,,,"GLOBE-RE1,"
Iris Clothings Ltd. - (Rights Entitlement),IRIS-RE,Other,0,NSE,7.31,,1,,,0,,,,-0,,,,1,-0,,,,"IRIS-RE,"
A B Infrabuild Ltd. - (ABIN-RE1),ABIN-RE1,Other,0,NSE,36.04,,1,,,0,,,,-0,,,,1,-0,,,,"ABIN-RE1,"
Lloyds Engineering Works Ltd. - (Rights Entitlements (REs)),LLOYDS-RE1,Other,0,NSE,16.22,,1,,,0,,,,-0,,,,1,-0,,,,"LLOYDS-RE1,"
Growington Ventures India Ltd. - (Rights Entitlements (REs)),GROWIN-RE,Other,0,BSE,0.09,,1,,,0,,,,-0,,,,1,-0,,,,"GROWIN-RE,"
Avantel Ltd. - (Rights Entitlements (REs)),AVANTEL-RE,Other,0,NSE,86.07,,1,,,0,,,,-0,,,,1,-0,,,,"AVANTEL-RE,"
Alan Scott Industries Ltd. - (Rights Entitlements (REs)),ALAN-RE1,Other,0,BSE,65.00,,1,,,0,,,,-0,,,,1,-0,,,,"ALAN-RE1,"
Solara Active Pharma Sciences Ltd. - (Partly Paidup),SOLARAPP1,Other,0,NSE,395.65,-5.67,1,,,0,,,,-0,,,,1,-0,,,,"SOLARAPP1,"
Sattva Sukun Lifecare Ltd. - (Rights Entitlements (REs)),SATTVA-RE,Other,0,BSE,0.05,,1,,,0,,,,-0,,,,1,-0,,,,"SATTVA-RE,"
Accent Microcell Ltd. - (Rights Entitlements),ACCENT-RE,Other,0,NSE,77.85,,1,,,0,,,,-0,,,,1,-0,,,,"ACCENT-RE,"
IFL Enterprises Ltd. - (Rights Entitlements (REs)),IFL-RE1,Other,0,BSE,0.05,,1,,,0,,,,-0,,,,1,-0,,,,"IFL-RE1,"
7NR Retail Ltd. - (Rights Entitlements (REs)),7NR-RE1,Other,0,BSE,0.14,,1,,,0,,,,-0,,,,1,-0,,,,"7NR-RE1,"
Knowledge Realty Trust,KRT,Business Support,0,NSE,118.60,1.63,1,,,0,,,,-0,,,,1,-0,,,,"KRT,"
Infibeam Avenues Ltd. - (Rights Entitlements (REs)),INFIBE-RE,Other,0,NSE,4.59,,1,,,0,,,,-0,,,,1,-0,,,,"INFIBE-RE,"
Aplab Ltd. -  Partly Paid-up Equity Shares (Rights Issue),APLABPP,Other,0,BSE,73.95,2.00,1,,,0,,,,-0,,,,1,-0,,,,"APLABPP,"
GVP Infotech Ltd. - (Rights Entitlement (RE)),GVPTECH-RE,Other,0,NSE,0.22,,1,,,0,,,,-0,,,,1,-0,,,,"GVPTECH-RE,"
Gsm Foils Ltd. - (Rights Entitlements),GSM-RE,Other,0,NSE,54.20,,1,,,0,,,,-0,,,,1,-0,,,,"GSM-RE,"
QMS Medical Allied Services Ltd. - (Rights Entitlements),QMSMEDI-RE,Other,0,NSE,19.65,,1,,,0,,,,-0,,,,1,-0,,,,"QMSMEDI-RE,"
Cyber Media India Ltd - Partly Paid-up Equity Shares (Rights Issue),CYBERPP,Other,0,NSE,6.65,,1,,,0,,,,-0,,,,1,-0,,,,"CYBERPP,"
Lloyds Enterprises Ltd- Partly Paid-up Equity Shares (Rights Issue),LLOYDPP,Other,0,NSE,46.59,0.39,1,,,0,,,,-0,,,,1,-0,,,,"LLOYDPP,"
Mehai Technology Ltd. - (Rights Entitlements (REs)),MEHAI-RE,Other,0,BSE,2.92,,1,,,0,,,,-0,,,,1,-0,,,,"MEHAI-RE,"
Wardwizard Innovations & Mobility Ltd. - (Rights Entitlements (REs)),WARWIZ-RE,Other,0,BSE,0.33,,1,,,0,,,,-0,,,,1,-0,,,,"WARWIZ-RE,"
Eco Hotels and Resorts Ltd- (Partly Paid-up Equity Shares (Rights Issue)),ECOPP,Other,0,BSE,4.60,2.91,1,,,0,,,,-0,,,,1,-0,,,,"ECOPP,"
Indian Emulsifiers Ltd. - RE,IEML-RE,Other,0,NSE,15.70,36.52,1,,,0,,,,-0,,,,1,-0,,,,"IEML-RE,"
