Sector: Alcohol,
Date: 09-Nov-2025,
Note:- Statement: 1 = Standalone and 2 = Consolidated,
Generated by and for: signshailesh@gmail.com,

Stock Name,Symbol,Industry,Market Cap(Rs. Cr.),Exchange,LTP,Chg%,TTM Statement,Period Ending,Total Debt(Rs. Cr.),Enterprise Value(Rs. Cr.),TTM Ending (Results),Net Sales (Rs. Cr.),Profit After Tax (Rs. Cr.),TTM Ending (Valuation),Price Earning Ratio(TTM),"PEG Ratio ",Price To Book Value(TTM),Statement,Year Ending,Debt Equity Ratio,Return On Equity(%),Return On Capital Employed(%),Symbol with Comma for External Upload
United Spirits Ltd.,UNITDSPR,Breweries & Distilleries,103912.98,NSE,1429.10,0.89,2,2025-09,,102531.98,2025-09,27860,1648,2025-09,63.48,2.99,12.36,2,2025-03,0,20.78,29.17,"UNITDSPR,"
United Breweries Ltd.,UBL,Breweries & Distilleries,47265.06,NSE,1784.60,-1.16,2,2025-09,637.19,47608.17,2025-09,17971.79,366.65,2025-09,129.01,86.59,10.88,2,2025-03,0.13,10.37,13.44,"UBL,"
Radico Khaitan Ltd.,RADICO,Breweries & Distilleries,44306.1,NSE,3310.90,3.92,2,2025-09,480.32,44732.52,2025-09,19296.57,455.3,2025-09,96.81,14.34,14.88,2,2025-03,0.36,13.34,15.14,"RADICO,"
Allied Blenders And Distillers Ltd.,ABDL,Breweries & Distilleries,17955.99,NSE,642.90,0.12,2,2025-09,1049.78,18848.65,2025-09,8006.06,254.84,2025-09,69.87,,11.52,2,2025-03,0.58,19.99,21.31,"ABDL,"
Tilaknagar Industries Ltd.,TI,Breweries & Distilleries,10429.47,NSE,501.10,2.29,2,2025-03,42.43,10369.07,2025-06,3373.72,278.32,2025-06,37.51,1.41,6.9,2,2025-03,0.05,30.27,28.5,"TI,"
Piccadily Agro Industries Ltd.,PICCADIL,Breweries & Distilleries,6913.55,NSE,700.20,5.06,2,2025-09,324.36,7131.92,2025-09,939.05,108.86,2025-09,62.97,1.69,7.2,2,2025-03,0.45,20.17,22.68,"PICCADIL,"
TruAlt Bioenergy Ltd.,TRUALT,Breweries & Distilleries,3617.9,NSE,423.20,2.16,2,2025-03,1549.68,5017.8,,,,2025-03,24.67,,2.37,2,2025-03,2.02,33.08,14.2,"TRUALT,"
Globus Spirits Ltd.,GLOBUSSPR,Breweries & Distilleries,3295.04,NSE,1139.80,-1.06,2,2025-03,518.92,3743.84,2025-06,3584.88,24.72,2025-06,129.97,-9.22,3.28,2,2025-03,0.53,2.25,5.71,"GLOBUSSPR,"
GM Breweries Ltd.,GMBREW,Breweries & Distilleries,2814.97,NSE,1232.70,0.69,1,2025-09,,2706.57,2025-09,2663.18,143.18,2025-09,19.66,1.43,2.86,1,2025-03,0,14.66,18.23,"GMBREW,"
Som Distilleries And Breweries Ltd.,SDBL,Breweries & Distilleries,2647.62,NSE,127.24,0.61,2,2025-03,170.92,2798.55,2025-06,2702.57,106.01,2025-06,25.53,0.54,3.35,2,2025-03,0.23,16.36,18.52,"SDBL,"
Associated Alcohols & Breweries Ltd.,ASALCBR,Breweries & Distilleries,2220.19,NSE,1167.70,-0.22,2,2025-03,98.09,2302.94,2025-06,1111.27,87.37,2025-06,25.41,,3.98,2,2025-03,0.2,29.15,31.55,"ASALCBR,"
Sula Vineyards Ltd.,SULA,Breweries & Distilleries,2106.53,NSE,249.55,0.06,2,2025-03,297.11,2389.5,2025-06,609.23,57.51,2025-06,36.63,,3.61,2,2025-03,0.51,12.42,13.62,"SULA,"
IFB Agro Industries Ltd.,IFBAGRO,Breweries & Distilleries,1397.62,NSE,1485.50,12.41,2,2025-09,88.02,1467.95,2025-09,1722.82,51.79,2025-09,26.99,207.59,2.14,2,2025-03,0.01,3.84,6.29,"IFBAGRO,"
Jagatjit Industries Ltd.,JAGAJITIND,Breweries & Distilleries,879.28,BSE,188.10,-1.49,2,2025-03,403.87,1282.27,2025-06,613.37,-28.81,2025-06,0,0,21.47,2,2025-03,7.95,-37.4,1.23,"JAGAJITIND,"
Cupid Breweries And Distilleries Ltd.,CUPIDALBV,Breweries & Distilleries,510.73,BSE,97.05,-3.29,1,2025-03,6.84,517.55,2025-06,0.47,-0.72,2025-06,0,0,1.71,1,2025-03,-4.02,0,-16.27,"CUPIDALBV,"
Tahmar Enterprises Ltd.,TAHMARENT,Breweries & Distilleries,189.13,BSE,12.13,-2.41,1,2025-03,34.25,222.83,2025-06,7.46,-3.82,2025-06,0,,2.48,1,2024-03,0.21,0.14,0.13,"TAHMARENT,"
Aurangabad Distillery Ltd.,AURDIS,Breweries & Distilleries,135.81,NSE,132.50,,1,2025-03,81.19,216.8,2025-03,111.17,8.97,2025-03,15.14,0.9,1.41,1,2025-03,0.84,9.76,11.76,"AURDIS,"
Kati Patang Lifestyle Ltd.,KATIPATANG,Breweries & Distilleries,103.8,BSE,22.79,2.89,2,2025-03,13.38,114.15,2025-06,11.6,-5.25,2025-06,0,0,5.9,2,2024-03,-2.01,0,-10.05,"KATIPATANG,"
Winsome Breweries Ltd.,WINSOMBR,Breweries & Distilleries,81.04,BSE,29.35,1.84,1,2025-03,9.34,81.9,2025-06,1.58,0.35,2025-06,229.58,13.63,2.35,1,2024-03,0.27,1.69,1.62,"WINSOMBR,"
Ravi Kumar Distilleries Ltd.,RKDL,Breweries & Distilleries,63.65,NSE,26.63,2.07,1,2025-03,40.48,104.04,2025-06,69.03,0.12,2025-06,526.02,-20.44,1.52,1,2025-03,0.97,0.32,0.33,"RKDL,"
Silver Oak (India) Ltd.,SILVOAK,Breweries & Distilleries,45.12,BSE,119.05,0.93,2,2025-03,8.83,50.84,2025-06,1.2,-0.94,2025-06,0,0,7.54,2,2025-03,1.41,-15.57,-2.07,"SILVOAK,"
