Sector: Realty,
Date: 09-Nov-2025,
Note:- Statement: 1 = Standalone and 2 = Consolidated,
Generated by and for: signshailesh@gmail.com,

Stock Name,Symbol,Industry,Market Cap(Rs. Cr.),Exchange,LTP,Chg%,TTM Statement,Period Ending,Total Debt(Rs. Cr.),Enterprise Value(Rs. Cr.),TTM Ending (Results),Net Sales (Rs. Cr.),Profit After Tax (Rs. Cr.),TTM Ending (Valuation),Price Earning Ratio(TTM),"PEG Ratio ",Price To Book Value(TTM),Statement,Year Ending,Debt Equity Ratio,Return On Equity(%),Return On Capital Employed(%),Symbol with Comma for External Upload
DLF Ltd.,DLF,Construction - Real Estate,188086.56,NSE,759.45,0.15,2,2025-09,1531.94,187436.2,2025-09,9016.03,2462.47,2025-09,43.91,0.48,4.37,2,2025-03,0.09,6.57,5.88,"DLF,"
Lodha Developers Ltd.,LODHA,Construction - Real Estate,122651.95,NSE,1226.60,-0.48,2,2025-09,9615.7,130216.65,2025-09,15597.5,3333.6,2025-09,36.84,1.2,5.89,2,2025-03,0.36,15.16,15.93,"LODHA,"
Prestige Estates Projects Ltd.,PRESTIGE,Construction - Real Estate,74936.29,NSE,1738.60,0.78,2,2025-03,10600.2,83143.49,2025-06,7794.6,668.1,2025-06,142.09,32.74,4.76,2,2025-03,0.69,4.62,8.57,"PRESTIGE,"
Oberoi Realty Ltd.,OBEROIRLTY,Construction - Real Estate,65230.24,NSE,1792.90,0.70,2,2025-09,3016.01,66656.43,2025-09,5327.81,2211.77,2025-09,29.21,1.11,3.9,2,2025-03,0.21,15.06,18.16,"OBEROIRLTY,"
Godrej Properties Ltd.,GODREJPROP,Construction - Real Estate,64569.6,NSE,2142.70,-2.32,2,2025-09,16172.56,75423.95,2025-09,4265.55,1702,2025-09,41.66,1.07,3.53,2,2025-03,0.71,10.18,7.56,"GODREJPROP,"
The Phoenix Mills Ltd.,PHOENIXLTD,Construction - Real Estate,63370.72,NSE,1773.30,1.63,2,2025-09,4888.61,67404.4,2025-09,4059.88,1400.2,2025-09,58.77,2.42,5.87,2,2025-03,0.45,13.1,13.7,"PHOENIXLTD,"
NBCC (India) Ltd.,NBCC,Construction - Real Estate,30618,NSE,113.39,1.75,2,2025-03,0,24902.16,2025-06,12319.42,585.29,2025-06,53.84,1.06,11.71,2,2025-03,0,23.7,39.22,"NBCC,"
Brigade Enterprises Ltd.,BRIGADE,Construction - Real Estate,23918.04,NSE,980.00,-1.31,2,2025-09,5146.71,26705.14,2025-09,5588.84,813.67,2025-09,30.07,0.82,3.69,2,2025-03,0.94,14.94,13.82,"BRIGADE,"
Anant Raj Ltd.,ANANTRAJ,Construction - Real Estate,22314.17,NSE,619.85,-0.55,2,2025-09,488.86,22425.8,2025-09,2298.49,489.12,2025-09,45.27,0.64,4.14,2,2025-03,0.11,10.78,11.26,"ANANTRAJ,"
Aditya Birla Real Estate Ltd.,ABREL,Construction - Real Estate,19766.23,NSE,1769.30,-2.25,2,2025-09,5489.91,24530.12,2025-09,1594.86,-272.59,2025-09,0,,5.23,2,2025-03,1.31,-3.82,-1.74,"ABREL,"
Sobha Ltd.,SOBHA,Construction - Real Estate,18193.38,NSE,1701.20,2.83,2,2025-09,1010.42,17307.52,2025-09,4724.26,148.69,2025-09,122.36,-6.25,3.95,2,2025-03,0.25,2.68,6.49,"SOBHA,"
Signatureglobal (India) Ltd.,SIGNATURE,Construction - Real Estate,14848.47,NSE,1058.20,-1.61,2,2025-09,2561.69,15814.08,2025-09,2552.28,77.84,2025-09,190.93,,20.43,2,2025-03,3.26,14.96,5.56,"SIGNATURE,"
Embassy Developments Ltd.,EMBDL,Construction - Real Estate,11987.41,NSE,86.72,-3.80,2,2025-09,4635.94,15621.05,2025-09,2341.84,-172.64,2025-09,0,0,1.17,2,2025-03,0.52,3.51,5.67,"EMBDL,"
Sri Lotus Developers And Realty Ltd.,LOTUSDEV,Construction - Real Estate,8581.99,NSE,175.17,1.02,2,2025-03,122.13,8323.61,,,,2025-03,37.74,,4.9,2,2025-03,0.13,41.36,37.83,"LOTUSDEV,"
Mahindra Lifespace Developers Ltd.,MAHLIFE,Construction - Real Estate,8479.24,NSE,397.45,-1.02,2,2025-09,303.7,8448.21,2025-09,226.05,-145.42,2025-09,52.43,2.12,2.48,2,2025-03,0.76,3.26,2.96,"MAHLIFE,"
Max Estates Ltd.,MAXESTATES,Construction - Real Estate,7911.24,NSE,486.95,1.09,2,2025-09,2064.73,9208.59,2025-09,180.07,49.55,2025-09,141.78,,3.38,2,2025-03,0.72,1.55,3.31,"MAXESTATES,"
Valor Estate Ltd.,DBREALTY,Construction - Real Estate,7853.51,NSE,145.74,1.27,2,2025-03,1897.18,9629.01,2025-06,1893.96,-86.05,2025-06,0,0,1.6,2,2025-03,0.39,-2.39,-1.42,"DBREALTY,"
Welspun Enterprises Ltd.,WELENT,Construction - Real Estate,7619.68,NSE,550.20,0.39,2,2025-03,1490.48,8467.36,2025-06,3521.9,384.21,2025-06,24.17,1.45,2.87,2,2025-03,0.59,15.78,19.08,"WELENT,"
Kalpataru Ltd.,KALPATARU,Construction - Real Estate,7613.67,NSE,369.70,0.18,2,2025-03,10172.02,17068.46,2025-03,2221.62,25.99,2025-03,352.16,,1.89,2,2025-03,4.1,1.41,1.06,"KALPATARU,"
Keystone Realtors Ltd,RUSTOMJEE,Construction - Real Estate,6968.12,NSE,553.00,-1.32,2,2025-03,904.48,7026.77,2025-06,1855.06,190.06,2025-06,43.37,,2.53,2,2025-03,0.33,8.33,11.59,"RUSTOMJEE,"
Ganesh Housing Ltd.,GANESHHOU,Construction - Real Estate,6769.78,NSE,812.50,-1.59,2,2025-09,77.23,6841.83,2025-09,833.42,526.9,2025-09,12.85,0.27,3.05,2,2025-03,0.01,33.16,44.02,"GANESHHOU,"
Sunteck Realty Ltd.,SUNTECK,Construction - Real Estate,6487.27,NSE,442.80,-1.07,2,2025-09,525.07,6949.28,2025-09,808.49,173.5,2025-09,37.01,2.43,1.95,2,2025-03,0.12,4.71,6.28,"SUNTECK,"
Puravankara Ltd.,PURVA,Construction - Real Estate,6069.85,NSE,256.35,-1.48,2,2025-09,4466.05,9830.73,2025-09,2028.34,-290.06,2025-09,0,,3.67,2,2025-03,2.49,-10.15,6.12,"PURVA,"
Ahluwalia Contracts (India) Ltd.,AHLUCONT,Construction - Real Estate,5971.27,NSE,889.55,-1.66,2,2025-03,14,5020.91,2025-06,4184.16,222.26,2025-06,26.81,1.04,3.23,2,2025-03,0.01,11.89,19.15,"AHLUCONT,"
Hubtown Ltd.,HUBTOWN,Construction - Real Estate,4569.96,NSE,322.35,2.11,2,2025-03,792.26,5171.86,2025-06,475.56,131.16,2025-06,37.97,1.68,1.76,2,2025-03,0.33,3.04,8.57,"HUBTOWN,"
TARC Ltd.,TARC,Construction - Real Estate,4494.32,NSE,152.04,-0.34,2,2025-03,1949.65,6358.3,2025-06,101.37,-146.4,2025-06,0,,4.1,2,2025-03,1.87,-19.96,-4.84,"TARC,"
Ajmera Realty & Infra India Ltd.,AJMERA,Construction - Real Estate,4029.19,NSE,1021.90,0.50,2,2025-09,652.24,4590.96,2025-09,821.82,127.75,2025-09,31.52,1.02,3.19,2,2025-03,0.56,12.2,13.65,"AJMERA,"
Raymond Realty Ltd.,RAYMONDREL,Construction - Real Estate,3989.1,NSE,598.85,-0.74,2,2025-09,564.06,4338.99,,,,2025-03,224.44,,2.97,2,2025-03,9.81,75.48,16.57,"RAYMONDREL,"
Marathon Nextgen Realty Ltd.,MARATHON,Construction - Real Estate,3986.91,NSE,593.00,1.89,2,2025-03,560.26,4455.38,2025-06,558.74,182.31,2025-06,19.03,0.38,1.86,2,2025-03,0.47,14.83,15.18,"MARATHON,"
Hemisphere Properties India Ltd.,HEMIPROP,Construction - Real Estate,3866.03,NSE,135.81,-0.10,1,2025-09,88.04,3928.6,2025-09,0.96,-9.64,2025-09,0,,8.79,1,2025-03,0.17,-2.13,-0.73,"HEMIPROP,"
PSP Projects Ltd.,PSPPROJECT,Construction - Real Estate,3783.21,NSE,956.30,2.96,2,2025-09,349.82,3940.54,2025-09,2523.72,29.64,2025-09,134.61,-8.87,3.09,2,2025-03,0.22,5.46,8.71,"PSPPROJECT,"
Kolte-Patil Developers Ltd.,KOLTEPATIL,Construction - Real Estate,3737.87,NSE,420.55,1.36,2,2025-03,1108.89,4406.93,2025-06,1458.99,83.06,2025-06,44.85,5.58,3.04,2,2025-03,1.34,13.83,11.3,"KOLTEPATIL,"
National Standard (India) Ltd.,NATIONSTD,Construction - Real Estate,3434.5,BSE,1712.00,-1.22,1,2025-09,,3434.45,2025-09,35.75,10.99,2025-09,312.4,20.65,12.37,1,2025-03,0,4.97,6.88,"NATIONSTD,"
Grand Oak Canyons Distillery Ltd.,GRANDOAK,Construction - Real Estate,3358.21,BSE,64.49,2.14,2,2025-03,2650,6008.19,2025-06,0,-5.05,2025-06,0,,3.95,2,2025-03,3.12,-1.17,-0.22,"GRANDOAK,"
AGI Infra Ltd.,AGIIL,Construction - Real Estate,3249.65,NSE,266.20,0.91,2,2025-03,137.42,3359.49,2025-06,343.86,72.26,2025-06,44.97,1.3,10.32,2,2025-03,0.47,25.67,22.03,"AGIIL,"
Arkade Developers Ltd.,ARKADE,Construction - Real Estate,3121.93,NSE,167.97,0.34,2,2025-09,174.19,3231.89,2025-09,779.17,157.18,2025-09,19.77,,3.27,2,2025-03,0.13,26,30.68,"ARKADE,"
Arvind Smartspaces Ltd.,ARVSMART,Construction - Real Estate,2833.43,NSE,620.30,0.27,2,2025-09,163.77,2931.02,2025-09,615.53,102,2025-09,30.71,1.34,4.74,2,2025-03,0.47,22,25.18,"ARVSMART,"
Ashiana Housing Ltd.,ASHIANA,Construction - Real Estate,2756.89,NSE,274.40,-2.54,2,2025-06,243.35,2553.2,2025-06,698.46,36.4,2025-06,75.74,2.82,3.55,2,2025-03,0.34,2.38,8.78,"ASHIANA,"
Capacit'e Infraprojects Ltd.,CAPACITE,Construction - Real Estate,2378.64,NSE,280.75,0.07,2,2025-03,414.39,2699.14,2025-06,2369.12,179.43,2025-06,12.21,0.7,1.35,2,2025-03,0.24,12.6,18.04,"CAPACITE,"
Garuda Construction & Engineering Ltd.,GARUDA,Construction - Real Estate,2254.87,NSE,242.37,2.74,2,2025-09,0.09,2240,2025-09,385.45,86.02,2025-09,26.21,,5.83,2,2025-03,0,24.03,32.72,"GARUDA,"
Kesar India Ltd.,KESAR,Construction - Real Estate,2132.77,BSE,860.00,1.18,1,2025-09,29.22,2111.62,2025-03,80.66,18.52,2025-03,115.13,,41.92,2,2025-03,0.55,48.92,41.7,"KESAR,"
Unitech Ltd.,UNITECH,Construction - Real Estate,1797.4,NSE,6.84,-0.58,2,2025-03,3830.19,5037.3,2025-06,352.37,-2710.74,2025-06,0,,-0.24,2,2025-03,-0.56,0,0,"UNITECH,"
Arihant Superstructures Ltd.,ARIHANTSUP,Construction - Real Estate,1764.6,NSE,408.20,-1.77,2,2025-03,738.37,2484.79,2025-06,536.11,68.59,2025-06,36.3,0.74,4.99,2,2025-03,2.46,19.54,11.89,"ARIHANTSUP,"
Shriram Properties Ltd.,SHRIRAMPPS,Construction - Real Estate,1567.8,NSE,91.79,-1.00,2,2025-03,650.56,2039.72,2025-06,911.8,55.24,2025-06,19.51,,1.14,2,2025-03,0.48,5.88,9.8,"SHRIRAMPPS,"
Omaxe Ltd.,OMAXE,Construction - Real Estate,1459.18,NSE,79.96,1.80,2,2025-03,743.56,1458.82,2025-06,1501.62,-723.92,2025-06,0,,-3.73,2,2025-03,-3.62,-497.77,-65.05,"OMAXE,"
Elpro International Ltd.,ELPROINTL,Construction - Real Estate,1456,BSE,85.91,0.47,2,2025-03,986.77,2439.35,2025-06,370.06,92.42,2025-06,15.68,0.43,0.69,2,2025-03,0.48,3.63,5.66,"ELPROINTL,"
Avishkar Infra Realty Ltd.,AIRLTD,Construction - Real Estate,1420.59,BSE,634.10,1.99,2,2025-03,33.95,1453.34,2025-03,3.62,4.18,2025-03,337.3,,103.14,2,2025-03,2.38,192.82,17.46,"AIRLTD,"
Suraj Estate Developers Ltd.,SURAJEST,Construction - Real Estate,1383.04,NSE,290.35,1.68,2,2025-09,545.81,1896.58,2025-09,583.36,92.64,2025-09,14.93,,1.44,2,2025-03,0.54,14.63,17.54,"SURAJEST,"
B.L. Kashyap and Sons Ltd.,BLKASHYAP,Construction - Real Estate,1292.9,NSE,57.21,-1.77,2,2025-03,315.91,1573.75,2025-06,1139.75,18.08,2025-06,71.5,3.54,2.42,2,2025-03,0.6,5.39,11.88,"BLKASHYAP,"
Texmaco Infrastructure & Holdings Ltd.,TEXINFRA,Construction - Real Estate,1276.18,NSE,99.97,-0.09,2,2025-03,22.72,1295.62,2025-06,16.13,-5.33,2025-06,0,0,0.96,2,2025-03,0.02,-0.59,0.53,"TEXINFRA,"
Arihant Foundations & Housing Ltd.,ARIHANT,Construction - Real Estate,1085.11,BSE,1090.00,2.68,2,2025-03,146.96,1161.07,2025-06,250.31,49.2,2025-06,21.9,0.41,3.43,2,2025-03,0.49,17.37,23.54,"ARIHANT,"
RDB Infrastructure And Power Ltd.,RDBIPL,Construction - Real Estate,1076.5,BSE,53.09,0.53,1,2025-03,77.01,1151.88,2025-06,144.56,7.31,2025-06,147.24,6.93,7.24,1,2025-03,1.79,13.75,6.75,"RDBIPL,"
Peninsula Land Ltd.,PENINLAND,Construction - Real Estate,1062.86,NSE,31.94,-5.92,2,2025-03,429.46,1445.07,2025-06,261.73,-39.02,2025-06,0,0,4.11,2,2025-03,1.87,-15.48,3.12,"PENINLAND,"
Prozone Realty Ltd.,PROZONER,Construction - Real Estate,968.11,NSE,64.44,-2.01,2,2025-03,422.17,1282.16,2025-06,184.77,-45.75,2025-06,0,,2.05,2,2025-03,0.9,-11.13,3.89,"PROZONER,"
Eldeco Housing & Industries Ltd.,ELDEHSG,Construction - Real Estate,863.34,NSE,890.80,1.57,2,2025-03,114.72,855.33,2025-06,133.45,16.65,2025-06,51.86,-4.59,2.23,2,2025-03,0.3,5.7,9.14,"ELDEHSG,"
BEML Land Assets Ltd.,BLAL,Construction - Real Estate,853.92,NSE,204.34,-0.34,1,2025-09,,853.91,2025-09,0,-4.14,2025-09,0,,-394.18,1,2025-03,0,-125.53,-99.88,"BLAL,"
PVP Ventures Ltd.,PVP,Construction - Real Estate,829.91,NSE,31.50,-1.78,2,2025-03,21.99,851.28,2025-06,41.89,-6.43,2025-06,0,0,3.74,2,2025-03,0.1,-3.79,-1.89,"PVP,"
Hazoor Multi Projects Ltd.,HAZOOR,Construction - Real Estate,781.69,BSE,33.50,-3.15,2,2025-03,195.17,967.58,2025-06,747.44,44.3,2025-06,17.65,,1.68,2,2025-03,0.5,12.75,14.25,"HAZOOR,"
GeeCee Ventures Ltd.,GEECEE,Construction - Real Estate,731.91,NSE,353.00,0.79,2,2025-03,0,455.31,2025-06,111.39,39.28,2025-06,18.63,0.78,1.25,2,2025-03,0,8.3,10.51,"GEECEE,"
Parsvnath Developers Ltd.,PARSVNATH,Construction - Real Estate,725.88,NSE,16.60,-1.31,2,2025-03,2919.9,3611.77,2025-06,229.17,-305.57,2025-06,0,0,-0.35,2,2025-03,-1.43,0,10.44,"PARSVNATH,"
Yogi Ltd.,YOGI,Construction - Real Estate,724.01,BSE,167.75,-1.06,2,2025-09,153.7,837.49,2025-03,111.07,1.46,2025-03,497.43,,5.49,2,2025-03,0.22,1.83,1.91,"YOGI,"
Nila Spaces Ltd.,NILASPACES,Construction - Real Estate,696.4,NSE,17.53,3.18,2,2025-03,21.6,708.6,2025-06,145.52,17.97,2025-06,38.62,0.8,4.7,2,2025-03,0.15,10.88,25.07,"NILASPACES,"
Deepak Builders & Engineers India Ltd.,DBEIL,Construction - Real Estate,672.86,NSE,143.32,-1.71,1,2025-03,131.62,795,2025-06,583.29,57.53,2025-06,11.7,,1.6,1,2025-03,0.32,20.26,25.87,"DBEIL,"
Modi's Navnirman Ltd.,MODIS,Construction - Real Estate,660.81,BSE,337.25,-2.42,1,2025-09,1,659.23,2025-03,75.03,8.2,2025-03,80.55,,7.26,2,2025-03,0.03,12.83,16.72,"MODIS,"
Espire Hospitality Ltd.,ESPIRE,Construction - Real Estate,618.77,BSE,416.00,-1.41,1,2025-03,73.14,689.39,2025-03,119.55,8.27,2025-03,74.79,0.52,13.77,1,2025-03,1.68,35.34,21.23,"ESPIRE,"
R.P.P. Infra Projects Ltd.,RPPINFRA,Construction - Real Estate,576.19,NSE,116.01,1.82,2,2025-03,35.09,588.89,2025-06,1442.22,60.3,2025-06,9.56,0.33,1.07,2,2025-03,0.07,13.76,20.33,"RPPINFRA,"
Nimbus Projects Ltd.,NIMBSPROJ,Construction - Real Estate,574.06,BSE,298.40,-0.07,2,2025-03,184.22,746.47,2025-06,5.87,-114.78,2025-06,0,0,3.7,2,2025-03,1.08,82.29,36.06,"NIMBSPROJ,"
Suratwwala Business Group Ltd.,SBGLP,Construction - Real Estate,564.3,NSE,32.09,-4.18,2,2025-03,72.61,635.84,2025-06,42.84,12.27,2025-06,45.98,,7.62,2,2025-03,1.06,17.44,13.05,"SBGLP,"
Hampton Sky Realty Ltd.,HAMPTON,Construction - Real Estate,492.47,BSE,18.03,-0.44,2,2025-03,78.02,566.7,2025-06,24.67,-7.77,2025-06,0,,3.51,2,2025-03,0.55,13.04,8.32,"HAMPTON,"
Pansari Developers Ltd.,PANSARI,Construction - Real Estate,464.52,NSE,266.25,2.80,2,2025-03,100.95,563.28,2025-06,50.09,10.7,2025-06,43.41,1.96,3.36,2,2024-03,0.68,4.2,5.09,"PANSARI,"
Mason Infratech Ltd.,MASON,Construction - Real Estate,455.15,NSE,202.00,-1.51,1,2025-03,45.44,499.15,2025-03,112.1,17.09,2025-03,26.63,,3.56,2,2025-03,0.68,38.47,34.34,"MASON,"
Emami Realty Ltd.,EMAMIREAL,Construction - Real Estate,410.37,NSE,93.17,-1.41,2,2025-03,1904.04,2307.68,2025-06,82.89,-163.23,2025-06,0,,-3.03,2,2025-03,-11.77,0,-1.87,"EMAMIREAL,"
Vishnusurya Projects and Infra Ltd.,VISHNUINFR,Construction - Real Estate,385.39,NSE,156.60,6.10,1,2025-03,82.56,456.97,2025-03,270.63,29.29,2025-03,13.16,,2.44,2,2025-03,0.52,27.01,26.28,"VISHNUINFR,"
Nila Infrastructures Ltd.,NILAINFRA,Construction - Real Estate,382.47,NSE,9.72,-0.51,2,2025-03,26.11,382.31,2025-06,298.17,27.21,2025-06,17.21,3.88,2.22,2,2025-03,0.16,15.49,19.46,"NILAINFRA,"
Sumit Woods Ltd.,SUMIT,Construction - Real Estate,381.98,NSE,84.38,0.42,2,2025-03,63.88,417.45,2025-06,150.71,13,2025-06,28.81,0.89,2.33,2,2024-03,1.65,15.39,15.09,"SUMIT,"
B-Right Real Estate Ltd.,BRRL,Construction - Real Estate,377.09,BSE,365.00,,1,2025-03,78.37,454.82,2025-03,6.28,0.59,2025-03,635.9,,2.69,2,2025-03,0.55,3.11,4.26,"BRRL,"
Shradha Infraprojects Ltd.,SHRADHA,Construction - Real Estate,358.25,NSE,44.23,-0.79,2,2025-03,169.76,465.74,2025-06,103.73,21.96,2025-06,20.82,0.38,1.41,2,2025-03,1.11,18.09,11.83,"SHRADHA,"
Rainbow Foundations Ltd.,RAINBOWF,Construction - Real Estate,352.24,BSE,70.99,4.84,1,2025-03,583.45,934.04,2025-06,174.61,8.41,2025-06,41.89,1.15,4.31,1,2025-03,7.27,10.51,6.64,"RAINBOWF,"
Supreme Holdings & Hospitality (India) Ltd.,SUPREME,Construction - Real Estate,337,NSE,87.07,0.74,2,2025-03,5.77,336.93,2025-06,43.18,6.78,2025-06,49.71,5.44,2.31,2,2025-03,0.04,7.75,9.79,"SUPREME,"
Dugar Housing Developments Ltd.,DUGARHOU,Construction - Real Estate,333.34,BSE,343.65,1.97,1,2025-09,1.22,323.33,2025-09,0,-0.38,2025-09,0,0,32.59,1,2025-03,-1.27,0,46.26,"DUGARHOU,"
Ravinder Heights Ltd.,RVHL,Construction - Real Estate,331.16,NSE,52.50,-1.89,2,2025-03,1.11,318.5,2025-06,0.55,-2.64,2025-06,0,0,1.38,2,2025-03,0,-1.05,-1.27,"RVHL,"
Atal Realtech Ltd.,ATALREAL,Construction - Real Estate,306.02,NSE,24.70,-0.12,1,2025-03,15.83,313.94,2025-06,102.83,4,2025-06,76.58,9.43,4.26,1,2025-03,0.24,6.75,10.82,"ATALREAL,"
SV Global Mill Ltd.,SVGLOBAL,Construction - Real Estate,304.52,BSE,171.80,5.76,2,2025-09,,304.12,2025-09,5.53,-0.19,2025-09,0,0,4.66,2,2025-03,0,0.46,1.25,"SVGLOBAL,"
RDB Real Estate Constructions Ltd.,RRECL,Construction - Real Estate,297.45,BSE,182.00,3.26,1,2025-03,85.16,382.54,2025-03,18.37,1.61,2025-03,184.52,,,1,-0,,,,"RRECL,"
Ratnabhumi Developers Ltd.,RATNABHUMI,Construction - Real Estate,293.45,BSE,214.20,-4.86,2,2025-03,117.38,409.16,2025-06,190.1,5.35,2025-06,51.16,,6.85,2,2024-03,5.44,0.11,8.41,"RATNABHUMI,"
Dharan Infra-EPC Ltd.,DHARAN,Construction - Real Estate,277.12,NSE,0.52,4.00,1,2025-03,63.8,337.2,2025-03,17.99,-39.43,2025-03,0,,0.25,2,2024-03,0.08,-4,-2.54,"DHARAN,"
Chavda Infra Ltd.,CHAVDA,Construction - Real Estate,247.67,NSE,100.45,5.02,1,2025-03,162.05,400.82,2025-03,261.42,21.1,2025-03,11.74,,2.25,1,2025-03,1.47,21.12,18.26,"CHAVDA,"
Navkar Urbanstructure Ltd.,NAVKARURB,Construction - Real Estate,245.74,NSE,2.15,4.37,1,2025-03,6.22,249.38,2025-06,13.79,-1.28,2025-06,0,0,1.31,1,2025-03,0.05,0.26,0.76,"NAVKARURB,"
Alpine Housing Development Corporation Ltd.,ALPINEHOU,Construction - Real Estate,235.06,BSE,135.70,-1.24,1,2025-03,14.38,245.63,2025-03,59.2,5.06,2025-03,46.42,5.19,2.79,1,2024-03,0.21,4.42,6.37,"ALPINEHOU,"
Lancor Holdings Ltd.,LANCORHOL,Construction - Real Estate,231.17,NSE,31.69,9.73,2,2025-03,153.05,368.89,2025-06,196.14,1.88,2025-06,122.57,5.34,1.18,2,2025-03,0.78,2.81,10.49,"LANCORHOL,"
AMJ Land Holdings Ltd.,AMJLAND,Construction - Real Estate,220.99,NSE,54.43,4.43,2,2025-09,,214.94,2025-09,66.18,21.32,2025-09,10.53,0.66,0.87,2,2025-03,0,10.55,15.76,"AMJLAND,"
Veer Global Infraconstruction Ltd.,VGIL,Construction - Real Estate,217.26,BSE,134.90,4.90,1,2025-03,16.88,233.6,2025-03,11.63,1.81,2025-03,120.16,,6.28,1,2025-03,0.49,5.4,7.72,"VGIL,"
SAB Industries Ltd.,SAB,Construction - Real Estate,212.94,BSE,140.00,,2,2025-03,77.21,274.24,2025-06,40.21,1.76,2025-06,7.82,-10.71,0.6,2,2025-03,0.22,-5.41,-3.18,"SAB,"
Prajay Engineers Syndicate Ltd.,PRAENG,Construction - Real Estate,207.71,NSE,28.99,-3.75,2,2025-03,173.83,341.77,2025-03,57.46,-29.57,2025-03,0,,0.43,2,2025-03,0.36,-5.97,-4.16,"PRAENG,"
HB Estate Developers Ltd.,HBESD,Construction - Real Estate,186.25,BSE,81.11,-3.23,2,2025-03,284.14,451.28,2025-06,115.82,10.27,2025-06,18.14,0.69,1.02,2,2025-03,1.65,6.73,8.23,"HBESD,"
VR Infraspace Ltd.,VR,Construction - Real Estate,173.16,NSE,195.00,-1.02,1,2025-03,17.2,186.12,2025-03,6.57,0.91,2025-03,191.1,,4.96,2,2025-03,0.47,8.5,13.57,"VR,"
Mahendra Realtors & Infrastructure Ltd.,MRIL,Construction - Real Estate,165.78,NSE,75.00,-0.40,1,2025-03,15.4,178.77,,,,2025-03,11.15,,1.39,1,2025-03,0.22,23.43,29.4,"MRIL,"
Manas Properties Ltd.,MANAS,Construction - Real Estate,162.24,BSE,390.00,,1,2025-03,0.1,88.95,2025-03,0,27.62,2023-03,6.49,0.44,2.74,1,2025-03,0,28.44,35.34,"MANAS,"
Variman Global Enterprises Ltd.,VARIMAN,Construction - Real Estate,161.7,BSE,8.31,-4.92,2,2025-03,30.76,191.46,2025-06,117.1,2.47,2025-06,65.86,94.09,4.87,2,2025-03,0.99,2.21,7.17,"VARIMAN,"
Samor Reality Ltd.,SAMOR,Construction - Real Estate,144.59,BSE,63.99,2.78,1,2025-03,40.95,185.21,2025-06,0,-0.94,2025-06,0,,2.37,1,2025-03,0.67,-1.15,4.29,"SAMOR,"
Sanmit Infra Ltd.,SANINFRA,Construction - Real Estate,144.26,BSE,9.12,0.22,1,2025-03,7.74,151.72,2025-06,163.63,2.45,2025-06,58.86,8.07,3.84,1,2025-03,0.21,4.31,7.68,"SANINFRA,"
Thakkers Developers Ltd.,THAKDEV,Construction - Real Estate,141.03,BSE,157.85,1.84,2,2025-06,19.03,157.88,2025-06,36.48,8.27,2025-06,17.06,-6.64,0.92,2,2024-03,0.22,-0.65,-0.18,"THAKDEV,"
Art Nirman Ltd.,ARTNIRMAN,Construction - Real Estate,137.26,NSE,55.00,-2.24,1,2025-03,18.06,151.56,2025-06,23.38,1.52,2025-06,90.54,4.64,3.69,1,2025-03,0.48,5.49,6.61,"ARTNIRMAN,"
Housing Development And Infrastructure Ltd.,HDIL,Construction - Real Estate,132.72,NSE,2.73,-0.36,1,2025-03,2483.64,2599.85,2025-03,33.96,-0.01,2025-03,0,0,-0.06,1,2019-03,0.13,0.83,2.35,"HDIL,"
Vipul Ltd.,VIPULLTD,Construction - Real Estate,123.2,NSE,8.73,-3.54,2,2025-03,84.86,167.74,2025-06,72.91,-31.22,2025-06,0,0,0.33,2,2025-03,0.23,-7.78,-0.7,"VIPULLTD,"
Maruti Infrastructure Ltd.,MAINFRA,Construction - Real Estate,118.31,BSE,12.82,2.48,1,2025-03,18.05,135.22,2025-06,62.4,1.63,2025-06,72.63,,4.23,2,2024-03,1.66,4.98,5.83,"MAINFRA,"
Shri Krishna Devcon Ltd.,SHRIKRISH,Construction - Real Estate,117.24,BSE,41.98,,2,2025-03,39.01,151.05,2025-06,25.07,5.05,2025-06,23.21,0.71,1.33,2,2025-03,0.45,5.85,7.17,"SHRIKRISH,"
Skyline Millars Ltd.,SKYLMILAR,Construction - Real Estate,111.78,BSE,27.79,-4.99,1,2025-03,0,106.72,2025-06,2.67,-0.35,2025-06,0,,4.62,1,2025-03,0,-0.79,-0.79,"SKYLMILAR,"
Shervani Industrial Syndicate Ltd.,SHERVANI,Construction - Real Estate,104.13,BSE,404.90,0.68,2,2025-09,56.62,115.9,2025-09,30.33,2.84,2025-09,40.05,-1.43,0.94,2,2025-03,0.46,3.44,3.41,"SHERVANI,"
Landmark Property Development Company Ltd.,LPDC,Construction - Real Estate,103.56,NSE,7.70,-0.90,1,2025-03,0,94.84,2025-06,0.76,-3.79,2025-06,0,,2.59,1,2025-03,0,-8.9,-8.52,"LPDC,"
Radhe Developers (India) Ltd.,RADHEDE,Construction - Real Estate,103.18,BSE,1.99,-2.45,1,2025-09,36.02,138.47,2025-09,12.82,5.54,2025-09,18.62,0.85,1.58,1,2025-03,0.58,2.42,2.63,"RADHEDE,"
Prerna Infrabuild Ltd.,PRERINFRA,Construction - Real Estate,98.16,BSE,26.61,-1.99,2,2025-03,25.64,73.8,2025-06,7.72,0.01,2025-06,633.28,3.54,0.96,2,2025-03,0.25,1.28,2.36,"PRERINFRA,"
Garnet Construction Ltd.,GARNET,Construction - Real Estate,89.6,BSE,64.50,1.75,1,2025-03,8.08,97.62,2025-06,41.31,18.37,2025-06,4.88,3.36,0.74,1,2024-03,0.11,3.13,4.51,"GARNET,"
Ansal Buildwell Ltd.,ANSALBU,Construction - Real Estate,76.98,BSE,105.00,1.55,2,2025-03,38.19,93.29,2025-06,39.41,1.23,2025-06,52.62,0.68,0.59,2,2024-03,0.26,8.32,14.19,"ANSALBU,"
Shristi Infrastructure Development Corporation Ltd,SHRISTI,Construction - Real Estate,69.93,BSE,31.50,5.00,2,2025-03,382.45,450.76,2025-06,95.25,-8.15,2025-06,0,0,-0.51,2,2025-03,-2.86,0,1.04,"SHRISTI,"
Homesfy Realty Ltd.,HOMESFY,Construction - Real Estate,69.62,NSE,215.80,,1,2025-03,0.19,44.46,2025-03,58.67,1.49,2025-03,46.7,,1.36,2,2025-03,0,3.08,4.66,"HOMESFY,"
Ansal Housing Ltd.,ANSALHSG,Construction - Real Estate,67.62,BSE,9.71,-0.31,2,2025-03,351.33,400.79,2025-06,420.17,-23.79,2025-06,0,0,0.49,2,2025-03,2.53,13.9,18.27,"ANSALHSG,"
Ansal Properties & Infrastructure Ltd.,ANSALAPI,Construction - Real Estate,64.85,NSE,4.11,0.00,1,2024-09,206.81,252.7,2024-12,650.58,-210.09,2024-12,0,0,-0.17,2,2024-03,-0.72,0,0,"ANSALAPI,"
Shantidoot Infra Services Ltd.,SISL,Construction - Real Estate,63.92,BSE,355.50,,1,2025-03,0.1,63.75,2025-03,30.19,5.31,2025-03,12.04,,11.62,1,2024-03,0.02,25.38,32.55,"SISL,"
Premier Energy & Infrastructure Ltd.,PEIL,Construction - Real Estate,63.8,BSE,15.50,1.37,2,2025-03,33.12,96.67,2025-06,0,0.26,2025-06,249.23,,1.73,2,2025-03,0.89,0.56,0.13,"PEIL,"
Victoria Mills Ltd.,VICTMILL,Construction - Real Estate,62.93,BSE,6385.00,-0.83,1,2025-03,0,62.38,2025-06,32,1.23,2025-06,51.25,2.27,0.93,1,2025-03,0,0.86,1.52,"VICTMILL,"
Rodium Realty Ltd.,RODIUM,Construction - Real Estate,61.01,BSE,188.00,0.48,2,2025-03,104.35,159.47,2025-06,67.28,8.18,2025-06,7.46,0.08,3.08,2,2024-03,6.94,9.68,5.2,"RODIUM,"
Satchmo Holdings Ltd.,SATCH,Construction - Real Estate,59.21,BSE,4.06,-2.64,2,2025-09,46.98,105.82,2025-09,13.03,38.71,2025-09,1.53,0.11,-0.06,2,2025-03,-0.13,0,0,"SATCH,"
Mega Nirman & Industries Ltd.,MNIL,Construction - Real Estate,57.38,BSE,23.00,-1.71,1,2025-09,0.3,56.58,2025-09,12.18,-0.15,2025-09,0,0,1.56,1,2025-03,0,1.35,0.88,"MNIL,"
BSEL Algo Ltd.,BSELALGO,Construction - Real Estate,57.08,BSE,6.59,2.81,2,2025-09,,55.87,2025-09,-19.09,-15.88,2025-09,0,0,0.12,2,2025-03,0,2.15,2.88,"BSELALGO,"
Simplex Realty Ltd.,SIMPLXREA,Construction - Real Estate,54.08,BSE,180.80,,2,2025-03,20,70.6,2025-06,3.29,-0.78,2025-06,0,0,0.47,2,2025-03,0.17,1.13,2.31,"SIMPLXREA,"
Grovy India Ltd.,GROVY,Construction - Real Estate,52.12,BSE,39.29,3.94,1,2025-03,24.61,76.72,2025-06,32.41,3.14,2025-06,16.58,0.61,2.42,1,2024-03,0.6,5.5,5.96,"GROVY,"
Prime Property Development Corporation Ltd.,PRIMEPRO,Construction - Real Estate,51.05,BSE,28.74,1.05,2,2025-03,,43.41,2025-06,7.81,2.4,2025-06,21.24,1.47,0.63,2,2024-03,0.01,8.74,11.91,"PRIMEPRO,"
Citadel Realty & Developers Ltd.,CITADEL,Construction - Real Estate,50.98,BSE,61.00,1.79,2,2025-03,15.19,66.11,2025-06,3.65,1.25,2025-06,40.37,2.51,3.23,2,2025-03,0.99,8.4,10.6,"CITADEL,"
Real Eco-Energy Ltd.,REALECO,Construction - Real Estate,47.7,BSE,4.77,-4.60,1,2025-03,4.85,52.27,2025-06,3.35,0,2025-06,0,0,8.36,1,2024-03,0.84,3.28,1.84,"REALECO,"
Parle Industries Ltd.,PARLEIND,Construction - Real Estate,47.42,BSE,9.71,1.36,2,2025-03,1.1,47.91,2025-03,4.68,0.46,2025-03,103.77,2.04,,1,2024-03,0.05,0.14,0.49,"PARLEIND,"
Country Condo's Ltd.,COUNCODOS,Construction - Real Estate,46.64,NSE,6.07,-1.30,1,2025-03,0.05,46.31,2025-06,16.05,0.54,2025-06,85.89,-110.11,1.85,1,2025-03,0,2.41,4.26,"COUNCODOS,"
Manjeera Constructions Ltd.,MANJEERA,Construction - Real Estate,45.03,BSE,36.00,,1,2024-09,123.44,163.33,2024-09,2.48,-4.41,2024-09,0,0,0.51,2,2024-03,-2.91,0,5.86,"MANJEERA,"
PVV Infra Ltd.,PVVINFRA,Construction - Real Estate,43.28,BSE,3.76,-2.59,2,2025-09,8.27,51.19,2025-09,33.69,3.5,2025-09,12.36,,0.71,2,2025-03,0.1,10.04,12.88,"PVVINFRA,"
Vivid Mercantile Ltd.,VIVIDM,Construction - Real Estate,42.51,BSE,4.24,-8.42,1,2025-09,5.78,48.01,2025-09,7.24,2.85,2025-09,14.91,0.14,0.76,1,2024-03,0.09,31.7,34.91,"VIVIDM,"
Gothi Plascon (India) Ltd.,GOTHIPL,Construction - Real Estate,40.7,BSE,39.90,3.58,1,2025-03,2.24,41.98,2025-06,4.23,1.52,2025-06,26.85,-11.33,3.53,1,2025-03,0.2,14.32,18.89,"GOTHIPL,"
Tirupati Sarjan Ltd.,TIRSARJ,Construction - Real Estate,40.4,BSE,12.28,-2.15,1,2025-03,47.31,83.39,2025-06,211.28,5.01,2025-06,8.06,0.72,0.45,1,2025-03,0.53,5.95,9.07,"TIRSARJ,"
Vas Infrastructure Ltd.,VASINFRA,Construction - Real Estate,39.67,BSE,26.22,,1,2025-09,119.89,142.06,2025-09,0,-0.25,2025-09,0,0,-0.15,1,2024-03,-0.46,0,0,"VASINFRA,"
MPDL Ltd.,MPDL,Construction - Real Estate,36.5,BSE,49.29,4.98,2,2025-03,51.88,87.87,2025-06,9.69,-5.14,2025-06,0,,0.38,2,2024-03,0.41,18.94,13.48,"MPDL,"
Bhanderi Infracon Ltd.,BHANDERI,Construction - Real Estate,36.35,BSE,140.00,,1,2025-03,4.6,40.92,2025-03,2.15,0.93,2025-03,39.09,0.93,1.47,2,2024-03,0.82,3.31,2.21,"BHANDERI,"
Poddar Housing and Development Ltd.,PODDARHOUS,Construction - Real Estate,35.76,NSE,45.53,,1,2024-03,357.09,391.17,2024-03,58.09,-42.43,2024-03,0,,0.41,2,2024-03,4.36,-45.26,3.91,"PODDARHOUS,"
Shaival Reality Ltd.,SHAIVAL,Construction - Real Estate,35.3,NSE,30.50,,1,2025-03,0.21,35.03,2025-03,0.1,0.2,2023-03,5.26,0.26,2.24,2,2025-03,0.01,1.24,4.44,"SHAIVAL,"
Yuranus Infrastructure Ltd.,YURANUS,Construction - Real Estate,33.04,BSE,95.00,-3.16,1,2025-03,1.11,32.84,2025-06,12.27,-0.91,2025-06,0,,10.84,1,2025-03,0.34,-12.7,-11.63,"YURANUS,"
Martin Burn Ltd.,MARBU,Construction - Real Estate,31.29,BSE,60.90,3.92,1,2025-09,0.14,31.1,2025-09,0.17,6.27,2025-09,4.99,0.18,0.63,1,2025-03,0,13.35,15.91,"MARBU,"
Shashijit Infraprojects Ltd.,SHASHIJIT,Construction - Real Estate,30.74,BSE,4.02,-5.85,1,2025-03,8.76,39.32,2025-06,22.14,-2.85,2025-06,0,,2,1,2025-03,0.59,-23.76,-11.73,"SHASHIJIT,"
IITL Projects Ltd.,IITLPROJ,Construction - Real Estate,28.8,BSE,52.00,,1,2025-03,,9.01,2025-06,-0.3,32.7,2025-06,0.88,0.05,-21.86,2,2024-03,0,0,0,"IITLPROJ,"
Narendra Properties Ltd.,NARPROP,Construction - Real Estate,28.43,BSE,40.00,-1.21,1,2025-03,0,28.25,2025-06,10.11,1.76,2025-06,16.12,0.68,0.74,1,2025-03,0,2.47,3.3,"NARPROP,"
Popular Estate Management Ltd.,POPULARES,Construction - Real Estate,28.25,BSE,20.18,-0.15,1,2025-03,7.97,36.21,2025-06,0,-0.29,2025-06,0,0,0.67,1,2025-03,0.19,-0.83,-0.7,"POPULARES,"
Kamanwala Housing Construction Ltd.,KAMANWALA,Construction - Real Estate,28.2,BSE,20.01,-0.79,2,2025-03,1.26,-15.04,2025-06,10.74,45.67,2025-06,0.62,0,0.24,2,2025-03,0.01,49.23,53.21,"KAMANWALA,"
Rap Corp Ltd.,RAP,Construction - Real Estate,26.26,BSE,44.65,-4.98,1,2025-03,0.09,26.26,2025-06,0,-0.6,2025-06,0,,2.5,1,2024-03,0.43,-9.36,-9.12,"RAP,"
SVS Ventures Ltd.,SVS,Construction - Real Estate,26.24,BSE,12.40,0.98,1,2025-03,0,25.95,2025-03,0,0.08,2025-03,349.85,,0.79,1,2024-03,0,0.25,0.38,"SVS,"
Maxheights Infrastructure Ltd.,MAXHEIGHTS,Construction - Real Estate,23.71,BSE,15.12,4.42,1,2025-09,3.29,24.72,2025-09,8.05,0.95,2025-09,25.01,-1.83,0.7,2,2024-03,2.38,1.44,0.87,"MAXHEIGHTS,"
KCL Infra Projects Ltd.,KCLINFRA,Construction - Real Estate,23.31,BSE,1.40,0.72,1,2025-03,3.72,26.65,2025-06,11.09,1,2025-06,23.26,31.02,0.42,1,2025-03,0.07,0.95,2.23,"KCLINFRA,"
RTCL Ltd.,RAGHUTOB,Construction - Real Estate,22.93,BSE,19.17,0.89,2,2025-03,2.32,24.54,2025-06,1.05,1.44,2025-06,13.44,-0.39,0.52,2,2025-03,0.05,1.6,2.3,"RAGHUTOB,"
Steel Strips Infrastructures Ltd.,STLSTRINF,Construction - Real Estate,21.17,BSE,24.25,-1.14,2,2025-03,0,20.98,2025-06,1.37,-0.74,2025-06,1.14,0.44,0.3,2,2025-03,0,-20.95,-20.56,"STLSTRINF,"
Neo Infracon Ltd.,NEOINFRA,Construction - Real Estate,20.82,BSE,39.24,2.35,2,2025-03,15.95,36.57,2025-06,11.92,1.42,2025-06,14.65,-0.78,3.01,2,2025-03,2.37,12.41,9.69,"NEOINFRA,"
Croissance Ltd.,CROISSANCE,Construction - Real Estate,19.88,BSE,2.89,1.76,2,2025-03,,19.88,2025-06,0,0,2025-06,0,,2.53,2,2024-03,0,0.88,1.14,"CROISSANCE,"
SSPDL Ltd.,SSPDL,Construction - Real Estate,19.54,BSE,15.10,-5.63,2,2025-03,42.25,57.17,2025-06,2.41,-2.46,2025-06,0,0,42.09,2,2025-03,20.83,-64.72,0.42,"SSPDL,"
Laddu Gopal Online Services Ltd.,LADDU,Construction - Real Estate,18.6,BSE,1.38,4.55,1,2025-03,1.88,10.6,2025-06,0,1.01,2025-06,18.34,0.72,0.3,1,2024-03,0,4.92,6.69,"LADDU,"
S&T Corporation Ltd.,STCORP,Construction - Real Estate,16.81,BSE,5.30,0.00,2,2025-09,,16.5,2025-09,0.27,-0.38,2025-09,0,,1.29,2,2025-03,0.52,0.31,0.23,"STCORP,"
Dhanuka Realty Ltd.,DRL,Construction - Real Estate,16.64,NSE,21.50,,1,2025-03,7.79,23.93,2025-03,3.13,0.89,2025-03,18.76,0.6,1.68,2,2025-03,0.71,20.42,18.37,"DRL,"
Yogi Infra Projects Ltd.,YOGISUNG,Construction - Real Estate,16.59,BSE,9.87,-6.89,2,2025-03,57.96,73.67,2025-06,214.55,-2.82,2025-06,0,,0.5,2,2024-03,1.24,2.88,2.08,"YOGISUNG,"
Jet Solar Ltd.,JETSOLAR,Construction - Real Estate,15.68,BSE,13.20,10.00,1,2025-03,0.43,16.06,2025-03,0.54,0.04,2025-03,391.91,24.52,0.76,1,2025-03,0.03,0.36,0.88,"JETSOLAR,"
Shree Krishna Infrastructure Ltd.,SKIFL,Construction - Real Estate,15.53,BSE,14.75,4.98,1,2025-03,,12.24,2025-03,0.8,0.03,2025-03,456.82,50.2,1.3,1,2024-03,0,0.28,0.36,"SKIFL,"
Satra Properties (India) Ltd.,SATRAPROP,Construction - Real Estate,15.52,BSE,0.87,,1,2021-09,88.83,103.32,2021-09,0,-1.16,2021-09,0,,,1,2021-03,1.48,-3.04,-1.13,"SATRAPROP,"
Rander Corporation Ltd.,RANDER,Construction - Real Estate,15.29,BSE,12.39,-1.04,1,2025-03,,14.93,2025-06,2.28,-0.47,2025-06,0,,0.66,1,2024-03,0.01,8.42,11.03,"RANDER,"
Cemantic Infra-Tech Ltd.,CEMAINFRA,Construction - Real Estate,13.03,BSE,5.20,-0.76,1,2025-03,2.29,15.31,2025-06,0,-0.32,2025-06,0,0,5.09,1,2025-03,0.86,-10.87,-6.16,"CEMAINFRA,"
Anna Infrastructures Ltd.,ANNAINFRA,Construction - Real Estate,13.02,BSE,34.90,-1.38,1,2025-03,0,12.81,2025-06,1.83,0.52,2025-06,24.9,1.46,1.22,1,2025-03,0,4.74,6.48,"ANNAINFRA,"
Sterling Green Woods Ltd.,STRGRENWO,Construction - Real Estate,12.8,BSE,30.20,-8.48,2,2025-03,14.16,24.46,2025-06,1.45,-0.58,2025-06,0,0,4.73,2,2024-03,3.16,-38.93,-8.45,"STRGRENWO,"
Sanathnagar Enterprises Ltd.,SEL,Construction - Real Estate,12.32,BSE,39.19,4.98,1,2025-09,13.45,25.71,2025-09,0,0.29,2025-09,42.18,,-0.99,1,2025-03,-1.15,0,1.04,"SEL,"
Skyline Ventures India Ltd.,SKILVEN,Construction - Real Estate,11.8,BSE,29.75,,1,2025-03,1.16,12.96,2025-06,0,-0.54,2025-06,0,,3.46,1,2024-03,0.27,-14.4,-12.15,"SKILVEN,"
Gyan Developers & Builders Ltd.,GYANDEV,Construction - Real Estate,11.26,BSE,37.54,1.46,1,2025-03,0,8.75,2025-06,3.61,1.3,2025-06,8.69,0.11,2.37,1,2025-03,0,22.42,32.01,"GYANDEV,"
KMF Builders & Developers Ltd.,KMFBLDR,Construction - Real Estate,11.24,BSE,9.23,-0.11,1,2025-03,,7.3,2025-06,2.8,-1.56,2025-06,0,,0.95,1,2024-03,0.02,3.85,5.38,"KMFBLDR,"
Mount Housing & Infrastructure Ltd.,MOUNT,Construction - Real Estate,9.53,BSE,31.47,,1,2025-03,14.73,23.8,2025-06,4,-0.67,2024-06,0,0,2.28,1,2024-03,2.36,1.75,8.59,"MOUNT,"
East Buildtech Ltd.,EASTBUILD,Construction - Real Estate,9.21,BSE,49.10,-3.99,1,2025-03,0.11,9.32,2025-06,0.62,-0.05,2025-06,0,0,1.4,1,2024-03,0.1,0.04,1.02,"EASTBUILD,"
UTL Industries Ltd.,UTLINDS,Construction - Real Estate,8.4,BSE,2.55,9.91,1,2025-03,0.07,8.46,2025-06,0.28,-0.01,2025-06,0,,2.01,1,2025-03,0.02,-2.46,-2.44,"UTLINDS,"
Jainco Projects (India) Ltd.,JAINCO,Construction - Real Estate,8.04,BSE,8.04,-1.95,1,2025-03,19.15,27.02,2025-06,0.98,0.05,2025-06,154.62,4.84,0.75,1,2025-03,1.8,0.07,2.29,"JAINCO,"
Ishaan Infrastructures & Shelters Ltd.,IISL,Construction - Real Estate,7.33,BSE,11.35,4.13,1,2025-03,,7.33,2025-06,0.2,-0.07,2025-06,0,,1.11,1,2024-03,0.02,-1.28,-1.26,"IISL,"
Purohit Construction Ltd.,PUROHITCON,Construction - Real Estate,6.66,BSE,15.12,,1,2025-03,0.16,6.77,2025-06,0.12,-0.28,2025-06,0,,4.04,1,2025-03,0.09,-13.43,-13.42,"PUROHITCON,"
Raghunath International Ltd.,RAGHUNAT,Construction - Real Estate,6.43,BSE,12.86,4.89,2,2025-03,0,6.21,2025-06,0.28,2.3,2025-06,2.54,0.1,0.4,2,2025-03,0,15.31,20.39,"RAGHUNAT,"
Epsom Properties Ltd.,EPSOMPRO,Construction - Real Estate,5.81,BSE,7.80,3.72,1,2025-09,1.85,7.66,2025-09,0,-0.32,2025-09,0,,-3.32,1,2025-03,-1.05,0,-289.71,"EPSOMPRO,"
Sikozy Realtors Ltd.,SIKOZY,Construction - Real Estate,5.17,BSE,1.16,0.00,1,2025-03,0.3,5.43,2025-06,0,-0.19,2025-06,0,,276.19,1,2025-03,5.38,-121.4,-42.68,"SIKOZY,"
Mahesh Developers Ltd.,MAHESH,Construction - Real Estate,5.11,BSE,12.30,,1,2025-03,10.85,15.23,2025-03,0,0.03,2023-12,0,0,1.29,1,2023-03,1.88,1.36,3,"MAHESH,"
Unishire Urban Infra Ltd.,UNISHIRE,Construction - Real Estate,4.9,BSE,2.01,0.00,1,2025-03,0,4.67,2025-03,22.42,-0.01,2025-03,0,0,0.23,1,2025-03,0,-0.07,-0.07,"UNISHIRE,"
Patidar Buildcon Ltd.,PATIDAR,Construction - Real Estate,4.68,BSE,8.50,,1,2025-03,2.21,6.78,2025-06,1.25,-0.4,2025-06,0,,0.72,1,2025-03,0.34,-5.58,-2.02,"PATIDAR,"
Athena Constructions Ltd.,ATHCON,Construction - Real Estate,4.42,BSE,5.90,2.61,1,2025-03,3.35,7.77,2025-03,0,-0.74,2025-03,0,,0.61,1,2024-03,0.47,-2.07,2.12,"ATHCON,"
Decorous Investment & Trading Co Ltd.,DITCO,Construction - Real Estate,4.14,BSE,12.00,,1,2025-03,0,4.08,2025-06,0.36,0.09,2025-06,48.14,1.1,1.07,1,2025-03,0,1.58,2.21,"DITCO,"
Abhishek Infraventures Ltd.,ABHIINFRA,Construction - Real Estate,3.65,BSE,7.23,4.93,2,2025-03,1.23,4.79,2025-06,0,-0.23,2025-06,0,,1.06,2,2024-03,0.32,-6.69,-5.15,"ABHIINFRA,"
SBL Infratech Ltd.,SBLI,Construction - Real Estate,3.59,BSE,44.20,-13.33,1,2025-03,0.18,3.6,2025-03,23.86,0.18,2025-03,19.7,,1.06,1,2024-03,0.05,3.2,3.18,"SBLI,"
CMM Infraprojects Ltd.,CMMIPL,Construction - Real Estate,3.06,NSE,1.95,,1,2025-03,70.89,69.68,2025-03,46.1,0.31,2024-03,14.42,-0.64,0.11,1,2022-03,0.72,0.91,6.7,"CMMIPL,"
Rajeswari Infrastructure Ltd.,RAJINFRA,Construction - Real Estate,2.82,BSE,5.09,,1,2024-03,,2.7,2024-03,0,-0.22,2024-03,0,0,,1,2022-03,32.6,-20.2,0.44,"RAJINFRA,"
Mahindra Lifespace Developers Ltd. - (Rights Entitlements (REs)),MAHLIFE-RE,Construction - Real Estate,0,NSE,74.30,,1,,,0,,,,-0,,,,1,-0,,,,"MAHLIFE-RE,"
Shradha Infraprojects Ltd. - (Rights Entitlements),SHRADHA-RE,Construction - Real Estate,0,NSE,4.12,,1,,,0,,,,-0,,,,1,-0,,,,"SHRADHA-RE,"
