Sector: Textile,
Date: 09-Nov-2025,
Note:- Statement: 1 = Standalone and 2 = Consolidated,
Generated by and for: signshailesh@gmail.com,

Stock Name,Symbol,Industry,Market Cap(Rs. Cr.),Exchange,LTP,Chg%,TTM Statement,Period Ending,Total Debt(Rs. Cr.),Enterprise Value(Rs. Cr.),TTM Ending (Results),Net Sales (Rs. Cr.),Profit After Tax (Rs. Cr.),TTM Ending (Valuation),Price Earning Ratio(TTM),"PEG Ratio ",Price To Book Value(TTM),Statement,Year Ending,Debt Equity Ratio,Return On Equity(%),Return On Capital Employed(%),Symbol with Comma for External Upload
Page Industries Ltd.,PAGEIND,Textile,44317.63,NSE,39740.00,-0.05,1,2025-03,0,43846.25,2025-06,4973.95,764.71,2025-06,57.95,3.56,27.56,1,2025-03,0,48.54,68.24,"PAGEIND,"
K.P.R. Mill Ltd.,KPRMILL,Textile,36727.91,NSE,1070.90,-0.90,2,2025-09,345.46,35862.27,2025-09,6696.5,837.53,2025-09,43.85,2.63,6.87,2,2025-03,0.09,17.42,20.26,"KPRMILL,"
LMW Ltd.,LMW,Textile - Machinery,16810.18,NSE,15718.00,0.06,2,2025-09,,15401.03,2025-09,3086.08,119.51,2025-09,140.66,4.89,5.94,2,2025-03,0,3.74,5.52,"LMW,"
Vedant Fashions Ltd.,MANYAVAR,Textile,15546.36,NSE,639.50,-0.91,1,2025-09,,15539.92,2025-09,1423.06,385.42,2025-09,40.34,,9.03,2,2024-03,0,27.74,39.5,"MANYAVAR,"
Swan Corp Ltd.,SWANCORP,Textile,14708.96,NSE,468.90,7.63,2,2025-03,2823.49,15955.98,2025-06,5009.32,632.88,2025-06,23.15,0.13,2,2,2025-03,0.38,12.84,16.64,"SWANCORP,"
Trident Ltd.,TRIDENT,Textile - Spinning,14304.35,NSE,28.05,-0.04,2,2025-03,1575.78,15198.88,2025-06,6951.26,436.8,2025-06,32.8,19.07,3.01,2,2025-03,0.34,8.3,9.62,"TRIDENT,"
Vardhman Textiles Ltd.,VTL,Textile,12669.6,NSE,438.30,2.11,2,2025-09,1477.91,14042.61,2025-09,9839.63,797.07,2025-09,15.04,1.7,1.25,2,2025-03,0.13,9.34,11.31,"VTL,"
Welspun Living Ltd.,WELSPUNLIV,Textile,12411.43,NSE,129.48,1.78,2,2025-03,2468.62,14573.74,2025-06,10269.17,547.03,2025-06,22.93,3.74,2.54,2,2025-03,0.51,13.83,15.04,"WELSPUNLIV,"
Arvind Ltd.,ARVIND,Textile,8602.6,NSE,328.30,5.92,2,2025-09,1348.01,9854,2025-09,8687.36,423.85,2025-09,20.93,0.89,2.24,2,2025-03,0.36,10.04,13.98,"ARVIND,"
Alok Industries Ltd.,ALOKINDS,Textile,8505.46,NSE,17.13,-0.98,2,2025-09,26006.51,34352.48,2025-09,3690.4,-680.5,2025-09,0,0,-0.41,2,2025-03,-1.26,0,-3.17,"ALOKINDS,"
Garware Technical Fibres Ltd.,GARFIBRES,Textile,7323.34,NSE,737.90,-0.47,2,2025-09,128.83,7347.85,2025-09,1498.39,203.9,2025-09,35.92,3.42,5.64,2,2025-03,0.05,18.71,24.74,"GARFIBRES,"
Raymond Lifestyle Ltd.,RAYMONDLSL,Textile,7033.94,NSE,1153.20,0.21,2,2025-09,1475.69,8318.76,2025-09,6511.19,74.59,2025-09,94.3,,0.73,2,2025-03,0.13,0.4,2.46,"RAYMONDLSL,"
Pearl Global Industries Ltd.,PGIL,Textile,6262.71,NSE,1364.10,5.14,2,2025-03,551.55,6247.86,2025-06,4681.41,234.4,2025-06,24.97,0.4,5.18,2,2025-03,0.48,23.84,25.71,"PGIL,"
Gokaldas Exports Ltd.,GOKEX,Textile,6167.9,NSE,839.80,0.33,2,2025-03,643.33,6645.07,2025-06,3887.89,172.83,2025-06,35.69,0.49,3,2,2025-03,0.32,9.72,12.75,"GOKEX,"
Indo Count Industries Ltd.,ICIL,Textile,5463.33,NSE,275.05,0.77,2,2025-03,1217.58,6563.71,2025-06,4168.67,206,2025-06,26.52,6.39,2.36,2,2025-03,0.53,11.27,14.06,"ICIL,"
LS Industries Ltd.,LSIND,Textile - Weaving,4352.74,BSE,51.28,-4.98,1,2025-03,,4349.45,2025-06,0.29,1.62,2025-06,0,,107.91,1,2024-03,0,-5.29,-4.66,"LSIND,"
Sanathan Textiles Ltd.,SANATHAN,Textile - Spinning,4156.9,NSE,492.80,2.36,2,2025-09,1408.08,5435.81,2025-09,3038.64,138.37,2025-09,30.04,,2.25,2,2025-03,0.6,10.42,10.62,"SANATHAN,"
Kitex Garments Ltd.,KITEX,Textile,4049.85,NSE,202.66,2.34,2,2025-03,1082.5,5064.65,2025-06,989.06,128.36,2025-06,30.64,5.06,3.85,2,2025-03,1.05,14.01,11,"KITEX,"
Lux Industries Ltd.,LUXIND,Textile,3731.75,NSE,1243.00,0.57,2,2025-09,544.52,4237.48,2025-09,2753.41,125.82,2025-09,29.34,-20.52,2.13,2,2025-03,0.17,9.98,12.8,"LUXIND,"
Siyaram Silk Mills Ltd.,SIYSIL,Textile - Weaving,3549.98,NSE,781.90,-1.07,2,2025-09,372.73,3910.86,2025-09,2402.05,208.78,2025-09,17,0.73,2.63,2,2025-03,0.18,16.29,20.65,"SIYSIL,"
Jindal Worldwide Ltd.,JINDWORLD,Textile,3507.1,NSE,34.96,-0.77,2,2025-03,795.81,3997.21,2025-06,2340.54,75.24,2025-06,46.61,2.15,4.34,2,2025-03,1.01,10.05,10.23,"JINDWORLD,"
Bombay Dyeing And Manufacturing Company Ltd.,BOMDYEING,Textile,3227.11,NSE,156.42,-2.17,2,2025-09,3.04,3168.91,2025-09,1514.3,97.07,2025-09,33.16,-0.96,1.36,2,2025-03,0,23.09,29.18,"BOMDYEING,"
Kewal Kiran Clothing Ltd.,KKCL,Textile,3149.66,NSE,512.25,-0.03,2,2025-09,106.22,3080.03,2025-09,1131.13,135.71,2025-09,24.25,1.66,3.56,2,2025-03,0.13,19.95,25.87,"KKCL,"
Ganesha Ecosphere Ltd.,GANECOS,Textile - Manmade  Fibres,3097.75,NSE,1154.80,-1.65,2,2025-03,556.15,3532.16,2025-06,1466.12,91.4,2025-06,33.92,3.35,2.45,2,2025-03,0.5,9.69,10.99,"GANECOS,"
Filatex India Ltd.,FILATEX,Textile - Spinning,2692.87,NSE,60.68,1.34,2,2025-09,117.74,2753.12,2025-09,4274.04,176.43,2025-09,15.26,,1.91,2,2025-03,0.09,14.89,15.9,"FILATEX,"
Sangam (India) Ltd.,SANGAMIND,Textile,2369.13,NSE,471.45,1.04,2,2025-03,1134.69,3451.87,2025-06,2953.67,19.65,2025-06,120.57,5.37,2.35,2,2025-03,1.13,3.19,6.63,"SANGAMIND,"
Cantabil Retail India Ltd.,CANTABIL,Textile,2115.21,NSE,252.90,0.02,1,2025-09,33.02,2129.01,2025-09,776.6,78.33,2025-09,27,0.76,5.16,1,2025-03,0,20.81,36.94,"CANTABIL,"
Dollar Industries Ltd.,DOLLAR,Textile,1946.5,NSE,342.85,-1.20,2,2025-03,329.68,2275.77,2025-06,1775.85,96.1,2025-06,20.06,2.07,2.22,2,2025-03,0.39,11.27,13.43,"DOLLAR,"
Sumeet Industries Ltd.,SUMEETINDS,Textile - Spinning,1866.35,NSE,35.86,4.00,2,2025-03,70.78,1896.72,2025-06,985.15,186.71,2025-06,10,0.71,11.3,2,2025-03,0.38,0,65.12,"SUMEETINDS,"
Indo Rama Synthetics (India) Ltd.,INDORAMA,Textile - Manmade  Fibres,1779.49,NSE,68.63,1.79,2,2025-03,1125.91,2875.36,2025-06,4620.34,73.33,2025-06,24.27,1.63,4.23,2,2025-03,3.06,0.38,9.98,"INDORAMA,"
Nitin Spinners Ltd.,NITINSPIN,Textile - Spinning,1718.08,NSE,305.35,-1.66,1,2025-09,915.42,2627.86,2025-09,3233.56,166.92,2025-09,10.29,0.21,1.25,1,2025-03,0.89,14.28,13.19,"NITINSPIN,"
S.P. Apparels Ltd.,SPAL,Textile,1689.23,NSE,673.35,-3.38,2,2025-03,358.46,2006.4,2025-06,1553.26,98.42,2025-06,17.28,1.62,1.93,2,2025-03,0.42,11.74,14.53,"SPAL,"
Rupa & Company Ltd.,RUPA,Textile,1530.45,NSE,192.68,0.83,2,2025-03,225.53,1559.66,2025-06,1212.92,78.35,2025-06,19.53,3.19,1.5,2,2025-03,0.22,8.43,11.08,"RUPA,"
Himatsingka Seide Ltd.,HIMATSEIDE,Textile,1502.62,NSE,119.76,1.24,2,2025-03,2539.14,3927.06,2025-06,2699.67,66.4,2025-06,22.64,0.28,0.74,2,2025-03,1.25,4.25,7.46,"HIMATSEIDE,"
Monte Carlo Fashions Ltd.,MONTECARLO,Textile,1461.92,NSE,709.50,-0.67,2,2025-03,286.93,1713.38,2025-06,1112.94,78.22,2025-06,18.69,,1.79,2,2025-03,0.34,9.97,15.29,"MONTECARLO,"
Raj Rayon Industries Ltd.,RAJRILTD,Textile - Manmade  Fibres,1348.5,NSE,23.99,0.00,1,2025-03,237.43,1577.89,2025-06,907.35,23.36,2025-06,57.73,3.01,13.02,1,2025-03,1.94,15.28,6.78,"RAJRILTD,"
Pashupati Cotspin Ltd.,PASHUPATI,Textile - Spinning,1294.13,NSE,819.85,0.35,2,2025-03,113.22,1405.21,2025-03,637.49,12.88,2025-03,100.47,,8.28,2,2025-03,0.73,9.44,11.31,"PASHUPATI,"
Le Merite Exports Ltd.,LEMERITE,Textile,1246.42,NSE,497.90,5.42,1,2025-03,102.93,1295.57,2025-03,480.11,5.3,2025-03,235.17,,10.01,2,2025-03,0.92,6.69,8.77,"LEMERITE,"
Sportking India Ltd.,SPORTKING,Textile,1240.1,NSE,97.85,-0.55,1,2025-03,584.76,1824.1,2025-06,2475.98,112.57,2025-06,11.02,0.2,1.19,1,2025-03,0.58,11.45,12.12,"SPORTKING,"
R&B Denims Ltd.,RNBDENIMS,Textile,1236.68,NSE,136.77,2.83,2,2025-03,94.23,1319.26,2025-06,391,30.57,2025-06,42.6,0.84,6.47,2,2025-03,0.52,15.93,17.63,"RNBDENIMS,"
Mafatlal Industries Ltd.,MAFATIND,Textile,1220.57,BSE,169.15,-1.97,2,2025-09,57.98,1043.66,2025-09,3630.04,114.66,2025-09,10.6,0.07,1.52,2,2025-03,0.09,12.62,10,"MAFATIND,"
SBC Exports Ltd.,SBC,Textile,1166.67,NSE,24.61,-2.03,2,2025-09,198.6,1349.9,2025-09,325.49,22.42,2025-09,52.03,,19.75,2,2025-03,2.45,26.79,18.09,"SBC,"
Faze Three Ltd.,FAZE3Q,Textile,1160.75,NSE,478.40,2.05,2,2025-03,180.28,1331.96,2025-06,752.83,46.17,2025-06,25.14,1.43,3.05,2,2025-03,0.49,11.74,14.9,"FAZE3Q,"
AYM Syntex Ltd.,AYMSYNTEX,Textile,1019.6,NSE,173.61,-0.52,2,2025-09,224.84,1229.87,2025-09,1413.92,1.47,2025-09,693.61,,1.79,2,2025-03,0.32,2.34,8.33,"AYMSYNTEX,"
United Polyfab Gujarat Ltd.,UNITEDPOLY,Textile - Weaving,1001.15,NSE,43.62,-2.24,2,2025-03,118.38,1114.57,2025-03,602.22,17.69,2025-03,56.6,,9.7,2,2024-03,1.58,8.3,10.75,"UNITEDPOLY,"
Jaybharat Textiles & Real Estate Ltd.,JAYTEX,Textile - Spinning,992.31,BSE,25.92,,1,2019-09,,991.29,2019-12,30.97,-39.02,2019-12,0,,,1,2019-03,-1.14,0,-29.11,"JAYTEX,"
Century Enka Ltd.,CENTENKA,Textile,991.47,NSE,453.30,-0.38,2,2025-09,33.8,1014.61,2025-09,1747.63,59.16,2025-09,16.96,,0.69,2,2025-03,0.02,4.78,6.74,"CENTENKA,"
Karnika Industries Ltd.,KARNIKA,Textile,982.66,NSE,158.50,-1.98,1,2025-03,60.2,1041.76,2025-03,172.55,18.03,2025-03,54.5,,8.15,1,2025-03,0.85,29.05,24.29,"KARNIKA,"
AB Cotspin India Ltd.,ABCOTS,Textile,917.09,NSE,419.65,-0.18,1,2025-03,165.79,1082.81,2025-03,298.06,9.99,2025-03,91.79,,5.98,1,2024-03,2.57,14.95,10.76,"ABCOTS,"
Virat Industries Ltd.,VIRAT,Textile,912.07,BSE,628.00,-1.91,1,2025-03,0.63,905.32,2025-06,34.24,1.57,2025-06,581.3,-61.71,7.17,1,2025-03,0.02,3.47,4.79,"VIRAT,"
Voith Paper Fabrics India Ltd.,VOITHPAPR,Textile,849.04,BSE,1949.95,2.01,1,2025-03,0,638.9,2025-06,197.91,42.22,2025-06,20.11,2.08,2.14,1,2025-03,0,10.88,14.69,"VOITHPAPR,"
One Global Service Provider Ltd.,ONEGLOBAL,Textile,787.68,BSE,402.10,3.35,1,2025-03,0.34,760.87,2025-06,196.07,26.56,2025-06,29.65,0.23,9.66,1,2025-03,0,42.88,57.14,"ONEGLOBAL,"
Rajapalayam Mills Ltd.,RAJPALAYAM,Textile - Spinning,780.08,BSE,846.05,0.07,2,2025-03,1107.55,1881.52,2025-06,869.09,-55.75,2025-06,24.32,-0.84,0.34,2,2025-03,0.48,-2.55,0.46,"RAJPALAYAM,"
Sarla Performance Fibers Ltd.,SARLAPOLY,Textile - Manmade  Fibres,766.39,NSE,91.60,0.96,2,2025-03,172.45,936,2025-06,418.72,67.99,2025-06,11.25,0.69,1.5,2,2025-03,0.35,13.58,14.75,"SARLAPOLY,"
Ambika Cotton Mills Ltd.,AMBIKCO,Textile - Spinning,760.68,NSE,1329.70,1.49,1,2025-09,,585.77,2025-09,684.19,62,2025-09,12.27,2.61,0.83,1,2025-03,0.06,7.46,11.47,"AMBIKCO,"
GHCL Textiles Ltd.,GHCLTEXTIL,Textile - Spinning,749.39,NSE,78.63,-1.87,1,2025-09,56.72,799.82,2025-09,1174.4,53.1,2025-09,14.11,,0.51,1,2025-03,0.04,3.97,4.53,"GHCLTEXTIL,"
The Ruby Mills Ltd.,RUBYMILLS,Textile,732.67,NSE,220.61,-2.23,1,2025-03,327.61,1051.01,2025-06,265.31,45.57,2025-06,16.08,1.82,1.13,1,2025-03,0.51,6.84,6.58,"RUBYMILLS,"
Nahar Spinning Mills Ltd.,NAHARSPING,Textile - Spinning,726.72,NSE,202.02,0.00,1,2025-03,1100.88,1794.44,2025-06,3282.96,21.68,2025-06,33.53,1.92,0.48,1,2025-03,0.74,0.83,3.83,"NAHARSPING,"
RSWM Ltd.,RSWM,Textile,716.18,NSE,152.34,0.23,2,2025-09,1512,2221.84,2025-09,4773.2,6.45,2025-09,88.86,-9.17,0.55,2,2025-03,1.32,-3.09,2.64,"RSWM,"
Sunrakshakk Industries India Ltd.,SUNRAKSHAK,Textile - Manmade  Fibres,702.92,BSE,228.50,2.08,1,2025-03,41.35,744.27,2025-06,104.52,5.86,2025-06,119.97,4.95,4.9,1,2025-03,0.93,13.48,13.45,"SUNRAKSHAK,"
Vishal Fabrics Ltd.,VISHAL,Textile,674.49,BSE,27.24,0.85,2,2025-03,292.39,955.49,2025-06,1577.09,27.14,2025-06,20.2,,1.12,2,2025-03,0.66,6.58,11.63,"VISHAL,"
Gloster Ltd.,GLOSTERLTD,Textile,662.18,NSE,601.05,-3.84,2,2025-03,567.46,1204.39,2025-06,904.51,-1.89,2025-06,0,,0.61,2,2025-03,0.52,-1.22,1.55,"GLOSTERLTD,"
VTM Ltd.,VTMLTD,Textile - Weaving,661.34,BSE,65.94,-0.09,1,2025-03,40.8,698.78,2025-06,357.37,44.74,2025-06,14.78,0.49,2.09,1,2025-03,0.13,15.94,20.3,"VTMLTD,"
Cheviot Company Ltd.,CHEVIOT,Textile,650.11,NSE,1124.70,0.53,1,2025-03,5.03,643.86,2025-06,464.43,59.94,2025-06,10.85,2.92,1.14,1,2025-03,0.01,10.91,14.07,"CHEVIOT,"
Thomas Scott (India) Ltd.,THOMASCOTT,Textile,628.7,NSE,429.65,7.65,1,2025-03,13.48,641.84,2025-06,187.58,13.46,2025-06,46.69,0.87,5.25,1,2025-03,0.13,17.99,20.33,"THOMASCOTT,"
Borana Weaves Ltd.,BORANA,Textile,621.9,NSE,232.54,0.11,1,2025-03,59.05,680.91,2025-03,290.31,40.2,2025-03,15.47,,2.54,1,2025-03,0.67,59.45,41.19,"BORANA,"
Iris Clothings Ltd.,IRISDOREME,Textile,614.39,NSE,32.28,1.22,1,2025-09,12.01,625.45,2025-09,155.3,13.6,2025-09,45.16,1.66,4.64,1,2025-03,0.46,17.33,19.71,"IRISDOREME,"
Bella Casa Fashion & Retail Ltd.,BELLACASA,Textile,611.41,NSE,455.30,-1.66,1,2025-09,55.32,617.83,2025-09,383.81,18.96,2025-09,32.25,2.79,3.96,1,2025-03,0.12,13.48,18.06,"BELLACASA,"
Lakshmi Mills Company Ltd.,LAKSHMIMIL,Textile,598.17,BSE,8600.00,0.29,1,2025-03,133.51,727.71,2025-06,253.6,-25.42,2025-06,0,,0.69,1,2025-03,0.15,-0.53,0.91,"LAKSHMIMIL,"
Orbit Exports Ltd.,ORBTEXP,Textile,582.58,NSE,219.34,7.24,2,2025-09,7.97,588.49,2025-09,230.07,36.72,2025-09,15.22,1.85,1.95,2,2025-03,0.04,15.42,20.21,"ORBTEXP,"
Precot Ltd.,PRECOT,Textile - Spinning,574.2,NSE,478.50,-3.32,2,2025-03,325.72,893.84,2025-06,937.22,46.77,2025-06,16.51,0.52,1.25,2,2025-03,0.73,11.95,12.7,"PRECOT,"
Sutlej Textiles And Industries Ltd.,SUTLEJTEX,Textile - Spinning,553.74,NSE,33.81,1.20,2,2025-09,823.31,1358.54,2025-09,2579.65,-90.21,2025-09,0,,0.66,2,2025-03,0.98,-7.37,-2.61,"SUTLEJTEX,"
Donear Industries Ltd.,DONEAR,Textile,517.14,NSE,99.83,0.28,2,2025-03,389.69,896.85,2025-06,911.01,31.91,2025-06,16.22,,2.12,2,2025-03,1.66,14.52,13.51,"DONEAR,"
Trident Texofab Ltd.,TTFL,Textile,495.24,BSE,333.00,-2.84,1,2025-03,26.5,518.58,2025-06,124.42,2.83,2025-06,174.87,7.69,9.14,1,2025-03,0.62,8.46,11.43,"TTFL,"
Soma Textiles & Industries Ltd.,SOMATEX,Textile,489.38,NSE,139.97,-5.00,2,2025-03,2.86,487.77,2025-06,10.15,71.7,2025-06,6.83,0.5,3.03,2,2025-03,0.02,56.32,54.58,"SOMATEX,"
Nahar Industrial Enterprises Ltd.,NAHARINDUS,Textile - Spinning,475.69,NSE,110.92,0.09,2,2025-03,621.5,1089.72,2025-06,1564.24,21.06,2025-06,21.95,0.96,0.48,2,2025-03,0.63,1.89,4.49,"NAHARINDUS,"
Swaraj Suiting Ltd.,SWARAJ,Textile,470.97,NSE,213.90,6.55,1,2025-03,267.84,738.33,2025-03,416.57,33.32,2025-03,14.14,,3.09,2,2025-03,1.74,26.68,18.28,"SWARAJ,"
Nandan Denim Ltd.,NDL,Textile,469.92,NSE,3.25,0.31,1,2025-03,248.61,692.27,2025-06,3872.73,37.19,2025-06,12.64,0.1,0.75,1,2025-03,0.4,5.56,9.27,"NDL,"
Pasupati Acrylon Ltd.,PASUPTAC,Textile - Manmade  Fibres,459.12,NSE,51.62,0.21,1,2025-09,110.21,521.21,2025-09,838.49,39.35,2025-09,11.67,0.53,1.2,1,2025-03,0.3,10.21,11.89,"PASUPTAC,"
Raghuvir Synthetics Ltd.,RAGHUSYN,Textile,441.75,BSE,115.85,1.58,2,2025-03,30.26,463.51,2025-06,340.04,12.79,2025-06,34.44,,11.18,2,2025-03,0.86,29.29,19.24,"RAGHUSYN,"
Stovec Industries Ltd.,STOVACQ,Textile - Machinery,439.6,BSE,2114.95,0.29,1,2025-06,,406.03,2025-06,219.22,10.16,2025-06,43.28,-3.04,3.38,1,2024-12,0,9.78,13.23,"STOVACQ,"
Ludlow Jute & Specialities Ltd.,LUDLOWJUT,Textile - Weaving,406.74,BSE,377.55,-3.87,1,2025-09,149.83,553.89,2025-09,395.33,11.27,2025-09,36.09,,2.26,1,2025-03,0.88,-6.35,-0.56,"LUDLOWJUT,"
Shree Karni Fabcom Ltd.,SHREEKARNI,Textile,404.52,NSE,559.60,,1,2025-03,103.15,497.37,2025-03,165.71,15.11,2025-03,26.78,,4.26,2,2025-03,1.24,20.67,14.36,"SHREEKARNI,"
Manomay Tex India Ltd.,MANOMAY,Textile - Weaving,399.06,NSE,221.18,2.25,1,2025-03,328.51,725.61,2025-06,705.46,18.59,2025-06,21.46,0.92,2.61,1,2025-03,2.22,13.89,12.74,"MANOMAY,"
Filatex Fashions Ltd.,FILATFASH,Textile,391.7,NSE,0.46,0.00,2,2025-03,49.56,440.34,2025-06,205.43,9.1,2025-06,43.03,,0.17,2,2024-03,0.02,0.74,1.08,"FILATFASH,"
Ashima Ltd.,ASHIMASYN,Textile,389.45,NSE,20.33,-1.21,2,2025-03,121.4,415.89,2025-06,11.03,-5.41,2025-06,0,,1.31,2,2025-03,0.41,-0.08,1.52,"ASHIMASYN,"
Banswara Syntex Ltd.,BANSWRAS,Textile - Manmade  Fibres,389.05,NSE,113.92,0.86,2,2025-03,452.14,827.32,2025-06,1327.55,17.89,2025-06,19.79,-1.24,0.7,2,2025-03,0.81,4.05,7.45,"BANSWRAS,"
Varvee Global Ltd.,VGL,Textile - Weaving,385.56,NSE,148.87,4.00,1,2025-03,94.26,464.93,2025-06,28.37,17.93,2025-06,21.5,1.1,4.18,1,2024-03,16.14,-113.53,-9.65,"VGL,"
Rudra Ecovation Ltd.,RUDRAECO,Textile,382.22,BSE,33.79,-0.18,1,2025-03,0.74,382.84,2025-06,26.53,-3.9,2025-06,0,0,4.43,1,2025-03,0.01,-6.62,-3.04,"RUDRAECO,"
Ginni Filaments Ltd.,GINNIFILA,Textile - Spinning,362.39,NSE,42.74,-3.52,1,2025-03,65.77,421.77,2025-06,397.64,18.92,2025-06,19.16,1.49,1.69,1,2025-03,0.33,2.13,5.35,"GINNIFILA,"
VIP Clothing Ltd.,VIPCLOTHNG,Textile,353.95,NSE,35.07,4.22,1,2025-03,77.7,430.94,2025-06,252.22,7.44,2025-06,47.56,2.53,2.01,1,2025-03,0.45,3.65,6.34,"VIPCLOTHNG,"
Vardhman Polytex Ltd.,VARDMNPOLY,Textile,352.43,NSE,7.64,0.13,1,2025-03,49.65,401.65,2025-06,280.48,25.87,2025-06,13.62,0.79,-1.45,1,2025-03,-0.2,0,0,"VARDMNPOLY,"
Spunweb Nonwoven Ltd.,SPUNWEB,Textile,350.58,NSE,145.45,-2.42,1,2025-09,74.91,425.02,,,,2025-03,39.81,,3.37,2,2025-03,2.02,30.48,22.26,"SPUNWEB,"
Vardhman Acrylics Ltd.,VARDHACRLC,Textile - Manmade  Fibres,320.49,NSE,39.88,-1.12,1,2025-09,,289.83,2025-09,312.68,10.18,2025-09,31.48,-1.32,1.39,1,2024-03,0,7.18,8.84,"VARDHACRLC,"
Binny Ltd.,BINNY,Textile,314.59,BSE,145.50,,1,2023-09,0.66,307.32,2023-12,158.61,22.78,2023-12,13.81,0.25,0.72,1,2023-03,0,16.24,28.96,"BINNY,"
Gretex Industries Ltd.,GRETEX,Textile,294.62,NSE,190.00,,2,2025-03,8.04,302.12,2025-03,35.76,1.51,2025-03,207.98,,7.06,2,2025-03,0.32,6.24,6.15,"GRETEX,"
Baroda Rayon Corporation Ltd.,BARODARY,Textile,289.83,BSE,126.50,-2.62,1,2025-03,174.78,463.75,2025-06,111.47,41.14,2025-06,7.04,0.1,0.76,1,2025-03,0.47,11.46,7.63,"BARODARY,"
Axita Cotton Ltd.,AXITA,Textile,289,NSE,8.30,-0.48,2,2025-03,1,279.3,2025-06,654.48,-1.31,2025-06,0,,4.52,2,2025-03,0.02,1.25,3.24,"AXITA,"
Ecoline Exim Ltd.,ECOLINE,Textile,285.47,NSE,139.15,-1.31,1,2025-09,46.23,270.65,,,,2025-03,15.17,,1.91,2,2024-03,0.62,36.13,29.42,"ECOLINE,"
Candour Techtex Ltd.,CANDOUR,Textile,275.35,BSE,146.90,-1.11,1,2025-03,24.63,289.36,2025-06,173.68,-0.85,2025-06,0,0,6.11,1,2024-03,1.25,-3.75,2.09,"CANDOUR,"
DCM Nouvelle Ltd.,DCMNVL,Textile,261.86,NSE,139.64,-4.24,2,2025-03,337.56,597.98,2025-06,1059.63,11.09,2025-06,19.1,,0.8,2,2025-03,1.04,1.88,5.94,"DCMNVL,"
RRIL Ltd.,RRIL,Textile,251.52,BSE,20.80,1.66,2,2025-03,29.02,280.09,2025-06,120.86,7.44,2025-06,33.78,,2.36,2,2025-03,0.28,6.72,8.65,"RRIL,"
Zodiac Clothing Company Ltd.,ZODIACLOTH,Textile,247.33,NSE,97.16,0.98,2,2025-03,46.21,286.4,2025-06,175.63,-36.75,2025-06,0,0,1.26,2,2025-03,0.22,-16.47,-9.88,"ZODIACLOTH,"
Shiva Texyarn Ltd.,SHIVATEX,Textile - Spinning,245.9,NSE,190.82,-1.45,2,2025-09,98.07,340.46,2025-09,348.08,16.21,2025-09,15.17,,1.72,2,2025-03,0.73,9.32,9.51,"SHIVATEX,"
T.T. Ltd.,TTL,Textile,245.4,NSE,9.55,6.35,1,2025-09,73.19,317.92,2025-09,212.91,-2.49,2025-09,0,,2.19,1,2025-03,1.21,6.97,11.74,"TTL,"
True Green Bio Energy Ltd.,TRUEGREEN,Textile - Spinning,242.53,BSE,73.75,0.35,1,2025-03,173.6,412.99,2025-06,27.04,-1.65,2025-06,0,0,2.82,1,2025-03,2.66,-2.16,-0.72,"TRUEGREEN,"
MK Exim (India) Ltd.,MKEXIM,Textile,242.2,BSE,60.15,2.91,1,2025-09,1.93,226.54,2025-09,95.12,18.24,2025-09,13.28,0.16,2.27,2,2025-03,0.01,19.46,27.45,"MKEXIM,"
ACS Technologies Ltd.,ACSTECH,Textile - Spinning,236.83,BSE,38.99,-0.54,2,2025-03,27.45,262.57,2025-06,137.79,4.88,2025-06,50.56,,2.37,2,2024-03,0.17,5.02,5.84,"ACSTECH,"
Super Sales India Ltd.,SUPER,Textile - Spinning,233.85,BSE,761.35,-5.30,1,2025-03,86.21,286.29,2025-06,405.23,-1.01,2025-06,0,,0.41,1,2025-03,0.15,-0.31,1.13,"SUPER,"
Bhilwara Technical Textiles Ltd.,BTTL,Textile,233.43,BSE,40.00,-0.70,2,2025-03,0,232.05,2025-06,12.24,0.08,2025-06,77.17,2.44,1.35,2,2025-03,0,4.32,4.64,"BTTL,"
CPS Shapers Ltd.,CPS,Textile,233.28,NSE,1055.05,0.00,1,2025-03,8.02,241.17,2025-03,30.86,0.17,2025-03,0,,13.78,1,2025-03,0.47,1.16,4.83,"CPS,"
Suditi Industries Ltd.,SUDTIND-B,Textile,229.26,BSE,55.25,-4.33,2,2025-03,7.82,236.04,2025-06,109.51,7.97,2025-06,30.88,1.18,11.8,2,2025-03,0.45,0,35.29,"SUDTIND-B,"
Forcas Studio Ltd.,FORCAS,Textile,219.75,NSE,125.00,1.63,1,2025-03,13.36,224.67,2025-03,142.24,8.63,2025-03,25.47,,3.45,1,2025-03,0.21,20.63,22.04,"FORCAS,"
Maral Overseas Ltd.,MARALOVER,Textile - Spinning,219.66,NSE,53.12,8.61,1,2025-09,360.4,575.09,2025-09,1000.27,-26.14,2025-09,0,0,2.38,1,2025-03,3.82,-20.13,2.05,"MARALOVER,"
Mahalaxmi Rubtech Ltd.,MHLXMIRU,Textile,217.87,NSE,206.61,-2.07,1,2025-03,14.62,199.88,2025-06,96.58,17.96,2025-06,12.13,0.43,2.98,1,2025-03,0.21,27.59,30.2,"MHLXMIRU,"
Osiajee Texfab Ltd.,OSIAJEE,Textile,217.51,BSE,402.80,4.03,2,2025-03,1.96,216.54,2025-06,7.47,5.27,2025-06,41.27,,14.16,2,2025-03,0.13,40.15,32.12,"OSIAJEE,"
Bannari Amman Spinning Mills Ltd.,BASML,Textile - Spinning,216.27,NSE,26.89,1.20,2,2025-03,466.65,677.31,2025-06,888.89,11.75,2025-06,25.07,1.03,0.48,2,2025-03,1.14,-0.51,4.6,"BASML,"
Nutricircle Ltd.,NUTRICIRCLE,Textile,213,BSE,213.00,0.00,1,2025-03,0.8,212.42,2025-06,4.9,0.53,2025-06,399.62,19.93,38.3,1,2024-03,-1.26,0,-125.75,"NUTRICIRCLE,"
Indian Terrain Fashions Ltd.,INDTERRAIN,Textile,200.39,NSE,39.23,-0.25,1,2025-03,86.17,242.89,2025-06,341.02,-33.58,2025-06,0,,1.1,1,2025-03,0.52,-23.63,-7.16,"INDTERRAIN,"
Premco Global Ltd.,PREMCO,Textile,198.92,BSE,601.90,13.73,2,2025-09,5.22,177.21,2025-09,111.69,10.07,2025-09,19.77,1.36,1.8,2,2025-03,0.04,8.64,11.78,"PREMCO,"
Game Changers Texfab Ltd.,TRADEUNO,Textile,195.21,BSE,109.10,-4.97,1,2025-03,5.66,200.75,,,,2025-03,16.18,,2.57,1,2025-03,0.27,80.59,85.96,"TRADEUNO,"
BSL Ltd.,BSL,Textile - Weaving,194.68,NSE,192.31,1.75,1,2025-03,421.28,615.67,2025-06,661.35,6.32,2025-06,30.83,0.82,1.63,1,2025-03,3.53,7.03,7.8,"BSL,"
SD Retail Ltd.,SDREAMS,Textile,187.22,NSE,100.00,-2.20,1,2025-03,33.06,170.7,2025-03,173.04,8.56,2025-03,21.88,,1.7,1,2025-03,0.3,11.27,12.18,"SDREAMS,"
Integra Essentia Ltd.,ESSENTIA,Textile,186.85,NSE,1.75,0.00,2,2025-09,39.76,226.58,2025-09,423.97,2.83,2025-09,66.16,,1.09,2,2025-03,0.16,2.68,4.87,"ESSENTIA,"
Modern Threads (India) Ltd.,MODTHREAD,Textile - Spinning,178.01,NSE,46.98,4.87,1,2025-03,21.03,197.24,2025-06,271.86,3.2,2025-06,55.72,-1.74,1.34,1,2025-03,0.16,2.57,4.47,"MODTHREAD,"
Shahlon Silk Industries Ltd.,SHAHLON,Textile,177.27,BSE,20.20,7.73,1,2025-03,133.52,309.67,2025-06,243.4,3.61,2025-06,49.05,0.73,1.74,1,2025-03,1.32,3.5,9.92,"SHAHLON,"
Atvo Enterprises Ltd.,ATVOENT,Textile,171.6,BSE,16.20,1.06,1,2025-03,0.07,171.56,2025-06,4.88,0.13,2025-06,0,0,14.81,1,2025-03,0.01,0.99,1.42,"ATVOENT,"
DCM Ltd.,DCM,Textile - Spinning,170.34,NSE,90.94,-0.68,2,2025-03,0,141.39,2025-06,68.21,2.72,2025-06,6.69,0.3,3.97,2,2025-03,0,68.82,82.98,"DCM,"
Winsome Textile Industries Ltd.,WINSOMTX,Textile,167.84,BSE,84.99,-1.06,1,2025-03,253.3,395.17,2025-06,866.45,28.05,2025-06,5.98,0.09,0.54,1,2025-03,0.84,9.71,14.59,"WINSOMTX,"
Lorenzini Apparels Ltd.,LAL,Textile,165.05,NSE,9.87,-3.05,1,2025-03,8.2,172.97,2025-06,57.44,4.94,2025-06,33.39,0.45,3.44,1,2025-03,0.17,17.09,20.13,"LAL,"
Weizmann Ltd.,WEIZMANIND,Textile,163.46,NSE,108.00,0.82,2,2025-03,9.67,172.17,2025-06,126.26,8.51,2025-06,0,,2.62,2,2025-03,0.16,11.99,15.95,"WEIZMANIND,"
Alan Scott Enterprises Ltd.,ALANSCOTT,Textile,162.39,BSE,298.10,-1.96,2,2025-03,7.38,169,2025-06,31.99,-1.33,2025-06,0,,19.28,2,2024-03,2.59,-156.57,-26.24,"ALANSCOTT,"
Shri Techtex Ltd.,SHRITECH,Textile,162.3,NSE,65.05,,1,2025-03,11.22,161.39,2025-03,82.67,14.67,2025-03,11.06,,1.65,1,2025-03,0.11,16.08,22.21,"SHRITECH,"
Avi Ansh Textile Ltd.,AVIANSH,Textile,160.04,NSE,114.50,-1.72,1,2025-03,25.98,182.47,2025-03,134.24,1.8,2025-03,89.11,,3.78,1,2025-03,0.61,6.17,6.86,"AVIANSH,"
Ceenik Exports (India) Ltd.,CEENIK,Textile,158.17,BSE,393.45,-5.00,1,2025-06,26.04,183.73,2025-06,0,-15.73,2025-06,0,,-22.04,1,2025-03,-7.74,-158.25,-15.64,"CEENIK,"
Active Clothing Co Ltd.,ACTIVE,Textile,157.06,BSE,103.80,0.44,1,2025-03,118.11,274.93,2025-06,314.18,9.37,2025-06,16.76,0.29,1.98,1,2024-03,1.34,7.28,8.98,"ACTIVE,"
AI Champdany Industries Ltd.,AICHAMP,Textile - Weaving,155.92,BSE,50.70,3.64,1,2025-03,63.42,217.9,2025-06,114.98,-58.91,2025-06,0,,-2.64,2,2024-03,2.08,-102.82,-52.69,"AICHAMP,"
Shri Dinesh Mills Ltd.,SHRIDINE,Textile,155.33,BSE,278.00,-0.13,2,2025-09,3.91,157.48,2025-09,70.25,11.38,2025-09,15.45,0.26,0.79,2,2025-03,0.02,6.89,8.6,"SHRIDINE,"
Veekayem Fashion And Apparels Ltd.,VEEKAYEM,Textile,153.94,NSE,262.00,,1,2025-03,112.08,265.72,2025-03,321.29,7.64,2025-03,20.14,,3.73,1,2024-03,2.32,10.26,11.44,"VEEKAYEM,"
Hari Govind International Ltd.,HARIGOV,Textile,153.36,BSE,179.90,4.99,1,2025-03,0.04,153.25,2025-06,0,-0.08,2025-06,0,0,22.73,1,2024-03,0.42,-2.97,-2.11,"HARIGOV,"
Binayak Tex Processors Ltd.,ZBINTXPP,Textile,149.58,BSE,2102.95,,1,2025-03,46.48,190.32,2025-06,215.81,2.5,2025-06,59.93,-8,1.56,1,2024-03,0.6,6.15,8.65,"ZBINTXPP,"
Indian Card Clothing Company Ltd.,INDIANCARD,Textile - Machinery,146.39,NSE,247.55,-0.40,2,2025-03,12.97,118.24,2025-06,41.67,27.33,2025-06,5.36,0.16,0.43,2,2025-03,0.04,31.43,33.18,"INDIANCARD,"
Salona Cotspin Ltd.,SALONA,Textile - Spinning,141.35,NSE,267.20,0.38,1,2025-03,238.61,377.84,2025-06,629.25,2.39,2025-06,59.17,2.73,1.68,1,2024-03,3.22,7.97,8.32,"SALONA,"
Scoobee Day Garments (India) Ltd.,SCOOBEEDAY,Textile,141.35,BSE,83.91,-0.77,1,2025-03,58.04,198.61,2025-06,54.34,2.56,2025-06,55.17,3.5,3.84,1,2024-03,16.28,277.32,12.03,"SCOOBEEDAY,"
NR Vandana Tex Industries Ltd.,NRVANDANA,Textile,141.17,NSE,60.60,-3.27,1,2025-03,69.02,209.03,,,,2025-03,17.19,,2.33,2,2025-03,1.86,25.07,18.85,"NRVANDANA,"
Lagnam Spintex Ltd.,LAGNAM,Textile,138.75,NSE,78.53,0.64,1,2025-03,388.49,527.16,2025-06,585.69,13.25,2025-06,10.47,0.17,1.13,1,2025-03,3.21,11.19,9.82,"LAGNAM,"
Suryalata Spinning Mills Ltd.,SURYALA,Textile - Spinning,138.68,BSE,325.00,0.54,2,2025-03,68.71,204.4,2025-06,503.26,19.2,2025-06,7.22,,0.52,2,2025-03,0.26,6.02,7.74,"SURYALA,"
Lambodhara Textiles Ltd.,LAMBODHARA,Textile - Spinning,136.41,NSE,131.17,-0.72,1,2025-09,39.45,166.75,2025-09,236.83,7.2,2025-09,18.94,-189.36,1.22,1,2025-03,0.44,6.42,10.01,"LAMBODHARA,"
Lovable Lingerie Ltd.,LOVABLE,Textile,135.32,NSE,91.35,-0.73,1,2025-03,8.71,143.1,2025-06,43.04,2.69,2025-06,50.36,-2.91,0.75,1,2024-03,0.04,2.46,3.31,"LOVABLE,"
Addi Industries Ltd.,ADDIND,Textile,134.9,BSE,124.95,-1.38,2,2025-03,,71.5,2025-06,0,4.09,2025-06,33,0.73,1.68,2,2024-03,0,6.16,8.38,"ADDIND,"
KG Petrochem Ltd.,KGPETRO,Textile,133.66,BSE,256.00,-0.10,1,2025-03,121.02,254.08,2025-06,401.24,5.61,2025-06,23.82,-0.98,0.96,1,2024-03,0.93,0.72,4.35,"KGPETRO,"
Jattashankar Industries Ltd.,JATTAINDUS,Textile - Manmade  Fibres,132.99,BSE,313.00,1.31,1,2025-03,0,132.67,2025-06,3.97,-0.49,2025-06,0,,7.17,1,2025-03,0,-6.25,-6.1,"JATTAINDUS,"
Surat Trade and Mercantile Ltd.,SURATRAML,Textile - Manmade  Fibres,130.99,BSE,5.89,-1.01,1,2025-03,0,129.99,2025-06,83.07,14.69,2025-06,8.91,1.07,0.58,1,2025-03,0,5.53,4.48,"SURATRAML,"
Kaytex Fabrics Ltd.,KAYTEX,Textile,130.82,NSE,89.00,2.89,1,2025-03,38.15,168.15,,,,2025-03,7.74,,1.1,1,2025-03,0.76,40.43,33.41,"KAYTEX,"
Zenith Exports Ltd.,ZENITHEXPO,Textile,127.14,NSE,230.35,-4.61,1,2025-03,7.76,106.14,2025-06,73.46,2.97,2025-06,42.81,-57.85,1.52,1,2025-03,0.09,2.11,4.03,"ZENITHEXPO,"
Fiberweb (India) Ltd.,FIBERWEB,Textile,121.13,NSE,42.22,-0.17,1,2025-03,8.43,127.92,2025-06,105.87,17.17,2025-06,7.06,0.88,0.67,1,2025-03,0.05,8.89,10.04,"FIBERWEB,"
Cedaar Textile Ltd.,CEDAAR,Textile,119.98,NSE,86.45,-1.76,1,2025-03,115.53,226.69,2025-03,207.87,12.04,2025-03,9.97,,0.95,1,2025-03,1.76,26.49,16.26,"CEDAAR,"
SEL Manufacturing Company Ltd.,SELMC,Textile,119.15,NSE,35.06,-2.01,1,2025-03,961.34,1077.49,2025-06,18,-140.17,2025-06,0,0,-0.48,2,2024-03,-16.67,-418.82,-13.58,"SELMC,"
Texel Industries Ltd.,TEXELIN,Textile,118.91,BSE,89.78,-2.31,2,2025-03,7.81,126.4,2025-06,117.73,6.9,2025-06,17.23,1.01,3.04,2,2024-03,0.81,-46.83,-9.29,"TEXELIN,"
Shanti Spintex Ltd.,SHANTIDENM,Textile,118.22,BSE,70.00,,1,2025-03,13.68,123.98,2025-03,709.94,10.2,2025-03,11.59,,1.37,1,2024-03,0.26,18.25,20.45,"SHANTIDENM,"
SPL Industries Ltd.,SPLIL,Textile,118.18,NSE,39.11,-1.68,1,2025-03,0,100.81,2025-06,113.58,8.12,2025-06,14.55,-0.7,0.64,1,2025-03,0,5.48,8.18,"SPLIL,"
Reliance Chemotex Industries Ltd.,RELCHEMQ,Textile - Spinning,115.79,NSE,151.52,-0.04,1,2025-03,261.14,365.53,2025-06,358.4,4.52,2025-06,25.62,-1.66,0.84,1,2025-03,1.9,2.99,6.85,"RELCHEMQ,"
Suryalakshmi Cotton Mills Ltd.,SURYALAXMI,Textile,115.73,NSE,61.18,1.51,1,2025-03,283.05,375.2,2025-06,811.41,4.67,2025-06,24.79,1.55,0.43,1,2025-03,1.05,1.37,7.19,"SURYALAXMI,"
Ken Enterprises Ltd.,KEN,Textile,114.84,NSE,46.75,1.08,1,2025-03,35.18,127.83,2025-03,483.74,12.13,2025-03,9.46,,1.04,2,2025-03,0.32,15.75,28.15,"KEN,"
Bhudevi Infra Projects Ltd.,BHUDEVI,Textile,114.16,BSE,248.75,-1.00,1,2025-03,6.72,120.74,2025-06,3.58,-0.58,2025-06,0,0,-842.08,1,2025-03,6.71,86.44,10.07,"BHUDEVI,"
Jasch Industries Ltd.,JASCH,Textile - Weaving,113.49,BSE,166.60,-2.17,1,2025-09,32.13,144.29,2025-09,192.55,8.56,2025-09,13.26,1.26,1.67,1,2025-03,0.35,12.46,14.6,"JASCH,"
Globe Enterprises (India) Ltd.,GLOBE,Textile,113.06,NSE,2.51,-3.83,1,2025-09,156.3,268.42,2025-09,552.91,6.35,2025-09,17.8,1.25,0.71,1,2024-03,0.61,7.27,12.27,"GLOBE,"
Bhandari Hosiery Exports Ltd.,BHANDARI,Textile,109.7,NSE,4.57,1.78,1,2025-03,97.05,206.32,2025-06,283.4,7.96,2025-06,13.78,1.78,0.71,1,2025-03,0.63,6.1,9.24,"BHANDARI,"
Loyal Textile Mills Ltd.,LOYALTEX,Textile,108.87,NSE,226.04,0.00,2,2025-03,413.3,517.87,2025-06,621.49,-65.19,2025-06,0,,0.45,2,2025-03,1.54,-17.37,-2.75,"LOYALTEX,"
Raja Bahadur International Ltd.,RAJABAH,Textile - Spinning,106.75,BSE,4270.00,,2,2025-03,212.73,308.72,2025-06,27.52,-0.5,2025-06,0,,-61.79,2,2025-03,-411.08,0,9.97,"RAJABAH,"
JCT Ltd.,JCTLTD,Textile,105.07,BSE,1.21,,1,2023-03,196.52,292.6,2023-06,556.55,-122.85,2023-06,0,,-1.58,1,2023-03,-7.4,-591.5,-20.39,"JCTLTD,"
Pioneer Embroideries Ltd.,PIONEEREMB,Textile - Spinning,104.83,NSE,33.97,-1.42,2,2025-03,89.05,192,2025-06,364.78,5.36,2025-06,19.6,-3.44,0.69,2,2025-03,0.59,3.06,6.49,"PIONEEREMB,"
Amarjothi Spinning Mills Ltd.,AMARJOTHI,Textile - Spinning,99.93,BSE,148.95,0.98,2,2025-03,52.09,147.62,2025-06,203.88,12.89,2025-06,7.75,9.34,0.51,2,2025-03,0.27,5.89,9.84,"AMARJOTHI,"
Lakhotia Polyesters (India) Ltd.,LAKHOTIA,Textile - Manmade  Fibres,99.61,BSE,95.10,-5.00,1,2025-03,15.03,114.44,2025-06,61.13,7.18,2025-06,13.88,0.12,6.12,1,2025-03,0.98,49.86,38.6,"LAKHOTIA,"
Vippy Spinpro Ltd.,VIPPYSP,Textile - Spinning,99,BSE,170.00,5.92,1,2025-03,33.01,131.99,2025-06,280.48,13.68,2025-06,7.24,0.29,1.08,1,2025-03,0.38,14.05,13.78,"VIPPYSP,"
Deepak Spinners Ltd.,DEEPAKSP,Textile - Spinning,98.57,BSE,138.40,-0.36,1,2025-09,29.86,127.21,2025-09,531.7,-2.74,2025-09,0,,0.44,1,2025-03,0.16,-4.42,-3.78,"DEEPAKSP,"
Indian Acrylics Ltd.,INDIANACRY,Textile - Spinning,95.81,BSE,7.07,-0.14,2,2025-03,182.12,268.52,2025-06,361.36,-26.83,2025-06,0,,17.85,2,2025-03,18.06,-121.63,-5.92,"INDIANACRY,"
Digjam Ltd.,DIGJAMLMTD,Textile - Weaving,95.68,NSE,44.50,,1,2025-09,58.35,153.32,2025-09,29.63,2.23,2025-09,42.93,6.21,87.35,1,2024-03,3.21,-54.94,-10.41,"DIGJAMLMTD,"
Acknit Industries Ltd.,ACKNIT,Textile,92.42,BSE,304.00,,1,2025-03,58.64,150.86,2025-06,238.4,8.72,2025-06,10.6,0.68,1.04,1,2025-03,0.67,10.83,10.8,"ACKNIT,"
Nagreeka Exports Ltd.,NAGREEKEXP,Textile - Spinning,87.94,NSE,28.09,-2.02,1,2025-03,165.12,247.63,2025-06,447.72,2.7,2025-06,32.52,0.91,0.57,1,2025-03,1.08,2.11,5.76,"NAGREEKEXP,"
Sanrhea Technical Textiles Ltd.,SANTETX,Textile,87.77,BSE,154.25,2.73,1,2025-03,14.04,101.27,2025-06,75.82,4.76,2025-06,18.43,0.4,2.94,1,2025-03,0.56,20.22,23.14,"SANTETX,"
Mohini Health & Hygiene Ltd.,MHHL,Textile,87.53,NSE,48.00,,1,2025-03,34.52,107.92,2025-03,167.77,5.93,2025-03,14.76,1.57,0.83,2,2025-03,0.33,5.69,8.87,"MHHL,"
Silky Overseas Ltd.,SILKY,Textile,87.05,NSE,136.70,,1,2025-06,28.8,115.83,,,,2025-03,8.39,,1.47,1,2025-03,0.79,51.06,37.23,"SILKY,"
APM Industries Ltd.,APMIN,Textile - Spinning,86.53,BSE,40.44,1.86,1,2025-09,2.35,70.73,2025-09,275.56,0.79,2025-09,109.53,,0.51,1,2025-03,0.04,-0.36,-1.06,"APMIN,"
E-Land Apparel Ltd.,ELAND,Textile,86.48,BSE,18.68,1.58,1,2025-03,59.88,143.23,2025-06,287.91,4.74,2025-06,18.26,1.03,-0.17,1,2025-03,-0.12,0,0,"ELAND,"
Garment Mantra Lifestyle Ltd.,GARMNTMNTR,Textile,84.1,BSE,1.42,0.00,2,2025-03,31.98,115.93,2025-06,128.88,4.64,2025-06,18.14,-2.75,0.94,2,2025-03,0.79,7.38,7.44,"GARMNTMNTR,"
Siddhi Cotspin Ltd.,SIDDHICOTS,Textile - Spinning,79.44,NSE,32.55,-0.61,1,2025-03,67.11,144.81,,,,2025-03,6.07,,0.6,1,2025-03,0.84,17.95,15.57,"SIDDHICOTS,"
Riba Textiles Ltd.,RIBATEX,Textile,78.65,BSE,82.00,1.71,1,2025-03,61.39,137.5,2025-06,285.41,8.09,2025-06,9.73,2.04,0.8,1,2025-03,0.63,9.08,10.78,"RIBATEX,"
Damodar Industries Ltd.,DAMODARIND,Textile - Spinning,77.64,NSE,33.11,-2.85,1,2025-09,180.35,257.34,2025-09,430.66,8.28,2025-09,9.37,0.41,0.53,1,2025-03,1.31,4.09,6.75,"DAMODARIND,"
Shubham Polyspin Ltd.,SHUBHAM,Textile,76.65,BSE,63.23,-2.65,1,2025-03,8.3,82.92,2025-06,56.77,0.76,2025-06,100.46,7.84,4.72,1,2025-03,0.52,4.45,6.83,"SHUBHAM,"
Ashnoor Textile Mills Ltd.,ASHNOOR,Textile,76.03,BSE,47.62,-0.19,1,2025-03,63.58,137.9,2025-06,168.61,15.94,2025-06,4.77,0.13,0.84,1,2024-03,1.18,12.32,11.24,"ASHNOOR,"
Spright Agro Ltd.,SPRIGHT,Textile,75.01,BSE,0.70,4.48,1,2025-03,0.43,75.21,2025-06,174.02,22.49,2025-06,3.34,0.02,0.54,1,2025-03,0,19.96,21.21,"SPRIGHT,"
Betex India Ltd.,BETXIND,Textile - Manmade  Fibres,74.4,BSE,490.00,-5.77,1,2025-03,2.58,70.28,2025-06,94.63,1.56,2025-06,47.66,1.34,2.21,1,2025-03,0.08,5.99,9.58,"BETXIND,"
Jakharia Fabric Ltd.,JAKHARIA,Textile,73.76,NSE,60.50,,1,2025-03,8.02,80.06,2025-03,64.21,3.27,2025-03,22.54,15.98,2.73,2,2024-03,0.61,1.8,7.78,"JAKHARIA,"
Everlon Financials Ltd.,EVERFIN,Textile - Spinning,73.35,BSE,119.95,9.69,1,2025-09,,73.21,2025-09,18.77,-3.81,2025-09,0,0,2.98,1,2025-03,0,4.69,16.68,"EVERFIN,"
Sky Industries Ltd.,SKYIND,Textile,73.17,BSE,92.95,3.27,2,2025-03,11.67,82.62,2025-06,81.38,5.33,2025-06,13.74,,1.59,2,2025-03,0.26,13.72,16.26,"SKYIND,"
Bang Overseas Ltd.,BANG,Textile,71.42,NSE,53.02,-0.88,2,2025-03,26.23,93.97,2025-06,195.45,3.89,2025-06,18.35,,0.8,2,2025-03,0.3,-2.46,-2,"BANG,"
Paras Petrofils Ltd.,PARASPETRO,Textile - Manmade  Fibres,71.19,NSE,2.12,-0.47,1,2025-03,0,71.19,2025-06,0,0.05,2025-06,0,0,4.14,1,2025-03,0,0.46,0.46,"PARASPETRO,"
Jamshri Realty Ltd.,JAMSHRI,Textile,70.6,BSE,101.15,-1.80,1,2025-09,49.94,120.15,2025-09,7.34,-0.64,2025-09,0,0,-7.96,1,2025-03,-5.59,0,4.18,"JAMSHRI,"
Titaanium Ten Enterprise Ltd.,TITAANIUM,Textile,69.98,BSE,104.00,-0.53,1,2025-03,23.16,92.6,2025-03,130.35,3.11,2025-03,22.5,0.64,3.43,1,2025-03,1.13,16.48,15.71,"TITAANIUM,"
Shekhawati Industries Ltd.,SHEKHAWATI,Textile - Spinning,69.28,NSE,20.17,-2.09,1,2025-09,,66.44,2025-09,32.25,6.04,2025-09,11.47,0.63,3.88,1,2025-03,0,61.41,61.64,"SHEKHAWATI,"
Nandani Creation Ltd.,JAIPURKURT,Textile,67.75,NSE,35.49,0.08,2,2025-03,20.69,87.98,2025-06,78.76,3.29,2025-06,20.61,0.65,1.11,2,2024-03,0.67,1.98,7.01,"JAIPURKURT,"
Rachit Prints Ltd.,RACHIT,Textile,66.38,BSE,134.45,-1.14,1,2025-03,9.23,75.19,,,,2025-03,14.55,,2.09,1,2025-03,0.75,51.34,38.7,"RACHIT,"
Meera Industries Ltd.,MEERA,Textile - Machinery,66.26,BSE,62.50,-3.79,2,2025-03,7.79,72.35,2025-06,40.46,3.63,2025-06,18.28,0.38,2.21,2,2025-03,0.27,13.43,14.55,"MEERA,"
Wires & Fabriks (S.A.) Ltd.,WIREFABR,Textile,64.15,BSE,209.90,,1,2025-03,126.34,190.02,2025-06,111.53,1.44,2025-06,44.55,-39.42,1.27,1,2025-03,2.51,3.03,6.18,"WIREFABR,"
Celebrity Fashions Ltd.,CELEBRITY,Textile,62.96,NSE,10.29,1.28,1,2025-03,58.38,114.99,2025-06,169.69,-16.43,2025-06,0,,4.56,1,2025-03,2.84,-66.98,-14.99,"CELEBRITY,"
Southern Latex Ltd.,SOUTLAT,Textile,61.12,BSE,83.05,1.99,1,2025-03,0,61.03,2025-06,0,0.24,2025-06,258.98,58.72,9.01,1,2025-03,0,3.48,4.16,"SOUTLAT,"
Mohite Industries Ltd.,MOHITE,Textile - Spinning,61.1,BSE,3.02,-0.98,2,2025-03,115.06,172.55,2025-06,145.23,2.21,2025-06,27.57,6.03,0.54,2,2025-03,1.01,4.83,8.2,"MOHITE,"
Shiva Mills Ltd.,SHIVAMILLS,Textile,59.98,NSE,65.43,-0.91,1,2025-09,6.36,66.06,2025-09,145.02,-3.02,2025-09,0,,0.65,1,2025-03,0.11,-4.04,-2.89,"SHIVAMILLS,"
Flexituff Ventures International Ltd.,FLEXITUFF,Textile,59.61,NSE,18.34,-1.77,2,2025-03,237.85,285.18,2025-06,219.73,-57.79,2025-06,0,0,-6.68,2,2025-03,24.93,0,91.09,"FLEXITUFF,"
Tirupati Foam Ltd.,TIRUFOAM,Textile,57.25,BSE,129.90,1.41,1,2025-03,37.3,92.11,2025-06,104.31,2.09,2025-06,27.38,-13.55,1.74,1,2025-03,1.15,6.76,10.11,"TIRUFOAM,"
Vinny Overseas Ltd.,VINNY,Textile,57.23,NSE,1.23,-0.81,1,2025-03,2.87,31.19,2025-06,117.5,5.02,2025-06,11.4,0.17,0.69,1,2025-03,0.03,9.08,12.58,"VINNY,"
Kamadgiri Fashion Ltd.,KAMADGIRI,Textile - Manmade  Fibres,56.29,BSE,95.90,3.05,1,2025-09,16.49,72.65,2025-09,165.37,1.12,2025-09,50.3,2.72,1.57,1,2025-03,0.61,3.42,8.31,"KAMADGIRI,"
Gokak Textiles Ltd.,GOKAKTEX,Textile,55.34,BSE,85.05,-0.99,2,2025-03,450.02,502.75,2025-06,88.72,-49.74,2025-06,0,0,-0.25,2,2025-03,-2.14,0,-5.14,"GOKAKTEX,"
Padam Cotton Yarns Ltd.,PADAMCO,Textile,53.06,BSE,4.11,2.75,1,2025-09,0.05,52.84,2025-09,45.02,11.63,2025-09,4.56,0.03,2.51,1,2024-03,0,27.48,37.02,"PADAMCO,"
Dhanlaxmi Fabrics Ltd.,DHANFAB,Textile,52.34,BSE,61.00,4.33,2,2025-03,0.01,51.44,2025-06,12.21,0.04,2025-06,0,,1.11,2,2025-03,0,0.19,2.47,"DHANFAB,"
Arex Industries Ltd.,AREXMIS,Textile,52.18,BSE,145.00,2.11,1,2025-03,12.33,64.36,2025-06,49.44,2.05,2025-06,25.43,1.04,2.01,1,2024-03,0.33,8.38,11.29,"AREXMIS,"
Divyadhan Recycling Industries Ltd.,DIVYADHAN,Textile - Manmade  Fibres,51.43,NSE,35.95,-4.89,1,2025-03,1.36,52.77,2025-03,59.48,1.54,2025-03,33.48,,1.47,1,2025-03,0.04,6.44,9.07,"DIVYADHAN,"
Super Spinning Mills Ltd.,SUPERSPIN,Textile - Spinning,50.6,NSE,9.31,0.22,1,2025-03,18.88,65.68,2025-06,6.57,-2.15,2025-06,0,0,0.91,1,2025-03,0.34,-3.58,4.33,"SUPERSPIN,"
Anirit Ventures Ltd.,ANIRIT,Textile - Weaving,50.53,BSE,84.21,0.00,1,2025-03,7.25,57.64,2025-06,0.03,-1.63,2025-06,0,0,-6.26,1,2025-03,-1.01,0,0,"ANIRIT,"
Sambandam Spinning Mills Ltd.,SAMBANDAM,Textile - Spinning,48.19,BSE,113.00,0.00,2,2025-03,119,165.19,2025-06,263.64,-5.83,2025-06,0,,0.56,2,2025-03,1.38,-8.29,0.97,"SAMBANDAM,"
Mohit Industries Ltd.,MOHITIND,Textile,46.97,NSE,33.42,1.80,2,2025-03,61.65,107.68,2025-06,123.47,-2.49,2025-06,0,,0.27,2,2025-03,0.35,-1.1,0.06,"MOHITIND,"
KG Denim Ltd.,KGDENIM,Textile - Weaving,46.81,BSE,18.00,4.47,2,2025-03,224.45,267.44,2025-06,48.99,-35.43,2025-06,0,,-4.01,2,2025-03,-26.7,-495.4,-7.29,"KGDENIM,"
Jet Knitwears Ltd.,JETKNIT,Textile,45.83,NSE,104.00,,1,2025-03,12.99,57.77,2025-03,28.18,0.35,2025-03,132.09,-5.15,2.04,1,2024-03,0.56,2.46,5.11,"JETKNIT,"
Akshar Spintex Ltd.,AKSHAR,Textile,44.89,NSE,0.57,-1.72,1,2025-09,4.89,48.81,2025-09,105.09,-6.68,2025-09,0,0,0.53,1,2025-03,0.07,-6.73,-6.02,"AKSHAR,"
SVP Global Textiles Ltd.,SVPGLOB,Textile,44.4,NSE,3.58,1.42,2,2025-03,2817.8,2846.54,2025-06,47.05,-925.64,2025-06,0,,-0.04,2,2025-03,-2.39,0,-44.48,"SVPGLOB,"
Sparkle Gold Rock Ltd.,SPARKLEGR,Textile - Spinning,43.93,BSE,98.10,,1,2025-06,0.58,43.5,2025-06,10.85,-0.11,2025-06,0,0,36.57,1,2024-03,0,0,313.4,"SPARKLEGR,"
PBM Polytex Ltd.,PBMPOLY,Textile - Spinning,43.85,BSE,66.69,5.86,2,2025-03,0.17,40.97,2025-06,181.45,-4.83,2025-06,0,0,0.39,2,2025-03,0,-3.82,-4.71,"PBMPOLY,"
Tusaldah Ltd.,HIGHSTREE,Textile,42.93,BSE,183.20,,1,2025-03,2.09,42.03,2025-06,4.17,-0.15,2025-06,0,0,44.57,1,2024-03,-1.13,0,70.73,"HIGHSTREE,"
Swasti Vinayaka Synthetics Ltd.,SWASTIVI,Textile,42.48,BSE,4.76,1.28,1,2025-03,6.33,47.89,2025-06,36.27,2.06,2025-06,20.61,1.86,1.87,1,2025-03,0.28,11.38,16.04,"SWASTIVI,"
Felix Global Venture Ltd.,TATIAGLOB,Textile,42.15,BSE,2.79,1.09,2,2025-03,0,37.92,2025-06,8.68,7.71,2025-06,5.47,0.21,1.34,2,2025-03,0,26.47,25.78,"TATIAGLOB,"
GTN Industries Ltd.,GTNINDS,Textile - Spinning,41.76,BSE,23.81,-5.59,1,2025-03,39.08,76.06,2025-06,164.57,-7.13,2025-06,0,0,0.51,1,2024-03,0.46,-6.87,-3.12,"GTNINDS,"
MKP Mobility Ltd.,MKPMOB,Textile - Spinning,40.16,BSE,117.75,-1.38,2,2025-03,3.33,43.32,2025-06,33.1,1.7,2025-06,47.82,,5.55,2,2025-03,0.51,14.63,19.63,"MKPMOB,"
STL Global Ltd.,SGL,Textile,40.08,NSE,14.49,-0.55,1,2025-03,14.82,54.69,2025-06,110.46,-0.59,2025-06,0,,1.52,1,2025-03,0.56,-2.47,1.05,"SGL,"
HP Cotton Textile Mills Ltd.,HPCOTTON,Textile,39.98,BSE,101.95,-0.10,2,2025-03,35.95,74.56,2025-06,138.73,2.95,2025-06,13.55,,2.34,2,2025-03,2.21,17.14,20.9,"HPCOTTON,"
Paramount Dye Tec Ltd.,PARAMOUNT,Textile,39.54,NSE,56.95,5.46,1,2025-03,14.27,50.6,2025-03,77.29,8,2025-03,4.94,,0.6,1,2024-03,0.54,11.68,11.03,"PARAMOUNT,"
United Cotfab Ltd.,COTFAB,Textile,39.06,BSE,22.72,0.98,1,2025-03,37.99,76.51,2025-03,125.3,2.75,2025-03,14.22,,0.77,1,2025-03,0.75,8.52,9.9,"COTFAB,"
Spice Islands Industries Ltd.,SPICEISLIN,Textile,38.78,BSE,90.19,0.00,1,2025-03,1.28,39.72,2025-06,2.7,0.75,2025-06,51.57,3.08,75.16,1,2025-03,7.02,0,59.43,"SPICEISLIN,"
Gini Silk Mills Ltd.,GINISILK,Textile,38.59,BSE,69.00,2.22,1,2025-03,3.88,42.35,2025-06,40.43,1.42,2025-06,27.21,-34.89,0.77,1,2025-03,0.08,3.71,4.89,"GINISILK,"
Neelam Linens and Garments (India) Ltd.,NEELAM,Textile,38.41,NSE,19.00,-3.06,1,2025-03,67.1,99.58,2025-03,110.43,2.68,2025-03,14.33,,1.05,1,2024-03,2.97,11.06,9.59,"NEELAM,"
Suryaamba Spinning Mills Ltd.,SURYAAMBA,Textile - Spinning,37.82,BSE,129.00,2.30,1,2025-03,33.56,71.14,2025-06,216.94,1.59,2025-06,23.76,-0.92,0.6,1,2025-03,0.53,1.88,7.31,"SURYAAMBA,"
Shree Rajasthan Syntex Ltd.,SHRAJSYNQ,Textile - Manmade  Fibres,37.26,BSE,13.30,,1,2025-03,12.01,49.03,2025-06,13.97,-13.43,2025-06,0,0,-16.98,1,2025-03,-13.9,-232.71,-67.5,"SHRAJSYNQ,"
Vashishtha Luxury Fashion Ltd.,VASHISHTHA,Textile,37.01,BSE,157.05,-4.99,1,2025-03,1.81,38.73,,,,2025-03,26,,2.74,2,2025-03,0.38,32.28,35.17,"VASHISHTHA,"
Angel Fibers Ltd.,ANGEL,Textile,36.83,BSE,14.73,,1,2025-03,44.53,81.2,2025-03,200.91,1.84,2025-03,20.03,1.23,1.32,1,2025-03,1.59,6.8,8.76,"ANGEL,"
Sri Ramakrishna Mills (Coimbatore) Ltd.,SRMCL,Textile - Spinning,36.67,BSE,51.51,1.00,1,2025-03,38.84,75.51,2025-06,81.69,-2.22,2025-06,0,0,1.71,1,2025-03,1.75,17.9,14.24,"SRMCL,"
Signoria Creation Ltd.,SIGNORIA,Textile,35.99,NSE,75.65,,1,2025-03,13.4,49.32,2025-03,27.19,3.02,2025-03,11.93,,2.21,1,2024-03,0.62,21.77,19.01,"SIGNORIA,"
Laxmi Cotspin Ltd.,LAXMICOT,Textile - Spinning,35.67,NSE,20.80,-0.95,2,2025-03,46.76,81.72,2025-06,171.7,-0.01,2025-06,6.79,,0.68,2,2024-03,1.02,-0.55,4.09,"LAXMICOT,"
Sihora Industries Ltd.,SIHORA,Textile,35.05,BSE,65.79,-1.07,1,2025-03,5.14,40.15,,,,2025-03,18.72,,2.22,1,2025-03,0.98,43.31,36.02,"SIHORA,"
Eastern Silk Industries Ltd.,EASTSILK,Textile,35.02,NSE,70.04,,1,2025-03,61.11,83.21,2025-03,21.58,3.96,2025-03,8.83,0.29,0.74,1,2023-03,-3.37,0,-11.9,"EASTSILK,"
Aditya Spinners Ltd.,ADITYASP,Textile - Spinning,34.6,BSE,20.65,0.00,1,2025-03,14.76,49.24,2025-06,62.48,-2.2,2025-06,0,,0.75,1,2025-03,0.31,-3.81,-1.17,"ADITYASP,"
Vera Synthetic Ltd.,VERA,Textile,34.5,NSE,69.90,,1,2025-03,0,34.23,2025-03,42.5,2.03,2025-03,17.02,9.46,1.5,1,2025-03,0,9.24,12.47,"VERA,"
Gem Spinners India Ltd.,GEMSPIN,Textile - Spinning,34.12,BSE,5.56,,1,2025-03,0,34.09,2025-06,0,-0.55,2025-06,0,0,-14.29,1,2025-03,0,0,0,"GEMSPIN,"
Anjani Synthetics Ltd.,ANJANI,Textile,34.03,BSE,23.35,0.17,1,2025-03,31.91,65.77,2025-06,241.58,3.7,2025-06,9.18,-6.47,0.39,1,2025-03,0.37,3.95,6.08,"ANJANI,"
Sunil Industries Ltd.,SUNILTX,Textile,33.96,BSE,80.85,5.00,1,2025-03,54.95,79.68,2025-06,222.6,5.4,2025-06,6.29,0.15,0.66,1,2025-03,1.12,8.25,10.63,"SUNILTX,"
Pasupati Spinning & Weaving Mills Ltd.,PASUSPG,Textile - Spinning,33.61,BSE,36.00,0.00,1,2025-03,53.99,86.58,2025-06,98.23,1.07,2025-06,31.41,0.44,1.07,1,2025-03,1.71,2.84,6.83,"PASUSPG,"
Katare Spinning Mills Ltd.,KATRSPG,Textile - Spinning,32.82,BSE,115.10,-4.08,1,2025-03,4.29,37.04,2025-06,5.02,-1.57,2025-06,0,0,6.29,1,2025-03,0.78,-27.43,-16.38,"KATRSPG,"
Libas Consumer Products Ltd.,LIBAS,Textile,30.64,NSE,11.63,-1.44,2,2025-03,13.81,29.15,2025-06,91.37,-0.66,2025-06,0,0,0.38,2,2024-03,0.19,6.89,7.15,"LIBAS,"
Morarjee Textiles Ltd.,MORARJEE,Textile - Weaving,30.45,NSE,8.38,-4.77,1,2024-03,505.66,531.95,2024-03,32.83,-201.28,2024-03,0,,,1,2023-03,-1.85,0,-31.63,"MORARJEE,"
Gujarat Hy-Spin Ltd.,GUJHYSPIN,Textile - Spinning,30.15,BSE,18.00,,1,2025-03,8.91,38.88,2025-03,92.56,0.1,2025-03,310.19,-19.71,1.58,1,2025-03,0.47,0.51,4.11,"GUJHYSPIN,"
Subhash Silk Mills Ltd.,SUBSM,Textile,30.1,BSE,70.99,,1,2025-03,0.52,30.21,2025-06,0.03,-0.81,2025-06,0,0,2.96,1,2025-03,0.05,-2.12,0.18,"SUBSM,"
Maris Spinners Ltd.,MARIS,Textile - Spinning,29.98,BSE,37.90,0.40,1,2025-03,78.79,108.63,2025-06,165.69,-1.03,2025-06,0,0,1.55,1,2025-03,3.97,-6.1,8.6,"MARIS,"
Prakash Woollen & Synthetic Mills Ltd.,PWASML,Textile,29.57,BSE,28.95,-0.17,1,2025-09,49.62,78.84,2025-09,106.32,2.09,2025-09,14.12,,0.62,1,2025-03,0.88,2.64,6.8,"PWASML,"
Mahalaxmi Fabric Mills Ltd.,MFML,Textile,29.51,NSE,27.84,0.43,2,2025-03,43.92,54.39,2025-06,146.89,10.33,2025-06,2.86,,0.29,2,2025-03,0.45,8.44,9.79,"MFML,"
Hindoostan Mills Ltd.,HINDMILL,Textile,29.12,BSE,174.95,-0.57,1,2025-03,0,16.25,2025-06,21.19,-8.85,2025-06,0,0,0.72,1,2025-03,0,-24.13,-23.6,"HINDMILL,"
Veejay Lakshmi Engineering Works Ltd.,VJLAXMIE,Textile - Machinery,28.86,BSE,56.90,-0.94,2,2025-03,29.49,57.88,2025-06,83.98,-3.35,2025-06,0,0,1.92,2,2025-03,1.76,-17.98,-1.48,"VJLAXMIE,"
Patspin India Ltd.,PATSPINLTD,Textile - Spinning,28.42,BSE,9.29,2.65,1,2025-09,81.26,109.59,2025-09,47.05,-10.64,2025-09,0,0,-0.41,1,2025-03,-1.26,0,-13.3,"PATSPINLTD,"
Kapil Cotex Ltd.,KAPILCO,Textile,28.17,BSE,147.10,-4.97,2,2025-03,7.2,35.64,2025-06,7.53,-1.74,2025-06,0,,3.14,2,2025-03,0.8,-26.36,-14.91,"KAPILCO,"
Spenta International Ltd.,SPENTA,Textile,27.64,BSE,100.00,5.10,1,2025-03,22.32,38.88,2025-06,47.36,1.4,2025-06,19.69,46.88,0.95,1,2025-03,0.77,4.25,7.07,"SPENTA,"
Zenith Fibres Ltd.,ZENIFIB,Textile - Manmade  Fibres,26.74,BSE,67.80,1.18,1,2025-03,0,7.33,2025-06,51.6,1.65,2025-06,16.24,-8.78,0.47,1,2025-03,0,3.23,4.41,"ZENIFIB,"
Blue chip Tex Industries Ltd.,BLUECHIPT,Textile - Manmade  Fibres,26.34,BSE,133.00,-4.93,1,2025-03,1.6,27.45,2025-06,238.45,-1.24,2025-06,0,,1.02,1,2025-03,0.06,-3.71,-3.33,"BLUECHIPT,"
Shree Bhavya Fabrics Ltd,SBFL,Textile,26.17,BSE,27.49,-1.26,1,2025-03,64.28,87.56,2025-06,181.29,2.49,2025-06,10.51,0.48,0.73,1,2025-03,1.82,6.88,10.82,"SBFL,"
K-Lifestyle Industries Ltd.,KLIFESTYL,Textile,25.56,BSE,0.25,,1,2020-03,326.26,351.53,2019-12,3.37,-19.85,2020-03,0,0,,1,2020-03,-1.07,0,-5.89,"KLIFESTYL,"
Prime Urban Development India Ltd.,PRIMEURB,Textile,25.5,BSE,9.96,2.15,2,2025-03,0.93,26.11,2025-06,3.45,1.51,2025-06,16.87,0.99,-7.82,2,2025-03,-0.3,0,238.3,"PRIMEURB,"
LWS Knitwear Ltd.,LWSKNIT,Textile,24.13,BSE,16.87,0.18,1,2025-03,14.24,38.21,2025-06,104.38,2.48,2025-06,9.74,0.14,0.79,1,2025-03,0.47,11.88,12.74,"LWSKNIT,"
Kotia Enterprises Ltd.,KEL,Textile,23.52,BSE,33.50,-1.47,1,2025-03,0,23.23,2025-06,0.3,-0.06,2025-06,0,,0.61,1,2025-03,0,-0.2,-0.21,"KEL,"
SRM Energy Ltd.,SRMENERGY,Textile,23.29,BSE,25.71,1.98,2,2025-03,46.2,69.48,2025-06,0,-0.38,2025-06,0,0,-0.5,2,2024-03,-1,0,-136.07,"SRMENERGY,"
SK International Export Ltd.,SKIEL,Textile,23.19,BSE,31.63,,1,2025-03,0.04,20.86,2025-03,2.62,2.16,2025-03,10.71,0.23,3.33,1,2025-03,0.01,36.83,36.12,"SKIEL,"
Classic Filaments Ltd.,CFL,Textile,23.07,BSE,37.32,-1.09,1,2025-03,0.28,23.31,2025-06,0,-0.12,2025-06,0,0,4.12,1,2024-03,0.03,-1.72,-1.69,"CFL,"
Visagar Polytex Ltd.,VIVIDHA,Textile,22.83,NSE,0.78,-1.27,1,2025-03,6.35,29.18,2025-06,0.11,-1.83,2025-06,0,,-32.5,1,2024-03,4.12,-166.26,-80.13,"VIVIDHA,"
York Exports Ltd.,YORKEXP,Textile,21.59,BSE,64.20,4.97,2,2025-03,32.17,53.56,2025-06,34.67,0.25,2025-06,4.54,0.06,1.05,2,2024-03,1.18,1.76,6.85,"YORKEXP,"
Parmeshwari Silk Mills Ltd.,PARMSILK,Textile,21.24,BSE,70.78,,2,2025-03,124.16,145.19,2025-06,238.68,9.36,2025-06,2.27,,0.37,2,2025-03,2.27,17.15,12.17,"PARMSILK,"
Konark Synthetic Ltd.,KONARKSY,Textile,20.97,BSE,36.10,-1.63,1,2025-03,30.28,50.88,2025-06,54.02,-3.11,2025-06,0,0,2865.08,2,2024-03,1.05,46.87,5.29,"KONARKSY,"
Indo Cotspin Ltd.,ICL,Textile - Spinning,20.47,BSE,28.70,-0.35,1,2025-09,2.03,22.39,2025-09,25.11,0.05,2025-09,379.13,12.59,2.82,1,2025-03,0,5.68,8,"ICL,"
Eurotex Industries And Exports Ltd.,EUROTEXIND,Textile - Spinning,20.46,NSE,22.40,,1,2025-09,35.71,55.84,2025-09,0.59,2.06,2025-09,9.93,0.72,-0.67,1,2025-03,-1.3,0,-5.73,"EUROTEXIND,"
Ventura Textiles Ltd.,VENTURA,Textile,20.11,BSE,10.28,-2.84,1,2025-03,7.37,27.47,2025-06,0.06,-1.11,2025-06,0,0,-2.12,1,2024-03,-0.88,0,937.25,"VENTURA,"
Harish Textile Engineers Ltd.,HARISH,Textile - Machinery,20.02,BSE,60.00,3.61,1,2025-03,31.57,51.46,2025-06,133.03,1.32,2025-06,15.2,0.83,1.99,1,2025-03,3.55,2.68,9.83,"HARISH,"
Hisar Spinning Mills Ltd.,HISARSP,Textile - Spinning,19.8,BSE,53.00,,1,2025-03,7.19,20.74,2025-03,44.88,2.93,2025-03,6.76,0.83,0.76,1,2024-03,0.14,9.5,12.54,"HISARSP,"
Kallam Textiles Ltd.,KALLAM,Textile - Spinning,19.65,BSE,3.72,0.27,1,2025-03,309.3,328.61,2025-06,249.43,-55.97,2025-06,0,,-1.32,1,2025-03,100.06,-178.58,-8.76,"KALLAM,"
Valson Industries Ltd.,VALSONQ,Textile - Spinning,19.65,BSE,25.65,-0.35,1,2025-03,14.23,32.49,2025-06,130.04,0.64,2025-06,30.51,-10.14,0.71,1,2025-03,0.51,2.22,4.47,"VALSONQ,"
Cityman Ltd.,CITYMAN,Textile,18.43,BSE,15.75,-4.83,1,2025-03,13.98,32.4,2025-06,0,-0.32,2025-06,0,0,-2.77,1,2025-03,-2.13,0,-4.25,"CITYMAN,"
Salguti Industries Ltd.,SALGUTI,Textile,18.09,BSE,24.00,0.42,1,2025-03,34.21,52.21,2025-03,87.22,0.15,2025-03,120.59,6.77,1.99,1,2024-03,3.63,-1.29,6.01,"SALGUTI,"
Jiwanram Sheoduttrai Industries Ltd.,JIWANRAM,Textile,18.07,NSE,7.30,,1,2025-03,44.62,62.33,2025-03,53.9,2.29,2025-03,7.91,,0.37,1,2025-03,0.92,4.83,4.6,"JIWANRAM,"
Kandagiri Spinning Mills Ltd.,KANDAGIRI,Textile - Spinning,18.06,BSE,46.92,,2,2025-09,19.64,37.67,2025-09,2.61,-1.85,2025-09,0,0,-2.01,2,2024-03,-2.84,0,5.72,"KANDAGIRI,"
Mish Designs Ltd.,MISHDESIGN,Textile - Weaving,17.48,BSE,54.91,-4.98,1,2025-03,1.49,18.22,2025-03,18.01,0.89,2025-03,19.64,,0.98,1,2025-03,0.08,6.06,9.06,"MISHDESIGN,"
Tuni Textile Mills Ltd.,TUNITEX,Textile - Weaving,17.37,BSE,1.35,3.05,1,2025-03,16.77,34.07,2025-06,76.3,0.65,2025-06,26.61,0.87,1.24,1,2025-03,1.2,4.18,9.07,"TUNITEX,"
Garware Marine Industries Ltd.,GARWAMAR,Textile,17.24,BSE,29.90,-4.99,1,2025-09,,17.22,2025-09,1.02,0.32,2025-09,54.05,1.34,1.05,1,2025-03,0,2.97,3,"GARWAMAR,"
Uniroyal Industries Ltd.,UNIROYAL,Textile,16.95,BSE,20.50,0.00,2,2025-03,16.48,32.8,2025-06,108.54,-0.5,2025-06,0,0,0.89,2,2025-03,0.83,2.36,7.09,"UNIROYAL,"
Advance Lifestyles Ltd.,ADVLIFE,Textile,16.49,BSE,26.49,-1.74,1,2025-03,42.73,59.2,2025-06,0,0.52,2025-06,31.41,1.71,0.59,1,2025-03,1.54,5.26,6.13,"ADVLIFE,"
Samtex Fashions Ltd.,SAMTEX,Textile,16.09,BSE,2.18,-0.91,2,2025-03,562.95,578.06,2025-06,0,-0.34,2025-06,0,0,-0.07,2,2025-03,-2.35,0,-0.12,"SAMTEX,"
Bharat Textiles & Proofing Industries Ltd.,BHATEXT,Textile,16.01,BSE,27.34,,1,2025-03,11.25,27.22,2025-06,15.27,0.13,2025-06,119.5,-108.64,7.94,1,2024-03,5.87,7.81,6.69,"BHATEXT,"
Meyer Apparel Ltd.,MAL,Textile,15.7,BSE,1.95,-4.88,1,2025-09,0.23,15.89,2025-09,0.6,-0.87,2025-09,0,0,-0.47,1,2025-03,0,0,0,"MAL,"
New Light Industries Ltd.,NEWLIGHT,Textile,15.68,BSE,1.79,2.29,1,2025-03,0.06,15.4,2025-03,17.25,1.14,2025-03,13.76,0.11,1.07,1,2025-03,0,13.83,9.45,"NEWLIGHT,"
Shree Manufacturing Company Ltd.,SHRMFGC,Textile - Spinning,15.52,BSE,18.70,,1,2025-03,2.33,17.85,2025-06,0,-0.04,2025-06,0,0,-5.57,1,2025-03,-0.85,0,0,"SHRMFGC,"
Seasons Textiles Ltd.,SEASONST,Textile,15.06,BSE,20.10,-1.90,1,2025-03,21.7,35.67,2025-06,28.34,-0.29,2025-06,0,0,0.43,1,2025-03,0.62,-0.96,3.47,"SEASONST,"
Sri Nachammai Cotton Mills Ltd.,SRINACHA,Textile - Spinning,14.79,BSE,34.39,0.35,1,2025-03,45.63,60.39,2024-12,69.42,-2.4,2025-03,0,,0.69,1,2025-03,2.83,-18.08,-0.25,"SRINACHA,"
Rishab Special Yarns Ltd.,RISHYRN,Textile - Manmade  Fibres,14.73,BSE,41.37,5.00,1,2025-03,0.43,15.16,2025-06,0,-0.3,2025-06,0,0,194.59,1,2025-03,3.35,-91.59,-35.92,"RISHYRN,"
Prag Bosimi Synthetics Ltd.,PRAGBOS,Textile,14.58,BSE,1.98,-4.35,2,2025-03,161.02,175.25,2025-06,0.32,-11.35,2025-06,0,0,-0.59,2,2025-03,-42.66,0,-3.42,"PRAGBOS,"
Winsome Yarns Ltd.,WINSOME,Textile - Spinning,14,NSE,1.91,0.53,1,2024-09,556.58,548.89,2024-12,3.83,-15.52,2024-12,0,0,-0.03,1,2024-03,-1.33,0,-7.69,"WINSOME,"
Vijay Textiles Ltd.,VIJAYTX,Textile,13.89,BSE,7.51,,1,2024-09,214.92,215.8,2024-12,9.76,-30.06,2024-12,0,,0.41,1,2024-03,5.45,-44.4,-1.7,"VIJAYTX,"
Garware Synthetics Ltd.,GARWSYN,Textile - Spinning,13.69,BSE,23.56,,1,2025-03,5.13,18.71,2025-06,10.67,0.06,2025-06,213.84,,-7.04,1,2024-03,-2.59,0,6.13,"GARWSYN,"
Globale Tessile Ltd.,GLOBALE,Textile,13.53,NSE,12.75,1.92,1,2025-03,10.22,17.17,2025-06,67.85,-0.88,2025-06,0,,1.29,1,2025-03,0.94,-6.81,-0.52,"GLOBALE,"
Adinath Textiles Ltd.,ADINATH,Textile - Spinning,13.14,BSE,26.20,0.19,1,2025-03,0,12.9,2025-06,0,0.08,2025-06,168.43,6.2,11.86,1,2025-03,0,3.27,4.14,"ADINATH,"
Oswal Yarns Ltd.,OSWAYRN,Textile,13.05,BSE,32.55,,1,2025-09,0.48,13.41,2025-09,2.03,-0.09,2025-09,0,,4.28,1,2025-03,0.16,-3.81,-3.15,"OSWAYRN,"
Bindal Exports Ltd.,BINDALEXPO,Textile,12.93,BSE,28.11,,1,2025-03,0,12.34,2025-03,27.01,-0.99,2025-03,0,0,1.3,1,2025-03,0,-10.44,-5.24,"BINDALEXPO,"
Mid India Industries Ltd.,MIDINDIA,Textile - Spinning,12.83,BSE,7.87,-0.13,1,2025-03,0,12.78,2025-06,6.79,0.02,2025-06,855.21,,-2.86,1,2025-03,0,0,0,"MIDINDIA,"
Billwin Industries Ltd.,BILLWIN,Textile - Machinery,12.75,BSE,30.50,,1,2025-03,0.29,13.02,2025-03,7.03,0.68,2025-03,18.76,0.49,0.9,1,2025-03,0.02,6.59,8.63,"BILLWIN,"
Tacent Projects Ltd.,TACENT,Textile,12.28,BSE,34.95,,1,2025-09,0.33,12.6,2025-09,3.33,-0.02,2025-06,0,,-45.59,1,2025-03,-1.23,0,-157.94,"TACENT,"
Super Fine Knitters Ltd.,SKL,Textile,12.27,BSE,9.90,,1,2025-03,11.72,23.9,2025-03,28.18,0.68,2025-03,18.15,0.38,0.53,1,2024-03,0.51,2.52,5.43,"SKL,"
Kush Industries Ltd.,KUSHIND,Textile,12.2,BSE,8.00,-0.37,1,2025-09,8.93,20.86,2025-09,0.01,-0.05,2025-09,0,,-1.78,1,2025-03,-1.3,0,-1.56,"KUSHIND,"
GTN Textiles Ltd.,GTNTEX,Textile - Spinning,12.06,BSE,10.35,-4.70,2,2025-09,18.28,30.2,2025-09,3.36,-4.71,2025-09,0,0,-0.24,2,2025-03,-0.63,0,0,"GTNTEX,"
Suumaya Industries Ltd.,SUULD,Textile,11.79,NSE,1.75,,1,2024-03,49.21,57.42,2024-06,1194.34,-1334.7,2024-06,0,,-0.02,1,2023-03,0.09,-38.97,-22.39,"SUULD,"
Sri Lakshmi Saraswathi Textiles (Arni) Ltd.,SLSTLQ,Textile - Spinning,11.66,BSE,35.00,-7.89,1,2025-03,45.8,55.55,2025-06,98.25,-18.9,2025-06,0,0,-0.16,1,2025-03,-0.67,0,0,"SLSTLQ,"
Suryavanshi Spinning Mills Ltd.,SURYVANSP,Textile - Spinning,11.49,BSE,23.40,,1,2025-03,12.57,23.97,2025-06,2.22,3.9,2025-06,2.95,0.53,-1.14,1,2025-03,-1.27,0,93.4,"SURYVANSP,"
Pasari Spinning Mills Ltd.,PASARI,Textile - Spinning,11.33,BSE,8.21,-0.48,1,2025-03,1.78,12.9,2025-06,0.68,0.43,2025-06,26.35,5.15,47.29,1,2024-03,-6.73,0,24.52,"PASARI,"
Kizi Apparels Ltd.,KIZI,Textile,11.13,BSE,14.23,,1,2025-03,5.46,16.5,2025-03,26.43,0.86,2025-03,12.96,,0.82,1,2025-03,0.4,8.83,12.08,"KIZI,"
Sahaj Fashions Ltd.,SAHAJ,Textile,10.34,NSE,7.85,,1,2024-03,36.17,46.17,2024-03,125.18,0.94,2024-03,10.95,,,1,2024-03,1.07,3.52,8.27,"SAHAJ,"
Shantai Industries Ltd.,SHANTAI,Textile,10.19,BSE,13.58,9.34,1,2025-03,2.9,12.54,2025-06,23.9,0.25,2025-06,40.42,1.04,1.33,1,2025-03,0.38,4.08,3.63,"SHANTAI,"
Jagjanani Textiles Ltd.,JAGJANANI,Textile - Weaving,10.03,BSE,6.43,9.91,1,2025-03,0,10.03,2025-06,0,-0.17,2025-06,0,,-108.25,1,2025-03,0,-1293.84,-244.39,"JAGJANANI,"
Premier Synthetics Ltd.,PREMSYN,Textile - Spinning,9.96,BSE,21.69,19.50,1,2025-03,4.02,13.92,2025-06,9.52,1.12,2025-06,8.93,0.13,0.82,1,2024-03,0.61,-18.31,-6.64,"PREMSYN,"
Sheshadri Industries Ltd.,SHESHAINDS,Textile - Spinning,9.92,BSE,20.00,-1.72,1,2025-03,22.67,32.53,2025-06,28.13,7.69,2025-06,1.29,0.07,-0.81,1,2025-03,-2.08,0,108.18,"SHESHAINDS,"
Kakatiya Textiles Ltd.,KAKTEX,Textile - Spinning,9.83,BSE,16.75,4.69,1,2025-03,20.34,29.74,2025-06,38.35,0.76,2025-06,12.93,0.63,-0.73,1,2025-03,-1.58,0,19.11,"KAKTEX,"
Haria Apparels Ltd.,HARIAAPL,Textile,9.74,BSE,6.37,-0.31,1,2025-03,0.35,9.79,2025-06,0.97,1.2,2025-06,8.1,0.28,1.51,1,2024-03,0.25,18.42,18.74,"HARIAAPL,"
RLF Ltd.,RLF,Textile,9.55,BSE,9.13,-2.25,1,2025-03,3.66,13.18,2025-06,0.96,-0.28,2025-06,0,0,0.34,1,2024-03,0.17,0.21,0.6,"RLF,"
Santosh Fine-Fab Ltd.,SANTOSHF,Textile - Weaving,9.08,BSE,25.75,,1,2025-03,5.97,15.02,2025-06,17.44,0.15,2025-06,62.16,4.11,1.57,1,2024-03,0.84,-15.1,-6.27,"SANTOSHF,"
Eureka Industries Ltd.,EUREKAI,Textile - Spinning,9.02,BSE,10.55,-2.31,1,2025-09,1.48,10.23,2025-09,141.8,1.6,2025-09,5.65,0.03,-7.76,1,2025-03,-0.96,0,0,"EUREKAI,"
United Leasing & Industries Ltd.,UNTTEMI,Textile,9,BSE,30.00,,1,2025-03,5.07,13.52,2025-06,7.75,0,2025-06,0,0,3.05,1,2025-03,1.72,3.88,6.67,"UNTTEMI,"
Jayatma Industries Ltd.,JAYIND,Textile,8.43,BSE,13.65,,1,2025-03,19.34,27.01,2025-06,28.49,-1.95,2025-06,0,,0.83,1,2025-03,1.86,-16.77,-3.51,"JAYIND,"
Nutech Global Ltd.,NUTECGLOB,Textile - Weaving,8.33,BSE,26.01,,1,2025-03,9.56,17.86,2025-06,32.41,-0.22,2025-06,0,,1.47,1,2024-03,1.37,-1.33,7.09,"NUTECGLOB,"
Minaxi Textiles Ltd.,MINAXI,Textile,8.3,BSE,1.68,17.48,1,2025-03,14.34,22.6,2025-06,25.29,2.26,2025-06,3.67,,2,1,2025-03,6.18,-20.65,5.24,"MINAXI,"
Surbhi Industries Ltd.,SURBHIN,Textile,8.24,BSE,23.97,,1,2025-03,14.4,22.63,2025-06,37.87,4.11,2025-06,2.01,0.62,0.47,1,2025-03,0.84,21.31,16.64,"SURBHIN,"
Supertex Industries Ltd.,SUPERTEX,Textile - Manmade  Fibres,8.14,BSE,7.18,-0.14,1,2025-03,21.4,29,2025-06,52.27,-0.4,2025-06,0,,0.27,1,2025-03,0.71,-0.28,5.73,"SUPERTEX,"
Alps Industries Ltd.,ALPSINDUS,Textile,7.9,NSE,2.00,1.52,2,2025-03,891.7,890.18,2025-06,0,-65.01,2025-06,0,0,-0.01,2,2024-03,-1,0,0,"ALPSINDUS,"
Kalahridhaan Trendz Ltd.,KTL,Textile,7.73,NSE,4.50,,1,2024-09,61.79,69.41,2024-03,194.17,8.05,2024-03,0.96,,,1,2023-03,3.37,45.02,18.91,"KTL,"
Amit International Ltd.,AMITINT,Textile - Spinning,7.58,BSE,4.00,-3.61,1,2025-03,0.06,7.37,2025-06,0,0.12,2025-06,61.12,13.52,0.38,1,2024-03,0,0.34,0.44,"AMITINT,"
Prashant India Ltd.,PRSNTIN,Textile,7.51,BSE,17.72,,1,2025-06,34.61,41.05,2025-06,0.32,-0.16,2025-06,0,,-0.23,1,2025-03,-1.04,0,-13.33,"PRSNTIN,"
Siddheswari Garments Ltd.,SIDDHEGA,Textile,7.4,BSE,22.35,-4.89,1,2025-03,0,6.98,2025-06,0,0,2025-06,,,0.24,1,2025-03,0,0.01,0.03,"SIDDHEGA,"
Golden Carpets Ltd.,GOLCA,Textile,7.31,BSE,11.26,,1,2025-09,,7.07,2025-09,1.19,0.01,2025-06,0,,-3.53,1,2024-03,-92,0,-1.48,"GOLCA,"
Ghushine Fintrrade Ocean Ltd.,GHUSHINE,Textile,7.25,BSE,14.66,19.97,1,2025-03,0.32,7.55,2025-03,4.52,0,2025-03,0,0,1.43,1,2025-03,0.06,0.07,0.05,"GHUSHINE,"
Suncity Synthetics Ltd.,SUNCITYSY,Textile - Manmade  Fibres,6.85,BSE,13.86,0.00,1,2025-03,0.05,6.89,2025-06,0.85,-0.01,2025-06,0,0,-16.21,1,2025-03,-0.1,0,-26.64,"SUNCITYSY,"
Enterprise International Ltd.,ENTRINT,Textile,6.79,BSE,22.75,4.98,1,2025-09,,6.69,2025-09,5,0.38,2025-09,17.77,-3.37,0.53,1,2025-03,0,3.69,3.88,"ENTRINT,"
Gravity (India) Ltd.,GRAVITY,Textile,6.38,BSE,7.09,-0.98,1,2025-03,2.76,8.95,2025-06,0.42,-1.28,2025-06,0,,3,1,2024-03,0.66,-86.2,-81.25,"GRAVITY,"
Advance Syntex Ltd.,ASYL,Textile,5.44,BSE,4.90,,1,2025-03,24.32,29.68,2025-06,0,-17.89,2025-06,0,,-0.44,1,2024-03,5.46,-68.35,-14.5,"ASYL,"
Source Industries (India) Ltd.,SOURCEIND,Textile,4.99,BSE,4.38,,1,2025-03,0.2,5.08,2025-06,0.15,0.02,2025-06,208.11,13.42,1.16,1,2025-03,0.05,0.18,0.18,"SOURCEIND,"
United Textiles Ltd.,UNITEDTE,Textile - Spinning,4.95,BSE,16.50,,1,2025-03,9.83,14.74,2025-06,10.85,0,2025-06,0,0,0.47,1,2024-03,1.05,0.05,3.13,"UNITEDTE,"
Aananda Lakshmi Spinning Mills Ltd.,AANANDALAK,Textile - Spinning,4.75,BSE,13.56,,1,2025-03,13.28,17.83,2025-06,2.26,2.96,2025-06,1.6,0.08,-0.31,1,2025-03,-0.87,0,0,"AANANDALAK,"
Rajvir Industries Ltd.,RAJVIR,Textile - Spinning,4,BSE,10.01,,1,2020-09,102.41,105.6,2020-12,18.01,-37.25,2020-12,0,,,1,2020-03,-1.68,0,-9.9,"RAJVIR,"
Richa Industries Ltd.,RICHAIND,Textile,3.87,BSE,1.65,,1,2024-03,378.49,381.71,2018-09,124.19,-169.43,2024-03,0,,,1,2024-03,-1.22,0,-21.88,"RICHAIND,"
Uniworth Ltd.,UNIWORTH,Textile - Spinning,3.47,BSE,1.02,,1,2025-03,611.3,612.61,2025-06,0,-1.87,2024-09,0,0,0,1,2024-03,-0.52,0,0,"UNIWORTH,"
Kiran Syntex Ltd.,KIRANSY-B,Textile - Spinning,3.09,BSE,7.26,4.91,1,2025-03,0.09,3.15,2025-06,3.16,-0.06,2025-06,0,0,1.57,1,2024-03,0,-4.23,-3.86,"KIRANSY-B,"
Gaekwar Mills Ltd.,ZGAEKWAR,Textile - Spinning,2.86,BSE,14.32,,1,2025-03,74.2,77.05,2025-06,0,-3.26,2025-06,0,0,-0.04,1,2025-03,-0.99,0,0,"ZGAEKWAR,"
Gangotri Textiles Ltd.,GANGOTRI,Textile - Spinning,2.02,NSE,0.61,,1,2025-03,240.47,242.49,2025-06,0,-0.07,2025-06,0,,-0.01,1,2025-03,-1.01,0,-1.92,"GANGOTRI,"
Oxford Industries Ltd.,OXFORDIN,Textile,1.87,BSE,3.15,1.94,1,2025-03,2.18,4.04,2025-06,1.67,-0.23,2025-06,0,0,-1.32,1,2025-03,-1.27,0,-104.65,"OXFORDIN,"
Sybly Industries Ltd.,SYBLY,Textile - Spinning,1.57,BSE,1.72,-4.97,1,2025-03,17.54,18.88,2025-06,0,-12.08,2025-06,0,0,2.59,1,2025-03,28.61,-32.79,-1.56,"SYBLY,"
CLC Industries Ltd.,SPENTEX,Textile - Spinning,0.14,BSE,2.61,,1,2025-03,54.61,49.27,2025-06,233.55,-97.37,2023-03,0,,-0.05,1,2025-03,5.46,-139.62,-54.79,"SPENTEX,"
LWS Knitwear Ltd. - (Rights Entitlements (REs),KNIT-RE,Textile,0,BSE,6.73,,1,,,0,,,,-0,,,,1,-0,,,,"KNIT-RE,"
Eureka Industries Ltd. - (Rights Entitlements (REs)),EUREKA-RE,Textile - Spinning,0,BSE,0.06,,1,,,0,,,,-0,,,,1,-0,,,,"EUREKA-RE,"
Garment Mantra Lifestyle Ltd. - (Rights Entitlements (REs)),GARMNT-RE,Textile,0,BSE,0.06,,1,,,0,,,,-0,,,,1,-0,,,,"GARMNT-RE,"
Bannari Amman Spinning Mills Ltd. - (BASML-RE1),BASML-RE1,Textile,0,NSE,3.85,,1,,,0,,,,-0,,,,1,-0,,,,"BASML-RE1,"
Garment Mantra Lifestyle Ltd. - (Partly Paid-up Equity Shares (Rights Issue)),GARMENTPP,Textile,0,BSE,0.55,,1,,,0,,,,-0,,,,1,-0,,,,"GARMENTPP,"
Markobenz Ventures Ltd. - (Rights Entitlements (REs)),MARKOB-RE1,Textile - Weaving,0,BSE,0.09,,1,,,0,,,,-0,,,,1,-0,,,,"MARKOB-RE1,"
T T Ltd. - (Rights Entitlements (REs)),TTL-RE,Textile,0,NSE,0.35,,1,,,0,,,,-0,,,,1,-0,,,,"TTL-RE,"
Scoobee Day Garments (India) Ltd. - (Rights Entitlements (REs)),SCOOBEE-RE,Textile,0,BSE,0.51,,1,,,0,,,,-0,,,,1,-0,,,,"SCOOBEE-RE,"
