Sector: Healthcare,
Date: 09-Nov-2025,
Note:- Statement: 1 = Standalone and 2 = Consolidated,
Generated by and for: signshailesh@gmail.com,

Stock Name,Symbol,Industry,Market Cap(Rs. Cr.),Exchange,LTP,Chg%,TTM Statement,Period Ending,Total Debt(Rs. Cr.),Enterprise Value(Rs. Cr.),TTM Ending (Results),Net Sales (Rs. Cr.),Profit After Tax (Rs. Cr.),TTM Ending (Valuation),Price Earning Ratio(TTM),"PEG Ratio ",Price To Book Value(TTM),Statement,Year Ending,Debt Equity Ratio,Return On Equity(%),Return On Capital Employed(%),Symbol with Comma for External Upload
Sun Pharmaceutical Industries Ltd.,SUNPHARMA,Pharmaceuticals & Drugs,406147.43,NSE,1691.40,0.33,2,2025-09,4685.92,398575.93,2025-09,54964.01,10517.89,2025-09,38.87,1.65,5.22,2,2025-03,0.03,16.16,19.89,"SUNPHARMA,"
Divi's Laboratories Ltd.,DIVISLAB,Pharmaceuticals & Drugs,176707.83,NSE,6656.50,-3.30,2,2025-09,89,173535.83,2025-09,10029,2485,2025-09,71.11,7.3,11.46,2,2025-03,0,15.35,20.45,"DIVISLAB,"
Cipla Ltd.,CIPLA,Pharmaceuticals & Drugs,121525.14,NSE,1505.70,0.28,2,2025-09,94.26,120823.55,2025-09,28349.57,5453.86,2025-09,22.33,0.8,3.69,2,2025-03,0,18.34,23.64,"CIPLA,"
Torrent Pharmaceuticals Ltd.,TORNTPHARM,Pharmaceuticals & Drugs,121146.55,NSE,3580.00,0.75,2,2025-09,2590,123031.55,2025-09,12248,2140,2025-09,56.61,4.2,14.34,2,2025-03,0.4,26.46,27.32,"TORNTPHARM,"
Max Healthcare Institute Ltd.,MAXHEALTH,Hospital & Healthcare Services,110436.34,NSE,1135.30,0.88,2,2025-03,2488.83,112243.28,2025-06,7513.08,1147.58,2025-06,96.23,1.19,11.54,2,2025-03,0.27,12.22,14.67,"MAXHEALTH,"
Apollo Hospitals Enterprise Ltd.,APOLLOHOSP,Hospital & Healthcare Services,109825.6,NSE,7642.00,-1.80,2,2025-09,5341.1,113900.8,2025-09,23264.7,1693.2,2025-09,65.69,1.88,12.09,2,2025-03,0.67,20.51,21.19,"APOLLOHOSP,"
Dr. Reddy's Laboratories Ltd.,DRREDDY,Pharmaceuticals & Drugs,100596,NSE,1205.40,0.02,2,2025-09,4495.6,103045.2,2025-09,34310,5721.4,2025-09,17.43,0.76,2.79,2,2025-03,0.14,18.61,23.25,"DRREDDY,"
Zydus Lifesciences Ltd.,ZYDUSLIFE,Pharmaceuticals & Drugs,94968.36,NSE,944.10,0.79,2,2025-09,9593.9,101779.76,2025-09,24493.9,4973.4,2025-09,19.3,0.73,3.75,2,2025-03,0.13,21.08,26.06,"ZYDUSLIFE,"
Mankind Pharma Ltd.,MANKIND,Pharmaceuticals & Drugs,93419.63,NSE,2261.80,-2.05,2,2025-09,8304.93,101165.28,2025-09,13576.88,1767.06,2025-09,53.36,,6.11,2,2025-03,0.58,16.98,18.32,"MANKIND,"
Lupin Ltd.,LUPIN,Pharmaceuticals & Drugs,90050.66,NSE,1971.80,0.83,2,2025-09,5778.46,92788.9,2025-09,24750.69,4347.53,2025-09,20.82,0.44,4.59,2,2025-03,0.3,21.13,21.97,"LUPIN,"
Fortis Healthcare Ltd.,FORTIS,Hospital & Healthcare Services,77032.15,NSE,1020.00,1.00,2,2025-03,2195.31,78719.48,2025-06,8090.57,888.33,2025-06,88.69,1.01,8.39,2,2025-03,0.25,9.77,12.14,"FORTIS,"
Alkem Laboratories Ltd.,ALKEM,Pharmaceuticals & Drugs,67844.77,NSE,5668.50,0.44,2,2025-03,1062.79,67344.48,2025-06,13303.84,2334.08,2025-06,29.7,2.13,5.38,2,2025-03,0.09,19.93,21.56,"ALKEM,"
Aurobindo Pharma Ltd.,AUROPHARMA,Pharmaceuticals & Drugs,65221.12,NSE,1123.80,-1.47,2,2025-09,7478.88,63808.61,2025-09,32514.48,3447.75,2025-09,19.06,4.76,1.86,2,2025-03,0.24,11.15,14.39,"AUROPHARMA,"
Abbott India Ltd.,ABBOTINDIA,Pharmaceuticals & Drugs,61200.22,NSE,28785.00,-2.27,1,2025-09,,59920.97,2025-09,6714.37,1508.95,2025-09,40.56,2.14,15.26,1,2025-03,0,35.98,47.87,"ABBOTINDIA,"
Laurus Labs Ltd.,LAURUSLABS,Pharmaceuticals & Drugs,53037.8,NSE,982.15,0.24,2,2025-09,2149.35,55123.77,2025-09,6358.39,679.31,2025-09,77.55,11.05,11.04,2,2025-03,0.61,8.3,10.16,"LAURUSLABS,"
Glenmark Pharmaceuticals Ltd.,GLENMARK,Pharmaceuticals & Drugs,51220.86,NSE,1811.50,0.06,2,2025-03,2194.2,51709.82,2025-06,13341.99,753.87,2025-06,67.96,5.67,5.76,2,2025-03,0.25,12.56,16.16,"GLENMARK,"
Biocon Ltd.,BIOCON,Pharmaceuticals & Drugs,50824.67,NSE,380.40,-1.25,2,2025-03,17755.5,64459.97,2025-06,15770.7,656.8,2025-06,132.01,21.54,1.97,2,2025-03,0.84,7.03,7.43,"BIOCON,"
Glaxosmithkline Pharmaceuticals Ltd.,GLAXO,Pharmaceuticals & Drugs,43885.48,NSE,2587.90,-0.68,2,2025-09,,43137.65,2025-09,3708.9,955.25,2025-09,45.94,1.27,25.7,2,2025-03,0,49.43,67.64,"GLAXO,"
Anthem Biosciences Ltd.,ANTHEM,Pharmaceuticals & Drugs,39144.22,NSE,696.55,-0.01,2,2025-09,106.42,38678.44,,,,2025-03,86.74,,6.61,2,2025-03,0.05,20.99,28.55,"ANTHEM,"
Narayana Hrudayalaya Ltd.,NH,Hospital & Healthcare Services,36999.52,NSE,1810.40,-0.52,2,2025-03,2213.35,38566.13,2025-06,5749.39,784.58,2025-06,47.11,1.06,9.68,2,2025-03,0.61,24.27,21.62,"NH,"
Aster DM Healthcare Ltd.,ASTERDM,Hospital & Healthcare Services,35926.51,NSE,692.90,0.82,2,2025-09,639.48,35291.77,2025-09,4325.23,398.12,2025-09,108.43,1.37,7.93,2,2025-03,0.19,9.32,11.46,"ASTERDM,"
Global Health Ltd.,MEDANTA,Hospital & Healthcare Services,33637.77,NSE,1251.80,-2.26,2,2025-09,526.73,32944.34,2025-09,4004.74,561.62,2025-09,59.88,,9.07,2,2025-03,0.1,15.31,20.5,"MEDANTA,"
Ipca Laboratories Ltd.,IPCALAB,Pharmaceuticals & Drugs,33533.36,NSE,1318.30,1.03,2,2025-03,1301.7,34490.83,2025-06,9155.81,822.97,2025-06,43.07,5.56,4.67,2,2025-03,0.19,11.86,15.27,"IPCALAB,"
Ajanta Pharma Ltd.,AJANTPHARM,Pharmaceuticals & Drugs,31554.99,NSE,2524.20,-1.74,2,2025-09,201.72,31665.61,2025-09,4972.92,973.67,2025-09,32.41,2.26,7.31,2,2025-03,0,25.06,32.87,"AJANTPHARM,"
Gland Pharma Ltd.,GLAND,Pharmaceuticals & Drugs,30657.05,NSE,1863.00,-1.88,2,2025-09,255.54,28208.67,2025-09,5801.46,790.4,2025-09,38.79,-19.39,3.21,2,2025-03,0.03,7.82,11.97,"GLAND,"
Krishna Institute of Medical Sciences Ltd,KIMS,Hospital & Healthcare Services,29124.11,NSE,728.10,1.08,2,2025-09,2510.8,31534.91,2025-09,3401.6,355.6,2025-09,86.68,,12.83,2,2025-03,0.89,20.92,19.04,"KIMS,"
Cohance Lifesciences Ltd.,COHANCE,Pharmaceuticals & Drugs,27066.63,NSE,707.60,-2.24,2,2025-03,78.13,27056.09,2025-06,1516.2,250.4,2025-06,105.74,-31.94,15.57,2,2025-03,0.05,14.2,18.44,"COHANCE,"
JB Chemicals & Pharmaceuticals Ltd.,JBCHEPHARM,Pharmaceuticals & Drugs,26647.2,NSE,1702.90,0.66,2,2025-03,13.8,26531.55,2025-06,4007.53,685.13,2025-06,38.89,2.08,7.68,2,2025-03,0,21.81,26.73,"JBCHEPHARM,"
Piramal Pharma Ltd.,PPLPHARMA,Pharmaceuticals & Drugs,26452.04,NSE,199.15,-0.09,2,2025-09,4715.44,30645.9,2025-09,8935.72,-90.37,2025-09,0,,3.27,2,2025-03,0.59,1.14,6.61,"PPLPHARMA,"
Dr. Lal Pathlabs Ltd.,LALPATHLAB,Hospital & Healthcare Services,25956.59,NSE,3096.70,-0.36,2,2025-09,,25140.39,2025-09,2599.7,539.8,2025-09,48.56,2.92,10.87,2,2025-03,0,25.15,31.53,"LALPATHLAB,"
Emcure Pharmaceuticals Ltd.,EMCURE,Pharmaceuticals & Drugs,25802.62,NSE,1362.40,0.25,2,2025-03,730.7,26368.02,2025-06,8181.4,769.67,2025-06,34.67,,5.55,2,2025-03,0.16,19.19,22.49,"EMCURE,"
Syngene International Ltd.,SYNGENE,Pharmaceuticals & Drugs,24843.23,NSE,616.30,-0.69,2,2025-09,124.4,24387.63,2025-09,3746.8,468.2,2025-09,53.06,9.07,5.25,2,2025-03,0.03,11.23,15.42,"SYNGENE,"
Pfizer Ltd.,PFIZER,Pharmaceuticals & Drugs,23203.71,NSE,5075.00,0.15,1,2025-03,2.5,20405.23,2025-06,2321.54,808.64,2025-06,28.69,6.27,5.26,1,2025-03,0,19.65,26.21,"PFIZER,"
Neuland Laboratories Ltd.,NEULANDLAB,Pharmaceuticals & Drugs,22864.79,NSE,17837.00,1.64,2,2025-09,160.19,22968.41,2025-09,1533.42,240.15,2025-09,95.21,1.45,14.12,2,2025-03,0.09,18.54,23.45,"NEULANDLAB,"
Astrazeneca Pharma India Ltd.,ASTRAZEN,Pharmaceuticals & Drugs,22696.75,NSE,9077.50,-1.14,1,2025-09,,22296.81,2025-09,2006.17,199.15,2025-09,113.97,5.42,28.41,1,2025-03,0,15.73,21.29,"ASTRAZEN,"
Wockhardt Ltd.,WOCKPHARMA,Pharmaceuticals & Drugs,21756.08,NSE,1337.70,-1.15,2,2025-09,2323,23845.08,2025-09,2984,-51,2025-09,0,0,4.76,2,2025-03,0.43,-1.48,4.07,"WOCKPHARMA,"
Eris Lifesciences Ltd.,ERIS,Pharmaceuticals & Drugs,21652.51,NSE,1594.20,0.56,2,2025-03,2421.66,23851.34,2025-06,2946.92,409.78,2025-06,55.94,16.08,7.29,2,2025-03,0.85,13.81,13.59,"ERIS,"
Onesource Specialty Pharma Ltd.,ONESOURCE,Pharmaceuticals & Drugs,20333.38,NSE,1777.60,-0.90,2,2025-03,771.59,20804.07,2025-06,1213.77,-8.93,2025-06,0,,3.47,2,2025-03,0.13,-0.55,2.61,"ONESOURCE,"
Poly Medicure Ltd.,POLYMED,Medical Equipment/Supplies/Accessories,19190.39,NSE,1893.80,-0.16,2,2025-09,236.18,19243.27,2025-09,1712.13,355.66,2025-09,53.01,1.85,6.72,2,2025-03,0.06,16.01,20.37,"POLYMED,"
Sai Life Sciences Ltd.,SAILIFE,Pharmaceuticals & Drugs,18379.52,NSE,875.45,-5.08,2,2025-09,215.48,18288.77,2025-09,2053.17,286.42,2025-09,64.17,,8.1,2,2025-03,0.06,11.02,15.53,"SAILIFE,"
Alembic Pharmaceuticals Ltd.,APLLTD,Pharmaceuticals & Drugs,18116.24,NSE,921.95,0.72,2,2025-09,1413.97,19387.18,2025-09,7083.26,631,2025-09,28.56,-3.62,3.41,2,2025-03,0.23,11.63,13.51,"APLLTD,"
Jubilant Pharmova Ltd.,JUBLPHARMA,Pharmaceuticals & Drugs,17883.29,NSE,1127.20,-2.90,2,2025-09,2598.7,19858.79,2025-09,7617.6,475,2025-09,37.44,-3.61,2.71,2,2025-03,0.39,14.35,13.92,"JUBLPHARMA,"
Dr. Agarwal's Health Care Ltd.,AGARWALEYE,Hospital & Healthcare Services,15972.95,NSE,503.75,-0.05,2,2025-09,179.81,15963.56,2025-09,1877.05,145.34,2025-09,139.32,,8.27,2,2025-03,0.13,6.92,14.32,"AGARWALEYE,"
Caplin Point Laboratories Ltd.,CAPLIPOINT,Pharmaceuticals & Drugs,14683.18,NSE,1932.50,-3.59,2,2025-09,0.49,14036.58,2025-09,2039.67,596.22,2025-09,24.94,1.24,4.65,2,2025-03,0,21.72,26.22,"CAPLIPOINT,"
Concord Biotech Ltd.,CONCORDBIO,Pharmaceuticals & Drugs,14642.61,NSE,1394.90,-1.17,2,2025-03,0.38,14641.8,2025-06,1188.27,357.29,2025-06,41.12,,7.89,2,2025-03,0,22.26,29.62,"CONCORDBIO,"
Acutaas Chemicals Ltd.,ACUTAAS,Pharmaceuticals & Drugs,14474,NSE,1765.00,-0.28,2,2025-09,0.2,14233.56,2025-09,1096.9,224.03,2025-09,64.62,,10.24,2,2025-03,0.01,16.19,20.14,"ACUTAAS,"
Natco Pharma Ltd.,NATCOPHARM,Pharmaceuticals & Drugs,14386.1,NSE,802.50,0.25,2,2025-03,273.1,12483.2,2025-06,4395.8,1695.2,2025-06,8.47,0.26,1.78,2,2025-03,0.04,27.98,32.85,"NATCOPHARM,"
Rainbow Children's Medicare Ltd.,RAINBOW,Hospital & Healthcare Services,13956.77,NSE,1373.50,0.72,2,2025-03,0,13936.49,2025-06,1538.58,258.3,2025-06,54.22,,9.18,2,2025-03,0,17.99,29.83,"RAINBOW,"
Granules India Ltd.,GRANULES,Pharmaceuticals & Drugs,13464.47,NSE,554.65,0.43,2,2025-03,1285.79,14153.88,2025-06,4511.85,479.5,2025-06,28.08,3.23,3.53,2,2025-03,0.35,14.52,16.16,"GRANULES,"
Alivus Life Sciences Ltd.,ALIVUS,Pharmaceuticals & Drugs,11213.69,NSE,915.05,2.76,1,2025-09,,11194.51,2025-09,2481.22,530.39,2025-09,21.14,,3.72,1,2025-03,0,18.94,25.5,"ALIVUS,"
Sanofi Consumer Healthcare India Ltd.,SANOFICONR,Pharmaceuticals & Drugs,10695.54,NSE,4642.60,-1.58,1,2025-06,,10478.64,2025-06,724.1,200,2025-06,53.48,,41.61,1,2024-12,0,79.28,104.33,"SANOFICONR,"
Sanofi India Ltd.,SANOFI,Pharmaceuticals & Drugs,10687.94,NSE,4636.80,-2.31,1,2025-06,,10375.34,2025-09,1932.5,356.3,2025-09,30,,12.45,2,2024-12,0,36.1,46.16,"SANOFI,"
Healthcare Global Enterprises Ltd.,HCG,Hospital & Healthcare Services,10661.02,NSE,759.60,0.57,2,2025-03,1002.23,11315.55,2025-06,2310.43,39.72,2025-06,287.51,14.9,11.75,2,2025-03,1.11,5.72,12.36,"HCG,"
Vijaya Diagnostic Centre Ltd.,VIJAYA,Hospital & Healthcare Services,10513.9,NSE,1023.60,0.55,2,2025-09,,10484.61,2025-09,731.84,152.04,2025-09,69.44,,12.15,2,2025-03,0,19.84,30.27,"VIJAYA,"
Blue Jet Healthcare Ltd.,BLUEJET,Pharmaceuticals & Drugs,10399.25,NSE,598.15,6.50,1,2025-09,,10198.32,2025-09,1179.07,352.38,2025-09,29.51,,8.28,1,2025-03,0,30.85,41.06,"BLUEJET,"
Jupiter Life Line Hospitals Ltd.,JLHL,Hospital & Healthcare Services,10189.29,NSE,1551.90,-0.11,2,2025-09,323.37,10483.08,2025-09,1388.63,198.74,2025-09,51.32,,7.02,2,2025-03,0.24,15.32,18.82,"JLHL,"
Metropolis Healthcare Ltd.,METROPOLIS,Hospital & Healthcare Services,10146.23,NSE,1963.90,-2.09,2,2025-09,20.71,10106.85,2025-09,1483.31,158.84,2025-09,64.12,-493.25,7.08,2,2025-03,0.01,12.07,17.59,"METROPOLIS,"
Procter & Gamble Health Ltd.,PGHL,Pharmaceuticals & Drugs,9685.24,NSE,5839.00,-2.63,1,2025-09,,9399.07,2025-09,1284.42,306.8,2025-09,31.57,-1.33,15.63,1,2025-03,0,44.15,58.04,"PGHL,"
Strides Pharma Science Ltd.,STAR,Pharmaceuticals & Drugs,8728.3,NSE,948.20,-1.17,2,2025-09,1748.84,10334.29,2025-09,4684.63,409.64,2025-09,21.97,0.22,3.17,2,2025-03,0.7,17.52,16.56,"STAR,"
Marksans Pharma Ltd.,MARKSANS,Pharmaceuticals & Drugs,8281.57,NSE,182.95,-0.88,2,2025-03,23.09,7600.44,2025-06,2652.22,351.76,2025-06,23.65,0.92,3.28,2,2025-03,0.01,16.89,22.5,"MARKSANS,"
Aarti Pharmalabs Ltd.,AARTIPHARM,Pharmaceuticals & Drugs,7832.38,NSE,864.95,2.49,2,2025-03,396.35,8220.09,2025-06,1945.77,268.25,2025-06,29.4,,3.84,2,2025-03,0.2,14.55,17.59,"AARTIPHARM,"
Yatharth Hospital & Trauma Care Services Ltd.,YATHARTH,Hospital & Healthcare Services,7554.66,NSE,783.70,-1.29,2,2025-03,4.1,7118.19,2025-06,926.48,142.21,2025-06,53.13,,4.59,2,2025-03,0,10.53,14.35,"YATHARTH,"
Thyrocare Technologies Ltd.,THYROCARE,Hospital & Healthcare Services,7391.2,NSE,1391.10,5.05,2,2025-09,,7320.4,2025-09,762.64,126.88,2025-09,57.87,-263.03,13.83,2,2025-03,0,17.04,27.25,"THYROCARE,"
Shilpa Medicare Ltd.,SHILPAMED,Pharmaceuticals & Drugs,7185.68,NSE,368.55,-0.04,2,2025-03,586.36,7743.51,2025-06,1315.38,109.6,2025-06,64.67,-7.03,2.96,2,2025-03,0.25,3.75,6.94,"SHILPAMED,"
Akums Drugs & Pharmaceuticals Ltd.,AKUMS,Pharmaceuticals & Drugs,7152.77,NSE,453.35,-1.52,2,2025-03,13.65,6589.97,2025-06,4123.08,347.25,2025-06,20.95,,2.3,2,2025-03,0,18.3,17.83,"AKUMS,"
FDC Ltd.,FDC,Pharmaceuticals & Drugs,6934.9,NSE,426.05,1.04,2,2025-09,,6898.44,2025-09,2077.44,225.43,2025-09,30.76,14.31,2.85,2,2025-03,0,12.19,16.52,"FDC,"
Kovai Medical Center & Hospital Ltd.,KOVAI,Hospital & Healthcare Services,6773.59,BSE,6280.00,1.18,1,2025-09,366.5,6831.93,2025-09,1477.94,228.59,2025-09,29.63,1.72,5.69,1,2025-03,0.35,21.16,23.86,"KOVAI,"
Supriya Lifescience Ltd.,SUPRIYA,Pharmaceuticals & Drugs,6347.68,NSE,788.85,1.23,1,2025-03,0,6268.52,2025-06,680.93,178.1,2025-06,35.64,,6.15,1,2025-03,0,20.74,27.63,"SUPRIYA,"
Indraprastha Medical Corporation Ltd.,INDRAMEDCO,Hospital & Healthcare Services,5680.52,NSE,619.90,-0.47,1,2025-09,,5257.59,2025-09,1404.77,174.74,2025-09,32.51,1.09,8.63,1,2025-03,0,29.97,41.43,"INDRAMEDCO,"
Sequent Scientific Ltd.,SEQUENT,Pharmaceuticals & Drugs,5392.76,NSE,214.79,-0.76,2,2025-03,446.38,5770.06,2025-06,1602.58,40.77,2025-06,181.7,-9.95,8.62,2,2025-03,0.73,5.44,9.3,"SEQUENT,"
Gujarat Themis Biosyn Ltd.,GUJTHEM,Pharmaceuticals & Drugs,4906.16,NSE,450.20,0.18,1,2025-03,29.89,4923.5,2025-06,147.84,44.6,2025-06,110.01,7.07,19.06,1,2025-03,0.12,21.69,27.48,"GUJTHEM,"
Zota Health Care Ltd.,ZOTA,Pharmaceuticals & Drugs,4719.16,NSE,1535.20,0.44,2,2025-09,6.68,4719.52,2025-09,401.93,-61.8,2025-09,0,,14.72,2,2025-03,0.03,-36.18,-28.07,"ZOTA,"
Aarti Drugs Ltd.,AARTIDRUGS,Pharmaceuticals & Drugs,4482.73,NSE,491.45,0.52,2,2025-09,571.17,5044.33,2025-09,2476.66,198.99,2025-09,22.52,5.59,3.05,2,2025-03,0.45,12.68,13.11,"AARTIDRUGS,"
Innova Captab Ltd.,INNOVACAP,Pharmaceuticals & Drugs,4393.44,NSE,767.50,-4.41,2,2025-09,335.45,4670.46,2025-09,1363.13,124.46,2025-09,35.3,,4.3,2,2025-03,0.35,14.33,14.65,"INNOVACAP,"
Sun Pharma Advanced Research Company Ltd.,SPARC,Pharmaceuticals & Drugs,4325.87,NSE,133.35,-0.91,2,2025-03,258.19,4582.09,2025-06,64.6,-298.48,2025-06,0,,-16.09,2,2025-03,-1.19,0,-311.92,"SPARC,"
Suven Life Sciences Ltd.,SUVEN,Pharmaceuticals & Drugs,4311.77,NSE,189.68,-1.63,2,2025-03,0,4274.05,2025-06,7.52,-184.22,2025-06,0,0,23.91,2,2025-03,0,-84.88,-84.51,"SUVEN,"
Orchid Pharma Ltd.,ORCHPHARMA,Pharmaceuticals & Drugs,4260.66,NSE,841.55,1.42,2,2025-03,174.24,4255.27,2025-06,850.45,81.2,2025-06,50,2.22,3.33,2,2025-03,0.14,7.86,8.05,"ORCHPHARMA,"
RPG Life Sciences Ltd.,RPGLIFE,Pharmaceuticals & Drugs,3961.59,NSE,2400.40,-2.04,1,2025-09,,3829.79,2025-09,666.4,215.42,2025-09,18.39,0.64,7.15,1,2025-03,0,40.48,51.79,"RPGLIFE,"
Dishman Carbogen Amcis Ltd.,DCAL,Pharmaceuticals & Drugs,3910.95,NSE,248.85,-7.09,2,2025-09,2244.27,5539.51,2025-09,2759.38,136.4,2025-09,28.67,-0.6,0.61,2,2025-03,0.36,0.06,2.31,"DCAL,"
Senores Pharmaceuticals Ltd.,SENORES,Pharmaceuticals & Drugs,3786.99,NSE,822.95,2.25,2,2025-09,231.82,3816.23,2025-09,516.98,85.7,2025-09,43.47,,4.65,2,2025-03,0.39,11.78,11.94,"SENORES,"
Advanced Enzyme Technologies Ltd.,ADVENZYMES,Pharmaceuticals & Drugs,3473.09,NSE,310.40,-0.19,2,2025-03,21.54,3386.94,2025-06,668.3,139.44,2025-06,25.37,90.61,2.38,2,2025-03,0.02,9.79,13.76,"ADVENZYMES,"
Artemis Medicare Services Ltd.,ARTEMISMED,Hospital & Healthcare Services,3405.77,NSE,244.94,0.69,2,2025-03,245.82,3256.05,2025-06,968.67,86.85,2025-06,39.04,1.18,4.33,2,2025-03,0.32,14.43,16.93,"ARTEMISMED,"
Gufic Biosciences Ltd.,GUFICBIO,Pharmaceuticals & Drugs,3357.46,NSE,334.05,1.80,2,2025-03,310.37,3638.81,2025-06,840.72,61.86,2025-06,54.27,,5.47,2,2025-03,0.52,12.29,13.48,"GUFICBIO,"
Unichem Laboratories Ltd.,UNICHEMLAB,Pharmaceuticals & Drugs,3242.54,NSE,460.10,-2.12,2,2025-03,429.97,3554.88,2025-06,2109.03,130.84,2025-06,24.78,0.73,1.33,2,2025-03,0.18,5.64,6.34,"UNICHEMLAB,"
Vimta Labs Ltd.,VIMTALABS,Hospital & Healthcare Services,2921.66,NSE,657.80,5.77,1,2025-09,6.8,2873.91,2025-09,382.37,74.17,2025-09,39.39,,7.02,2,2024-03,0.06,13.94,17.81,"VIMTALABS,"
Hikal Ltd.,HIKAL,Pharmaceuticals & Drugs,2868.59,NSE,231.87,-1.61,2,2025-03,762.1,3612.69,2025-06,1833.4,63.3,2025-06,45.32,-53.95,2.31,2,2025-03,0.6,7.41,9.88,"HIKAL,"
Solara Active Pharma Sciences Ltd.,SOLARA,Pharmaceuticals & Drugs,2721.61,NSE,565.05,0.42,2,2025-09,623.35,3341.09,2025-09,1206.01,6.41,2025-09,424.59,-6.46,2.16,2,2025-03,0.71,0.05,6.07,"SOLARA,"
SMS Pharmaceuticals Ltd.,SMSPHARMA,Pharmaceuticals & Drugs,2704.67,NSE,289.25,1.62,2,2025-09,324.3,2929.29,2025-09,860.03,81.01,2025-09,32.06,1.89,3.83,2,2025-03,0.5,11.91,12.55,"SMSPHARMA,"
IOL Chemicals And Pharmaceuticals Ltd.,IOLCP,Pharmaceuticals & Drugs,2659.95,NSE,90.66,0.08,2,2025-03,117.04,2568.84,2025-06,2128.52,105.03,2025-06,25.33,,1.55,2,2025-03,0.07,6.13,8.86,"IOLCP,"
Morepen Laboratories Ltd.,MOREPENLAB,Pharmaceuticals & Drugs,2577.03,NSE,46.97,-1.05,2,2025-03,79.39,2607.06,2025-06,1781.6,93.25,2025-06,27.83,0.97,2.21,2,2025-03,0.07,11.78,15.48,"MOREPENLAB,"
Alembic Ltd.,ALEMBICLTD,Pharmaceuticals & Drugs,2560.89,NSE,99.61,-0.18,2,2025-03,14.45,2570.96,2025-06,220.85,144.95,2025-06,8.09,-7.04,1.09,2,2025-03,0.01,6.39,6.95,"ALEMBICLTD,"
Shalby Ltd.,SHALBY,Hospital & Healthcare Services,2544.17,NSE,235.51,1.28,2,2025-03,426.72,2936.03,2025-06,1104.49,-5.14,2025-06,0,0,2.55,2,2025-03,0.43,0.19,7.07,"SHALBY,"
Panacea Biotec Ltd.,PANACEABIO,Pharmaceuticals & Drugs,2538.23,NSE,414.60,1.12,2,2025-03,22.21,2453.47,2025-06,610.07,11.12,2025-06,221.1,19.08,3.03,2,2025-03,0.03,-1.04,-0.47,"PANACEABIO,"
Dr Agarwals Eye Hospital Ltd.,DRAGARWQ,Hospital & Healthcare Services,2519.43,BSE,5206.00,-0.34,1,2025-09,89.17,2600.71,2025-09,429.58,62.97,2025-09,40.01,1.25,8.01,1,2025-03,0.46,29.8,33.26,"DRAGARWQ,"
Indoco Remedies Ltd.,INDOCO,Pharmaceuticals & Drugs,2403.52,NSE,260.95,-1.32,2,2025-09,937.98,3322.18,2025-09,1723.32,-115.3,2025-09,0,,2.45,2,2025-03,0.96,-7.34,-0.43,"INDOCO,"
Krsnaa Diagnostics Ltd.,KRSNAA,Hospital & Healthcare Services,2344.34,NSE,724.30,-3.86,2,2025-09,238.48,2452.89,2025-09,759.56,84.54,2025-09,27.72,,2.54,2,2025-03,0.23,9.22,12.39,"KRSNAA,"
Novartis India Ltd.,NOVARTIND,Pharmaceuticals & Drugs,2052.79,BSE,830.70,-1.17,1,2025-09,,1435.49,2025-09,354.76,106.59,2025-09,19.26,0.33,2.65,1,2025-03,0,13.19,17.15,"NOVARTIND,"
Amrutanjan Health Care Ltd.,AMRUTANJAN,Pharmaceuticals & Drugs,2046.44,NSE,707.50,-0.08,1,2025-03,0,1963.28,2025-06,462.13,54.53,2025-06,37.53,2.47,6.12,1,2025-03,0,16.53,22.58,"AMRUTANJAN,"
Windlas Biotech Ltd.,WINDLAS,Pharmaceuticals & Drugs,1829.08,NSE,869.85,-5.74,2,2025-09,25.89,1839.95,2025-09,830.21,67.32,2025-09,27.17,,3.42,2,2025-03,0.05,12.9,17.12,"WINDLAS,"
Shukra Pharmaceuticals Ltd.,SHUKRAPHAR,Pharmaceuticals & Drugs,1793.99,BSE,40.97,1.99,1,2025-03,4.18,1786.05,2025-06,34.8,10.12,2025-06,177.29,0.67,28.09,1,2025-03,0.07,15.9,21.8,"SHUKRAPHAR,"
Laxmi Dental Ltd.,LAXMIDENTL,Medical Equipment/Supplies/Accessories,1715.64,NSE,311.80,0.05,2,2025-03,11.37,1617.65,2025-03,239.11,25.38,2025-03,54,,8.03,2,2025-03,0.06,21.4,24.96,"LAXMIDENTL,"
Beta Drugs Ltd.,BETA,Pharmaceuticals & Drugs,1685.99,NSE,1670.20,-4.01,1,2025-09,133.4,1702.97,2025-03,220.2,15.43,2025-03,109.26,2.93,13.07,2,2024-03,0.09,26.03,32.74,"BETA,"
Suraksha Diagnostic Ltd.,SURAKSHA,Hospital & Healthcare Services,1663.46,NSE,319.65,-1.59,2,2025-03,5.83,1649.18,2025-06,263.95,32.49,2025-06,49.98,,7.55,2,2025-03,0.03,15.93,24.92,"SURAKSHA,"
Syncom Formulations (India) Ltd.,SYNCOMF,Pharmaceuticals & Drugs,1510.58,NSE,16.07,-0.12,2,2025-03,4.58,1514.45,2025-06,495.62,57.56,2025-06,26.24,,4.22,2,2025-03,0.01,15.69,18.77,"SYNCOMF,"
Jagsonpal Pharmaceuticals Ltd.,JAGSNPHARM,Pharmaceuticals & Drugs,1441.92,NSE,216.04,-0.29,1,2025-09,,1282.68,2025-09,282.66,61.94,2025-09,23.28,0.61,5.7,1,2025-03,0,28.51,33.14,"JAGSNPHARM,"
Bajaj Healthcare Ltd.,BAJAJHCARE,Pharmaceuticals & Drugs,1397.56,NSE,442.80,-0.82,1,2025-09,221.23,1604.78,2025-09,574.02,51.18,2025-09,27.31,2.91,2.87,1,2025-03,0.5,11.81,11.4,"BAJAJHCARE,"
Hester Biosciences Ltd.,HESTERBIO,Pharmaceuticals & Drugs,1359.4,NSE,1601.80,0.65,2,2025-03,207.78,1559.95,2025-06,312.94,34.35,2025-06,36.16,-30.64,4.11,2,2025-03,0.66,9.51,9.93,"HESTERBIO,"
Bliss GVS Pharma Ltd.,BLISSGVS,Pharmaceuticals & Drugs,1354.31,NSE,127.90,-15.84,2,2025-09,35.99,1194.68,2025-09,860.27,115.4,2025-09,12.35,-2.64,1.2,2,2025-03,0.07,9.01,12.29,"BLISSGVS,"
GPT Healthcare Ltd.,GPTHEALTH,Hospital & Healthcare Services,1209.08,NSE,147.79,1.63,1,2025-09,20.27,1227.48,2025-09,429.63,43.42,2025-09,27.85,,4.73,1,2025-03,0.05,21.41,29.6,"GPTHEALTH,"
Osel Devices Ltd.,OSELDEVICE,Medical Equipment/Supplies/Accessories,1200.05,NSE,678.20,0.99,1,2025-03,49.58,1240.88,2025-03,186.47,20.05,2025-03,59.84,,7.45,1,2025-03,0.46,30.09,31.15,"OSELDEVICE,"
KMC Speciality Hospitals (India) Ltd.,KMCSHIL,Hospital & Healthcare Services,1132.79,BSE,69.20,0.01,1,2025-03,81.93,1205.37,2025-06,245.08,23.45,2025-06,48.3,3.78,6.59,1,2025-03,0.5,13.92,18.01,"KMCSHIL,"
Themis Medicare Ltd.,THEMISMED,Pharmaceuticals & Drugs,1066.74,NSE,116.15,-1.82,2,2025-03,82.99,1136.9,2025-06,380.1,-8.89,2025-06,0,0,2.75,2,2025-03,0.21,7.65,10.37,"THEMISMED,"
Lincoln Pharmaceuticals Ltd.,LINCOLN,Pharmaceuticals & Drugs,1052.66,NSE,522.35,-0.14,2,2025-03,0,1030.23,2025-06,630.02,86.35,2025-06,12.19,1.24,1.51,2,2025-03,0,13.02,17.55,"LINCOLN,"
Remus Pharmaceuticals Ltd.,REMUS,Pharmaceuticals & Drugs,950.03,NSE,806.20,-0.61,1,2025-03,20.81,962.7,2025-03,79.16,19.9,2025-03,47.74,,3.83,2,2025-03,0.08,18.58,21.89,"REMUS,"
NGL Fine-Chem Ltd.,NGLFINE,Pharmaceuticals & Drugs,911.23,NSE,1485.50,1.11,2,2025-03,77.1,982.46,2025-06,381.74,20.87,2025-06,43.65,2.14,3.12,2,2025-03,0.27,7.75,9.44,"NGLFINE,"
Kwality Pharmaceuticals Ltd.,KPL,Pharmaceuticals & Drugs,891.63,BSE,859.30,-1.13,2,2025-03,112.45,989.32,2025-06,401.6,43.38,2025-06,20.54,0.56,3.24,2,2025-03,0.43,16.36,18.36,"KPL,"
Anuh Pharma Ltd.,ANUHPHR,Pharmaceuticals & Drugs,861.83,NSE,85.92,-0.29,1,2025-09,,859.67,2025-09,730.02,38.71,2025-09,22.26,0.82,2.64,1,2025-03,0.03,15.34,19.77,"ANUHPHR,"
Wanbury Ltd.,WANBURY,Pharmaceuticals & Drugs,861.11,NSE,247.30,-2.46,2,2025-03,173.23,1021.51,2025-06,629.83,42.99,2025-06,20.03,0.67,9.67,2,2025-03,3.37,84.21,35.97,"WANBURY,"
Sakar Healthcare Ltd.,SAKAR,Pharmaceuticals & Drugs,835.04,NSE,375.30,-3.79,2,2025-09,71.86,906.69,2025-09,203.96,19.51,2025-09,42.81,,2.79,2,2025-03,0.31,6.48,8.43,"SAKAR,"
Bharat Parenterals Ltd.,BPLPHARMA,Pharmaceuticals & Drugs,823.59,BSE,1195.00,-0.42,2,2025-03,180.2,946.2,2025-06,363.87,-35.7,2025-06,0,,2.5,2,2025-03,0.55,-16.55,-4.85,"BPLPHARMA,"
Ind-Swift Laboratories Ltd.,INDSWFTLAB,Pharmaceuticals & Drugs,821.42,NSE,100.60,-0.47,2,2025-03,32.74,426.12,2025-06,311.59,231.31,2025-06,3.55,0.12,0.65,2,2025-03,0.03,24.68,24.24,"INDSWFTLAB,"
Fermenta Biotech Ltd.,FERMENTA,Pharmaceuticals & Drugs,819.95,BSE,281.00,1.70,2,2025-03,109.4,857.65,2025-06,527.61,103.94,2025-06,7.85,1.5,2.13,2,2025-03,0.3,23.93,21.97,"FERMENTA,"
Chandan Healthcare Ltd.,CHANDAN,Hospital & Healthcare Services,806.67,NSE,329.90,1.17,1,2025-03,48.16,848.63,2025-03,129.16,20.78,2025-03,38.82,,6.68,2,2025-03,0.39,28.72,29.57,"CHANDAN,"
Kopran Ltd.,KOPRAN,Pharmaceuticals & Drugs,762.67,NSE,158.46,-1.22,2,2025-03,147.79,884.59,2025-06,625.38,34.91,2025-06,21.85,1.75,1.45,2,2025-03,0.29,7.66,9.75,"KOPRAN,"
Anlon Healthcare Ltd.,AHCL,Pharmaceuticals & Drugs,737.74,NSE,139.16,-0.38,1,2025-03,66.55,802.85,,,,2025-03,35.96,,3.66,1,2025-03,0.83,40.45,24.83,"AHCL,"
Fredun Pharmaceuticals Ltd.,FREDUN,Pharmaceuticals & Drugs,732.47,BSE,1564.00,1.01,2,2025-03,167.15,894.39,2025-03,456.27,19.74,2025-03,37.11,,4.94,2,2025-03,1.18,13.96,16.16,"FREDUN,"
Sudarshan Pharma Industries Ltd.,SUDARSHAN,Pharmaceuticals & Drugs,688.53,BSE,28.00,-0.64,2,2025-09,215.49,903.16,2025-03,505.05,15.95,2025-03,43.15,,4.92,2,2025-03,1.34,13.33,14.42,"SUDARSHAN,"
Accent Microcell Ltd.,ACCENTMIC,Pharmaceuticals & Drugs,674.81,NSE,281.30,0.21,1,2025-09,1.15,632.36,2025-03,264.58,33.06,2025-03,20.41,,2.88,1,2025-03,0.01,18.44,23.66,"ACCENTMIC,"
Kilitch Drugs (India) Ltd.,KILITCH,Pharmaceuticals & Drugs,665.14,NSE,379.50,0.66,2,2025-03,49.42,704.72,2025-06,208.01,26.7,2025-06,23.75,0.24,2.62,2,2025-03,0.24,13.2,17.31,"KILITCH,"
Kaya Ltd.,KAYA,Hospital & Healthcare Services,654.05,NSE,422.60,0.24,2,2025-03,144.07,790.73,2025-06,218.11,-47.46,2025-06,0,0,-8.31,2,2025-03,-1.03,0,0,"KAYA,"
Shree Ganesh Remedies Ltd.,SGRL,Pharmaceuticals & Drugs,627.89,BSE,489.10,-0.63,2,2025-09,37.39,650.32,2025-09,106.47,20.42,2025-09,30.76,1.8,4.09,2,2025-03,0.26,17.26,19.53,"SGRL,"
Prevest Denpro Ltd.,PREVEST,Medical Equipment/Supplies/Accessories,612.15,BSE,510.00,-0.87,2,2025-03,0,551.25,2025-06,65.44,18.89,2025-06,32.41,,5.57,2,2025-03,0,18.7,25.24,"PREVEST,"
Venus Remedies Ltd.,VENUSREM,Pharmaceuticals & Drugs,599.98,NSE,446.30,1.03,2,2025-03,1.69,521.57,2025-06,671.18,53.71,2025-06,11.17,0.1,1.05,2,2025-03,0,8.64,13.17,"VENUSREM,"
Medicamen Biotech Ltd.,MEDICAMEQ,Pharmaceuticals & Drugs,550.31,NSE,405.75,1.58,2,2025-03,33.77,580.33,2025-06,162.54,7.29,2025-06,57.93,-4.92,2.18,2,2025-03,0.16,3.23,5.77,"MEDICAMEQ,"
Jenburkt Pharmaceuticals Ltd.,JENBURPH,Pharmaceuticals & Drugs,525.49,BSE,1202.80,-1.15,1,2025-09,,515.84,2025-09,159.02,33,2025-09,15.92,0.96,2.87,1,2025-03,0.01,20.25,27.85,"JENBURPH,"
Albert David Ltd.,ALBERTDAVD,Pharmaceuticals & Drugs,488.9,NSE,857.15,-1.60,1,2025-03,10.05,497.26,2025-06,326.98,6.29,2025-06,77.7,-36.31,1.22,1,2025-03,0.03,4.44,6.54,"ALBERTDAVD,"
Kerala Ayurveda Ltd.,KERALAYUR,Pharmaceuticals & Drugs,479.49,BSE,400.95,-1.47,2,2025-03,65.97,542.08,2025-06,121.47,-12.39,2025-06,0,,28.41,2,2024-03,2.4,-5.44,6.75,"KERALAYUR,"
Amanta Healthcare Ltd.,AMANTA,Pharmaceuticals & Drugs,477.99,NSE,123.25,2.62,1,2025-03,195,669.51,,,,2025-03,45.52,,2.12,1,2025-03,2.02,12.91,15.16,"AMANTA,"
Valiant Laboratories Ltd.,VALIANTLAB,Pharmaceuticals & Drugs,456.23,NSE,84.01,3.51,2,2025-03,121.2,501.44,2025-06,161.32,0.13,2025-06,0,,1.44,2,2025-03,0.52,-0.93,-0.4,"VALIANTLAB,"
Influx Healthtech Ltd.,INFLUX,Pharmaceuticals & Drugs,446.57,NSE,192.90,-2.60,1,2025-03,0.22,444.88,,,,2025-03,33.41,,4.77,1,2025-03,0.01,45.37,60.15,"INFLUX,"
Bafna Pharmaceuticals Ltd.,BAFNAPH,Pharmaceuticals & Drugs,443.91,NSE,174.56,5.00,1,2025-03,28.2,468.68,2025-06,147.2,8.27,2025-06,53.7,1.35,5.03,1,2025-03,0.33,5.01,6.31,"BAFNAPH,"
Medico Remedies Ltd.,MEDICO,Pharmaceuticals & Drugs,414.51,NSE,49.83,-0.24,1,2025-03,13.83,427.24,2025-06,158.39,10.33,2025-06,40.12,0.91,6.45,1,2025-03,0.22,17.58,21.65,"MEDICO,"
Everest Organics Ltd.,EVERESTO,Pharmaceuticals & Drugs,397.74,BSE,410.05,3.16,1,2025-03,47.88,438.98,2025-06,180.85,6.2,2025-06,64.17,,5.57,1,2024-03,1.26,0.3,6.03,"EVERESTO,"
Hemant Surgical Industries Ltd.,HSIL,Medical Equipment/Supplies/Accessories,364.55,BSE,284.00,0.07,1,2025-03,31.03,386.04,2025-03,106.53,8.13,2025-03,44.83,,3.19,2,2025-03,0.49,12.73,13.58,"HSIL,"
Haleos Labs Ltd.,SMSLIFE,Pharmaceuticals & Drugs,356.75,NSE,1171.00,1.76,2,2025-03,84.01,439.25,2025-06,334.68,16.02,2025-06,20.66,1.42,1.78,2,2025-03,0.43,10.03,12.6,"SMSLIFE,"
Trident Lifeline Ltd.,TLL,Pharmaceuticals & Drugs,354.14,BSE,308.00,0.67,2,2025-03,54.03,405.71,2025-03,86.96,10.5,2025-03,30.15,,5.28,2,2025-03,0.87,18.78,19.17,"TLL,"
Gennex Laboratories Ltd.,GENNEX,Pharmaceuticals & Drugs,346.44,BSE,14.26,-0.35,2,2025-03,24.28,315.15,2025-06,147.89,18.52,2025-06,20.61,0.37,1.79,2,2025-03,0.13,10.49,12.49,"GENNEX,"
Zim Laboratories Ltd.,ZIMLAB,Pharmaceuticals & Drugs,346.02,NSE,71.03,0.30,2,2025-03,112.05,455.58,2025-06,368.96,9.39,2025-06,36.84,1.23,1.39,2,2025-03,0.45,4.97,8.29,"ZIMLAB,"
Lyka Labs Ltd.,LYKALABS,Pharmaceuticals & Drugs,334.84,NSE,94.07,0.50,2,2025-03,38,371.49,2025-06,141.41,7.64,2025-06,44.59,2.46,3.2,2,2025-03,0.37,9.76,10.06,"LYKALABS,"
Nectar Lifesciences Ltd.,NECLIFE,Pharmaceuticals & Drugs,328.54,NSE,14.68,4.78,2,2025-03,582.02,891.34,2025-06,1594.45,-179.88,2025-06,0,,0.37,2,2025-03,0.61,-11.23,-5.21,"NECLIFE,"
Earkart Ltd.,EARKART,Medical Equipment/Supplies/Accessories,326.66,BSE,237.00,-0.57,1,2025-03,4.96,331.25,,,,2025-03,49.19,,5.07,1,2025-03,0.25,40.63,44.39,"EARKART,"
Yash Optics & Lens Ltd.,YASHOPTICS,Medical Equipment/Supplies/Accessories,317,NSE,128.00,0.43,1,2025-03,14.6,299.93,2025-03,43.21,9.59,2025-03,33.06,,3.51,1,2025-03,0.16,15.95,17.76,"YASHOPTICS,"
Brooks Laboratories Ltd.,BROOKS,Pharmaceuticals & Drugs,314.16,NSE,106.11,0.86,2,2025-03,6.06,318.98,2025-06,108.07,5.64,2025-06,0,,3.12,2,2025-03,0.06,-12.18,-10.03,"BROOKS,"
Zenotech Laboratories Ltd.,ZENOTECH,Pharmaceuticals & Drugs,312.23,BSE,51.12,1.57,1,2025-09,,280.5,2025-09,44.25,3.08,2025-09,101.54,116.71,3.24,1,2025-03,0,6.01,11.46,"ZENOTECH,"
Vaidya Sane Ayurved Laboratories Ltd.,MADHAVBAUG,Hospital & Healthcare Services,294.38,NSE,280.00,6.10,1,2025-09,0.63,289.87,2025-03,87.11,4.9,2025-03,60.11,,7.08,2,2024-03,0.04,4.82,8.14,"MADHAVBAUG,"
Nureca Ltd.,NURECA,Medical Equipment/Supplies/Accessories,283.95,NSE,284.75,5.00,2,2025-09,2.98,285.74,2025-09,130.12,4.1,2025-09,69.14,-2.08,1.43,2,2025-03,0.01,0.44,1.31,"NURECA,"
Asarfi Hospital Ltd.,ASARFI,Hospital & Healthcare Services,281.39,BSE,143.00,-2.05,2,2025-06,46.81,326.53,2025-03,120.57,10.58,2025-03,26.61,,3.35,2,2025-03,0.6,13.97,15.86,"ASARFI,"
Aarey Drugs & Pharmaceuticals Ltd.,AAREYDRUGS,Pharmaceuticals & Drugs,276.48,NSE,97.26,-2.01,1,2025-03,34.86,309.87,2025-06,449.24,4.15,2025-06,66.54,-9.47,2.01,1,2025-03,0.26,3.02,6.38,"AAREYDRUGS,"
BDH Industries Ltd.,BDH,Pharmaceuticals & Drugs,261.58,BSE,454.00,4.80,1,2025-03,0.98,231.4,2025-06,68.87,9.53,2025-06,27.45,2.95,3.78,1,2025-03,0.01,14.46,18.18,"BDH,"
Syschem (India) Ltd.,SYSCHEM,Pharmaceuticals & Drugs,256.07,BSE,58.85,0.31,1,2025-03,0,253.94,2025-06,410.84,1.99,2025-06,128.36,7.3,3.33,1,2025-03,0,0.7,1.45,"SYSCHEM,"
Sanjivani Paranteral Ltd.,SANJIVIN,Pharmaceuticals & Drugs,255.51,BSE,208.00,-0.41,1,2025-03,5.63,259.58,2025-06,71.55,8.12,2025-06,31.48,0.68,5.66,1,2024-03,0.04,54.08,55.32,"SANJIVIN,"
Lotus Eye Hospital And Institute Ltd.,LOTUSEYE,Hospital & Healthcare Services,251.12,NSE,121.23,-1.62,1,2025-03,0.61,247.57,2025-06,50.19,0.66,2025-06,378.76,-26.94,4.15,1,2025-03,0.01,1.24,3.1,"LOTUSEYE,"
Ambalal Sarabhai Enterprises Ltd.,AMBALALSA,Pharmaceuticals & Drugs,247.83,BSE,32.34,1.38,2,2025-03,48.59,284.9,2025-06,195.83,11.83,2025-06,19.35,-6.52,1.67,2,2025-03,0.35,3.57,5.2,"AMBALALSA,"
Unihealth Hospitals Ltd.,UNIHEALTH,Hospital & Healthcare Services,244.12,NSE,157.50,0.74,1,2025-03,13.14,242.63,2025-03,3.56,2.33,2025-03,104.59,,3.65,2,2025-03,0.13,16.03,17.35,"UNIHEALTH,"
Star Imaging and Path Lab Ltd.,STARIMAGIN,Hospital & Healthcare Services,240.57,BSE,138.00,-0.72,1,2025-03,32.73,267.96,,,,2025-03,15.12,,2.08,2,2025-03,0.69,40.65,33.81,"STARIMAGIN,"
Oxygenta Pharmaceutical Ltd.,OXYGENTAPH,Pharmaceuticals & Drugs,238.43,BSE,64.00,-4.25,1,2025-09,72.83,310.02,2025-09,112.05,-17.12,2025-09,0,0,-6.61,1,2025-03,-2.49,0,-25.62,"OXYGENTAPH,"
Balaxi Pharmaceuticals Ltd.,BALAXI,Pharmaceuticals & Drugs,230.99,NSE,41.84,-0.99,2,2025-03,51.62,243.21,2025-06,297.68,18.88,2025-06,12.23,0.37,1,2,2025-03,0.22,11.68,13.01,"BALAXI,"
Aashka Hospitals Ltd.,AASHKA,Hospital & Healthcare Services,223,BSE,95.00,10.47,1,2025-03,12.61,233.02,2025-03,22.65,3.26,2025-03,68.28,,2.24,1,2025-03,0.13,3.34,4.89,"AASHKA,"
Nephro Care India Ltd.,NEPHROCARE,Hospital & Healthcare Services,211.03,NSE,128.00,-0.43,1,2025-03,0,206.37,2025-03,46.03,3.64,2025-03,57.99,,3.95,1,2025-03,0,10.62,14.42,"NEPHROCARE,"
Natural Capsules Ltd.,NATCAPSUQ,Pharmaceuticals & Drugs,205.79,NSE,197.36,-3.31,2,2025-03,103.81,304.31,2025-06,175.22,-5.57,2025-06,0,0,0.91,2,2025-03,0.45,0.28,2.87,"NATCAPSUQ,"
Panchsheel Organics Ltd.,PANCHSHEEL,Pharmaceuticals & Drugs,186.45,BSE,141.55,2.57,1,2025-03,5.44,187.47,2025-06,105.36,13.47,2025-06,13.84,0.65,1.36,1,2024-03,0.05,13.14,16.87,"PANCHSHEEL,"
Coral Laboratories Ltd.,CORALAB,Pharmaceuticals & Drugs,173.99,BSE,487.00,-2.11,1,2025-03,3.56,97.68,2025-06,102.17,17.92,2025-06,9.71,0.34,0.85,1,2025-03,0.02,12.76,17.04,"CORALAB,"
Alpa Laboratories Ltd.,ALPA,Pharmaceuticals & Drugs,172.18,NSE,81.24,-6.73,2,2025-03,0.03,169.99,2025-06,110.12,26.23,2025-06,6.56,0.11,0.94,2,2025-03,0,12.06,15.76,"ALPA,"
Pharmaids Pharmaceuticals Ltd.,PHARMAID,Pharmaceuticals & Drugs,168.19,BSE,47.80,1.62,2,2025-03,35.25,201.29,2025-06,21.38,-15.7,2025-06,0,,3.11,2,2025-03,0.59,-20.56,-17.65,"PHARMAID,"
Astonea Labs Ltd.,ASTONEALAB,Pharmaceuticals & Drugs,168.07,BSE,159.90,2.50,1,2025-03,53.34,221.32,2025-03,97.52,5.35,2025-03,31.41,,3.31,1,2024-03,3.54,37.86,16.39,"ASTONEALAB,"
Aayush Wellness Ltd.,AAYUSH,Pharmaceuticals & Drugs,167.04,BSE,34.32,-4.98,2,2025-03,0.05,166.68,2025-03,73.35,3.37,2025-03,49.63,,17.7,2,2025-03,0.01,51.01,51,"AAYUSH,"
Maitreya Medicare Ltd.,MAITREYA,Hospital & Healthcare Services,155.61,NSE,229.65,-0.54,1,2025-03,5.21,152.9,2025-03,44.41,1.9,2025-03,81.93,,5.82,2,2025-03,0.16,7.26,10.96,"MAITREYA,"
Kimia Biosciences Ltd.,KIMIABL,Pharmaceuticals & Drugs,151.02,BSE,32.00,2.96,1,2025-03,32.57,182.91,2025-03,118.92,9.61,2025-03,15.71,0.33,14.32,1,2024-03,131.12,-183.25,-4.18,"KIMIABL,"
Krebs Biochemicals & Industries Ltd.,KREBSBIO,Pharmaceuticals & Drugs,148.1,NSE,68.69,0.84,1,2025-09,219.44,367.41,2025-09,27.21,-27.47,2025-09,0,0,-0.94,1,2025-03,-1.45,0,-29.92,"KREBSBIO,"
Parnax Lab Ltd.,PARNAXLAB,Pharmaceuticals & Drugs,147.02,BSE,128.00,0.23,2,2025-03,60.64,204.97,2025-06,190.99,10.83,2025-06,13.6,0.32,1.7,2,2025-03,0.73,14.92,14.71,"PARNAXLAB,"
Smruthi Organics Ltd.,SMRUTHIORG,Pharmaceuticals & Drugs,145.37,BSE,127.00,-1.74,1,2025-03,16.8,161.66,2025-06,117.73,3.39,2025-06,42.86,-2.7,2.06,1,2025-03,0.23,5.04,7.98,"SMRUTHIORG,"
Quest Laboratories Ltd.,QUESTLAB,Pharmaceuticals & Drugs,144.21,NSE,88.00,2.27,1,2025-03,30.26,174.35,2025-03,103.92,13.57,2025-03,10.63,,1.68,1,2025-03,0.37,24.56,26.87,"QUESTLAB,"
Sotac Pharmaceuticals Ltd.,SOTAC,Pharmaceuticals & Drugs,142.54,NSE,129.00,-0.65,1,2025-03,43.7,184.68,2025-03,62.38,4.77,2025-03,29.87,,2.69,2,2025-03,0.82,18.83,16.4,"SOTAC,"
Lactose (India) Ltd.,LACTOSE,Pharmaceuticals & Drugs,136.65,BSE,110.65,-2.21,1,2025-03,56.19,187.91,2025-06,126.51,4.39,2025-06,31.1,0.23,2.27,1,2024-03,0.81,15.49,18.16,"LACTOSE,"
iStreet Network Ltd.,ISTRNETWK,Pharmaceuticals & Drugs,132.12,BSE,62.03,-4.99,1,2025-09,,131.83,2025-09,37.92,3.68,2025-09,35.9,0.56,71.57,1,2025-03,-1.18,0,154.44,"ISTRNETWK,"
Bal Pharma Ltd.,BALPHARMA,Pharmaceuticals & Drugs,130.39,NSE,81.86,1.87,2,2025-03,150.38,272.72,2025-06,294.59,7.19,2025-06,18.22,0.88,1.68,2,2025-03,1.94,9.69,10.1,"BALPHARMA,"
Tyche Industries Ltd.,TYCHE,Pharmaceuticals & Drugs,128.07,BSE,124.95,-6.12,1,2025-03,0,43.81,2025-06,63.35,12.11,2025-06,10.57,-1.58,0.92,1,2025-03,0,9.42,12.69,"TYCHE,"
Vaishali Pharma Ltd.,VAISHALI,Pharmaceuticals & Drugs,127.07,NSE,9.74,-1.02,1,2025-03,11.66,136.89,2025-06,104.69,0.4,2025-06,319.27,3.55,1.92,1,2024-03,0.35,2.09,5.82,"VAISHALI,"
Denis Chem Lab Ltd.,DENISCHEM,Pharmaceuticals & Drugs,125.35,BSE,90.25,-1.63,1,2025-03,0.82,99.93,2025-06,175.32,8.47,2025-06,14.8,1.06,1.43,1,2025-03,0.01,9.76,13.89,"DENISCHEM,"
Fortis Malar Hospitals Ltd.,FORTISMLR,Hospital & Healthcare Services,123.56,BSE,66.00,0.67,2,2025-09,,104.82,2025-09,0.04,4.53,2025-09,27.25,1.77,3.6,2,2025-03,0,0.56,0.83,"FORTISMLR,"
Auro Laboratories Ltd.,AUROLAB,Pharmaceuticals & Drugs,114.37,BSE,183.35,-1.85,1,2025-03,45.01,158.75,2025-06,16.33,0.7,2025-06,163.38,-11.17,2.67,1,2025-03,1.05,4.33,3.79,"AUROLAB,"
Holmarc Opto-Mechatronics Ltd.,HOLMARC,Medical Equipment/Supplies/Accessories,108.54,NSE,108.00,3.25,1,2025-03,0,99.05,2025-03,37.17,3.74,2025-03,29.06,,4,1,2025-03,0,14.65,19.74,"HOLMARC,"
Zenith Drugs Ltd.,ZENITHDRUG,Pharmaceuticals & Drugs,108.29,NSE,63.15,1.85,1,2025-03,48.57,156.6,2025-03,133.32,7.16,2025-03,15.12,,1.56,2,2024-03,0.4,24.12,25.15,"ZENITHDRUG,"
Mercury Laboratories Ltd.,MERCURYLAB,Pharmaceuticals & Drugs,106.68,BSE,889.00,4.86,1,2025-03,4.09,108.58,2025-06,76.56,3.77,2025-06,28.3,-54.42,1.96,1,2025-03,0.08,6.02,9.14,"MERCURYLAB,"
Raaj Medisafe India Ltd.,RAAJMEDI,Medical Equipment/Supplies/Accessories,101.11,BSE,76.89,,1,2025-03,34.51,135.55,2025-06,67.34,6.62,2025-06,15.28,0.2,3.57,1,2025-03,1.28,32.48,15.05,"RAAJMEDI,"
Mangalam Drugs And Organics Ltd.,MANGALAM,Pharmaceuticals & Drugs,100.84,NSE,63.28,-0.83,2,2025-03,88.23,186.49,2025-06,299.04,-9.76,2025-06,0,,0.79,2,2025-03,0.62,4.84,8.55,"MANGALAM,"
Choksi Laboratories Ltd.,CHOKSILA,Hospital & Healthcare Services,98.84,BSE,142.25,-0.18,1,2025-03,28.07,126.3,2025-06,42.34,1.49,2025-06,66.47,3.05,4.12,1,2025-03,1.19,6.65,9.45,"CHOKSILA,"
Shree Pacetronix Ltd.,SHREEPAC,Medical Equipment/Supplies/Accessories,98.57,BSE,273.85,-1.99,2,2025-09,5.05,102.43,2025-09,19.84,2.32,2025-09,42.51,1.64,6.26,2,2025-03,0.37,5.59,9.13,"SHREEPAC,"
Amwill Health Care Ltd.,AMWILL,Pharmaceuticals & Drugs,97.24,BSE,48.61,-9.98,1,2025-09,,95.48,2025-03,40.58,10.73,2025-03,9.06,,1.4,1,2025-03,0,24.85,27.56,"AMWILL,"
Source Natural Foods and Herbal Supplements Ltd.,SOURCENTRL,Pharmaceuticals & Drugs,92.47,BSE,143.65,0.00,1,2025-03,7.41,92.65,2025-06,48.87,3.12,2025-06,29.68,2.45,4.02,1,2025-03,0.33,13.89,16.68,"SOURCENTRL,"
Bharat Immunologicals & Biologicals Corporation Ltd.,BIBCL,Pharmaceuticals & Drugs,87.7,BSE,20.25,-0.10,1,2023-09,74.36,153.15,2023-03,44.61,-17.06,2023-03,0,,,1,2023-03,-3.05,0,-25.63,"BIBCL,"
Sangani Hospitals Ltd.,SANGANI,Hospital & Healthcare Services,85.42,NSE,62.00,-2.82,1,2025-03,0.09,67.34,2025-03,16.8,2.59,2025-03,32.93,,2.37,2,2025-03,0,7.46,9.93,"SANGANI,"
Samrat Pharmachem Ltd.,SAMRATPH,Pharmaceuticals & Drugs,84.66,BSE,276.50,-1.30,1,2025-03,9.91,94.41,2025-06,280.69,4.82,2025-06,17.57,1.62,1.18,1,2025-03,0.14,10.4,13.61,"SAMRATPH,"
Constronics Infra Ltd.,CONSTRONIC,Hospital & Healthcare Services,80.17,BSE,63.99,0.03,1,2025-03,,73.09,2025-06,60.85,4.2,2025-06,19.09,0.19,2.02,1,2024-03,5.73,118.08,20.9,"CONSTRONIC,"
Kretto Syscon Ltd.,KRETTOSYS,Medical Equipment/Supplies/Accessories,79.93,BSE,1.19,-3.25,1,2025-03,1.01,77.38,2025-06,12.7,5.72,2025-06,13.97,0.13,1.07,1,2025-03,0.01,9.77,12.9,"KRETTOSYS,"
Makers Laboratories Ltd.,MAKERSL,Pharmaceuticals & Drugs,74.34,BSE,126.00,-2.59,2,2025-09,6.43,79.42,2025-09,130.77,3.88,2025-09,0,,1.05,2,2025-03,0.05,16.33,19.01,"MAKERSL,"
Rajnish Wellness Ltd.,RAJNISH,Pharmaceuticals & Drugs,74.12,BSE,0.73,-5.19,1,2025-03,0.18,73.9,2025-06,36.81,0.11,2025-06,673.82,37.52,0.68,1,2025-03,0,0.21,0.59,"RAJNISH,"
Vivo Bio Tech Ltd.,VIVOBIOT,Pharmaceuticals & Drugs,74.08,BSE,33.70,2.68,2,2025-03,54.02,126.83,2025-06,49.05,8.45,2025-06,8.76,0.84,0.81,2,2024-03,1.35,4.79,9.97,"VIVOBIOT,"
Onyx Biotec Ltd.,ONYX,Pharmaceuticals & Drugs,72.8,NSE,40.15,2.95,1,2025-03,12.46,76.65,2025-03,61.95,4.96,2025-03,14.69,,1.31,1,2025-03,0.22,12.25,13.68,"ONYX,"
Concord Drugs Ltd.,CONCORD,Pharmaceuticals & Drugs,70.69,BSE,70.69,-4.70,2,2025-03,17.19,87.66,2025-06,47.17,0.43,2025-06,165.55,,2.07,2,2024-03,0.52,1.45,4.99,"CONCORD,"
Asston Pharmaceuticals Ltd.,APL,Pharmaceuticals & Drugs,66.13,BSE,77.05,-3.69,1,2025-03,7.26,73.19,,,,2025-03,15.29,,1.73,1,2025-03,0.68,50.56,42.64,"APL,"
Biofil Chemicals & Pharmaceuticals Ltd.,BIOFILCHEM,Pharmaceuticals & Drugs,64.05,NSE,39.21,1.27,1,2025-03,0.47,64.27,2025-06,31.39,2.8,2025-06,22.88,-1.6,3.02,1,2025-03,0.03,3.02,4.08,"BIOFILCHEM,"
Accretion Pharmaceuticals Ltd.,ACCPL,Pharmaceuticals & Drugs,63.58,NSE,57.20,3.72,1,2025-03,14.1,77.64,2025-03,57.38,6.79,2025-03,9.36,,1.41,1,2025-03,0.92,65.39,46.33,"ACCPL,"
Aspira Pathlab & Diagnostics Ltd.,ASPIRA,Hospital & Healthcare Services,62.98,BSE,61.19,1.98,1,2025-03,1.21,62.04,2025-06,22.61,2.56,2025-06,24.62,1.23,4.96,1,2024-03,0.11,-23.34,-18.49,"ASPIRA,"
Shelter Pharma Ltd.,SHELTER,Pharmaceuticals & Drugs,62.22,BSE,41.10,0.64,1,2025-03,1.04,59.84,2025-03,50.66,7.24,2025-03,8.6,,1.19,1,2025-03,0.02,18.88,25.07,"SHELTER,"
Shanmuga Hospital Ltd.,SHANMUGA,Hospital & Healthcare Services,61.8,BSE,45.40,,1,2025-03,7.62,56.83,2025-03,47.85,4.21,2025-03,14.69,,1.64,1,2024-03,0.53,36.34,33.5,"SHANMUGA,"
Godavari Drugs Ltd.,GODAVARI,Pharmaceuticals & Drugs,61.74,BSE,81.98,-1.95,1,2025-03,64.35,123.71,2025-06,104.95,3.79,2025-06,16.29,0.96,1.39,1,2025-03,1.48,10.64,10.13,"GODAVARI,"
Vista Pharmaceuticals Ltd.,VISTAPH,Pharmaceuticals & Drugs,59.71,BSE,9.70,-2.41,1,2025-03,7.4,66.38,2025-06,9.8,-5.08,2025-06,0,0,1.35,1,2024-03,0.22,-13.63,-8.28,"VISTAPH,"
Murae Organisor Ltd.,MURAE,Pharmaceuticals & Drugs,57.26,BSE,0.28,3.70,1,2025-03,212.75,223.44,2025-06,858.58,15.2,2025-06,3.77,0.11,0.24,1,2025-03,1.02,5.69,4.21,"MURAE,"
Lasa Supergenerics Ltd.,LASA,Pharmaceuticals & Drugs,56.76,NSE,11.29,-1.91,1,2025-03,2.13,58.1,2025-06,131.62,-33.15,2025-06,0,,0.91,1,2024-03,0.23,-20.22,-13.23,"LASA,"
Samsrita Labs Ltd.,SAMSRITA,Hospital & Healthcare Services,50.27,BSE,22.00,8.64,2,2025-09,1.66,50,2021-09,0,-0.26,2025-03,0,,3.33,2,2025-03,0.2,-2.14,-1.79,"SAMSRITA,"
Aatmaj Healthcare Ltd.,AATMAJ,Hospital & Healthcare Services,46.33,NSE,20.50,-0.24,1,2025-03,10.06,44.23,2025-03,19.53,0.64,2025-03,72.5,,0.92,1,2025-03,0.2,1.28,3.39,"AATMAJ,"
Kabra Drugs Ltd.,KABRADG,Pharmaceuticals & Drugs,46.09,BSE,19.49,0.62,1,2025-03,0.44,25.23,2025-06,7.15,-1.04,2025-06,0,,1.91,1,2024-03,-1.16,0,-42.74,"KABRADG,"
NG Industries Ltd.,NGIND,Hospital & Healthcare Services,44.91,BSE,135.00,3.05,1,2025-09,1.06,43.57,2025-09,16.21,4.9,2025-09,9.17,0.23,1.16,1,2024-03,0.03,15.65,17.94,"NGIND,"
JFL Life Sciences Ltd.,JFLLIFE,Pharmaceuticals & Drugs,44.54,NSE,13.50,3.85,1,2025-03,10.59,55.07,2025-03,82.04,4.16,2025-03,10.71,,1.11,1,2025-03,0.27,11.08,15.81,"JFLLIFE,"
Sharma East India Hospitals & Medical Research Ltd,SHARMEH,Hospital & Healthcare Services,44.53,BSE,135.10,-4.08,1,2025-03,2.26,46.34,2025-06,32.62,1.31,2025-06,33.94,1.05,3.74,1,2024-03,0.45,6.61,11.1,"SHARMEH,"
Medinova Diagnostic Services Ltd.,MEDINOV,Hospital & Healthcare Services,43.72,BSE,43.80,-0.73,2,2025-09,4,45.58,2025-09,9.98,2.15,2025-09,20.32,0.36,-929.94,2,2025-03,-4.01,0,108.01,"MEDINOV,"
Soni Medicare Ltd.,SML,Hospital & Healthcare Services,42.46,BSE,99.55,0.96,1,2025-03,10.52,50.97,2025-06,31.4,0.39,2025-06,109.14,8.32,37.28,1,2024-03,6.05,-68.46,-6.61,"SML,"
Vineet Laboratories Ltd.,VINEETLAB,Pharmaceuticals & Drugs,42.3,NSE,46.03,3.16,1,2025-09,42.78,84.42,2025-09,57.04,-16.7,2025-09,0,,3.06,1,2025-03,2.73,-81.79,-25.12,"VINEETLAB,"
Sandu Pharmaceuticals Ltd.,SANDUPHQ,Pharmaceuticals & Drugs,42.22,BSE,43.70,1.63,1,2025-03,,39.57,2025-06,66.85,1.6,2025-06,26.3,,1,2,2024-03,0,3.66,5.35,"SANDUPHQ,"
KMS Medisurgi Ltd.,KMSMEDI,Medical Equipment/Supplies/Accessories,41.74,BSE,126.50,,1,2025-03,0.91,42.19,2025-03,13.94,0.44,2025-03,95.31,3.06,5.45,1,2025-03,0.11,5.59,8.24,"KMSMEDI,"
ANG Lifesciences India Ltd.,ANG,Pharmaceuticals & Drugs,41.6,BSE,31.86,3.58,2,2025-03,80.43,118.4,2025-06,99.04,-11.35,2025-06,0,,0.67,2,2025-03,1.26,-17.7,-4.45,"ANG,"
Amkay Products Ltd.,AMKAY,Medical Equipment/Supplies/Accessories,41.55,BSE,48.00,2.17,1,2025-03,2.64,42.65,2025-03,38.39,3.34,2025-03,12.45,,1.84,1,2024-03,0.55,29.65,28.84,"AMKAY,"
Walpar Nutritions Ltd.,WALPAR,Pharmaceuticals & Drugs,41.32,NSE,44.00,,1,2025-03,,39.81,2025-03,60.16,1.69,2025-03,24.41,,2.75,2,2024-03,0.59,15.05,14.23,"WALPAR,"
Bacil Pharma Ltd.,BACPHAR,Pharmaceuticals & Drugs,40.42,BSE,28.16,-4.99,1,2025-03,0.16,37.72,2025-06,0,1.11,2025-06,36.51,1.36,1.53,1,2025-03,0.01,3.19,3.03,"BACPHAR,"
Deccan Health Care Ltd.,DECCAN,Pharmaceuticals & Drugs,40.12,BSE,16.35,-3.54,2,2025-03,1.15,37.71,2025-06,82.14,1.03,2025-06,38.84,,0.38,2,2025-03,0.01,1.15,1.65,"DECCAN,"
Roopa Industries Ltd.,ROOPAIND,Pharmaceuticals & Drugs,39.35,BSE,50.00,-1.75,1,2025-03,33.27,68,2025-06,121.25,2.05,2025-06,19.22,0.47,2.21,1,2024-03,1.66,10.33,12.69,"ROOPAIND,"
Centenial Surgical Suture Ltd.,CSURGSU,Medical Equipment/Supplies/Accessories,37.21,BSE,102.00,5.05,1,2025-03,12.26,49.25,2025-06,52.72,-1.94,2025-06,0,,1.29,1,2025-03,0.4,-4.93,5.09,"CSURGSU,"
Chennai Meenakshi Multispeciality Hospital Ltd.,CMMHOSP,Hospital & Healthcare Services,36.96,BSE,49.49,-1.02,1,2025-03,10.63,44.19,2025-06,34.72,-1.73,2025-06,0,,-15.15,1,2024-03,-34.86,0,9.37,"CMMHOSP,"
Gujarat Inject (Kerala) Ltd.,GUJINJEC,Pharmaceuticals & Drugs,36.92,BSE,25.20,1.25,1,2025-03,,36.89,2025-06,18.42,0.97,2025-06,38.18,,3.66,1,2024-03,0,3.44,2.54,"GUJINJEC,"
Veerhealth Care Ltd.,VEERHEALTH,Pharmaceuticals & Drugs,35.52,BSE,17.88,-1.22,1,2025-03,4.91,39.26,2025-06,19.09,0.51,2025-06,69.92,16.3,1.58,1,2025-03,0.22,1.78,3.15,"VEERHEALTH,"
Medicamen Organics Ltd.,MEDIORG,Pharmaceuticals & Drugs,35.22,NSE,30.10,-4.90,1,2025-03,12.35,43.44,2025-03,37.09,3.27,2025-03,10.77,,1.22,2,2025-03,0.42,18.13,16.97,"MEDIORG,"
Vilin Bio Med Ltd.,VILINBIO,Pharmaceuticals & Drugs,35.15,NSE,25.20,-4.91,1,2025-03,2.57,37.67,2025-03,14.81,0.22,2025-03,157.29,,1.52,1,2025-03,0.11,0.97,4.16,"VILINBIO,"
Tejnaksh Healthcare Ltd.,TEJNAKSH,Hospital & Healthcare Services,34.94,BSE,17.11,0.12,2,2025-03,1.05,34.2,2025-06,12.41,1.84,2025-06,18.08,8.3,1.34,2,2025-03,0.04,9.02,13,"TEJNAKSH,"
Gujarat Terce Laboratories Ltd.,GUJTERC,Pharmaceuticals & Drugs,34.12,BSE,45.98,4.14,1,2025-09,0.49,34.24,2025-09,48.78,-1.02,2025-09,0,,5.61,1,2025-03,0.15,-14.79,41.39,"GUJTERC,"
Galaxy Medicare Ltd.,GML,Medical Equipment/Supplies/Accessories,33.53,NSE,22.10,0.23,1,2025-03,4.61,37.66,,,,2025-03,9.95,,0.93,1,2025-03,0.25,19.88,22.61,"GML,"
Unick Fix-A-Form And Printers Ltd.,UNICK,Pharmaceuticals & Drugs,33.36,BSE,60.82,,1,2025-03,20.96,50.07,2025-06,57.55,2.61,2025-06,12.79,-6.43,0.96,1,2024-03,0.74,6.47,9.11,"UNICK,"
GKB Ophthalmics Ltd.,GKB,Medical Equipment/Supplies/Accessories,33.26,BSE,65.99,1.51,2,2025-03,14.5,33.94,2025-06,115.28,-7.85,2025-06,0,,0.65,2,2025-03,0.28,-12.66,-6.32,"GKB,"
Bandaram Pharma Packtech Ltd.,BANDARAM,Pharmaceuticals & Drugs,32.09,BSE,26.75,1.44,2,2025-03,17.15,49.12,2025-03,36.96,1,2025-03,58.7,,2.53,2,2025-03,1.36,7.98,8.41,"BANDARAM,"
Chandra Bhagat Pharma Ltd.,CBPL,Pharmaceuticals & Drugs,30.19,BSE,40.01,,1,2025-03,20.86,50.38,2025-03,86.72,0.86,2025-03,35.19,1.58,1.06,1,2025-03,0.73,3.05,6.66,"CBPL,"
Panjon Ltd.,PANJON,Pharmaceuticals & Drugs,30.18,BSE,18.00,2.10,1,2025-03,2.65,32.38,2025-06,34.78,0.59,2025-06,51.41,2.22,1.8,1,2024-03,0.1,1.07,1.44,"PANJON,"
KK Shah Hospitals Ltd.,KKSHL,Hospital & Healthcare Services,29.48,BSE,43.30,,1,2025-03,0,29.11,2025-03,9,-0.33,2025-03,0,,2.2,1,2025-03,0,-2.38,-2.37,"KKSHL,"
Nidan Laboratories And Healthcare Ltd.,NIDAN,Hospital & Healthcare Services,29.05,NSE,20.90,6.09,1,2025-03,11.11,38.26,2025-03,24.53,1.98,2025-03,14.7,,0.43,1,2025-03,0.16,2.94,6.21,"NIDAN,"
Omkar Pharmachem Ltd.,OMKARPH,Pharmaceuticals & Drugs,28.57,BSE,28.33,,1,2025-03,0.12,28.58,2025-06,0.54,0.18,2025-06,161.41,7.13,3.02,1,2025-03,0.01,2.15,3.02,"OMKARPH,"
Transgene Biotek Ltd.,TRABI,Hospital & Healthcare Services,26.6,BSE,3.40,0.29,2,2025-03,14.52,40.83,2025-06,0.26,-1.31,2025-06,0,0,2.77,2,2024-03,1.31,-5.94,-2.1,"TRABI,"
Adeshwar Meditex Ltd.,ADESHWAR,Pharmaceuticals & Drugs,26.42,BSE,19.23,,1,2025-03,12.46,36.07,2025-03,83.71,2.07,2025-03,12.79,-26.65,0.76,1,2024-03,0.4,5.92,9.6,"ADESHWAR,"
Global Longlife Hospital and Research Ltd.,GLHRL,Hospital & Healthcare Services,24.91,BSE,24.75,,1,2025-03,0,3.41,2025-03,0.58,0.2,2025-03,125.34,,1,1,2025-03,0,0.82,1.28,"GLHRL,"
Phaarmasia Ltd.,PHRMASI,Pharmaceuticals & Drugs,22.94,BSE,33.60,-1.18,1,2025-03,0,22.57,2025-06,22.95,-1.6,2025-06,0,,4.81,1,2025-03,0,-30.12,-30.07,"PHRMASI,"
Ishita Drugs & Industries Ltd.,ISHITADR,Pharmaceuticals & Drugs,21.09,BSE,70.50,-1.59,1,2025-03,3.9,20.16,2025-06,17.37,1.02,2025-06,20.61,2.12,1.9,1,2025-03,0.36,8.38,9.97,"ISHITADR,"
Zenith Health Care Ltd.,ZENITHHE,Pharmaceuticals & Drugs,20.96,BSE,3.90,1.04,1,2025-03,0,18.22,2025-06,11.91,-0.11,2025-06,0,0,2.84,1,2025-03,0,0.91,3.95,"ZENITHHE,"
Venmax Drugs And Pharmaceuticals Ltd.,VENMAX,Pharmaceuticals & Drugs,20.88,BSE,28.62,2.80,1,2025-06,0.05,18.41,2025-06,1.91,0.01,2025-06,0,0,5.99,1,2025-03,-0.08,0,-0.64,"VENMAX,"
Family Care Hospitals Ltd.,FAMILYCARE,Hospital & Healthcare Services,20.85,BSE,3.86,-4.46,1,2025-09,4.85,25.64,2025-09,0.14,-6.41,2025-09,0,0,2.34,1,2024-03,0.06,24.09,15.25,"FAMILYCARE,"
Desh Rakshak Aushdhalaya Ltd.,DESHRAK,Pharmaceuticals & Drugs,19.33,BSE,33.92,-4.99,1,2025-03,3.04,22.3,2025-06,8.76,0.72,2025-06,26.81,2.86,1.6,1,2024-03,0.3,4.74,6.85,"DESHRAK,"
Cian Healthcare Ltd.,CHCL,Pharmaceuticals & Drugs,18.8,BSE,7.36,-2.00,1,2025-03,39.99,41.13,2025-03,30.88,-19.66,2025-03,0,,0.45,2,2024-03,1.4,0.58,5.94,"CHCL,"
Starsource Multitrade Ltd.,STARSOURCE,Pharmaceuticals & Drugs,17.4,BSE,115.70,-1.99,1,2025-03,0,6.78,2025-06,0,-11.71,2025-06,0,0,12.99,1,2025-03,0,2.64,3.84,"STARSOURCE,"
Saroja Pharma Industries India Ltd.,SAROJA,Pharmaceuticals & Drugs,17.35,NSE,43.15,,1,2025-03,9.46,26.47,2025-03,53.91,1.03,2025-03,16.77,,1.11,1,2025-03,0.6,6.82,12.56,"SAROJA,"
Norris Medicines Ltd.,NORRIS,Pharmaceuticals & Drugs,16.5,BSE,16.50,7.14,1,2025-03,21.58,38.04,2025-06,6.55,-1.18,2025-06,0,0,-1.09,1,2025-03,-1.45,0,-10.11,"NORRIS,"
Emmessar Biotech & Nutrition Ltd.,EMMESSA,Pharmaceuticals & Drugs,15.48,BSE,30.99,4.17,1,2025-03,0,8.61,2025-06,0.62,0.4,2025-06,38.71,-1.85,1.97,1,2025-03,0,4.19,12.63,"EMMESSA,"
Link Pharma Chem Ltd.,LINKPH,Pharmaceuticals & Drugs,14.48,BSE,32.61,-6.72,1,2025-03,5.78,20.2,2025-06,24.4,-0.92,2025-06,0,,1.11,1,2025-03,0.46,-7.79,-3.03,"LINKPH,"
Gian Life Care Ltd.,GIANLIFE,Hospital & Healthcare Services,12.8,BSE,12.47,3.31,2,2025-03,5.84,11.69,2025-06,5.52,-0.07,2025-06,0,,0.66,2,2024-03,0.25,24.15,28.68,"GIANLIFE,"
Parmax Pharma Ltd.,PARMAX,Pharmaceuticals & Drugs,12.2,BSE,32.60,-1.21,1,2025-03,7.7,19.81,2025-06,22.33,-2.87,2025-06,0,,-3.49,1,2024-03,83.26,-281.14,-59.88,"PARMAX,"
Beryl Drugs Ltd.,BERLDRG,Pharmaceuticals & Drugs,12.16,BSE,23.98,3.81,1,2025-03,4.07,15.42,2025-06,21.1,0.23,2025-06,53.11,0.83,1.28,1,2024-03,0.57,9.07,11.14,"BERLDRG,"
Dhanvantri Jeevan Rekha Ltd.,ZDHJERK,Hospital & Healthcare Services,11,BSE,26.85,0.00,1,2025-03,0,8.46,2025-06,22.46,0.41,2025-06,26.84,0.85,1.09,1,2025-03,0,5.19,5.8,"ZDHJERK,"
Broach Lifecare Hospital Ltd.,BROACH,Hospital & Healthcare Services,10.62,BSE,17.50,-2.78,1,2025-03,1.05,11.48,2025-03,3.18,0.53,2025-03,19.82,,1.14,1,2025-03,0.11,7.3,9.48,"BROACH,"
Unjha Formulations Ltd.,UNJHAFOR,Pharmaceuticals & Drugs,10.57,BSE,23.60,2.65,1,2025-03,0,9.93,2025-06,13.64,0.1,2025-06,107.9,18.86,3,1,2025-03,0,13.88,18.11,"UNJHAFOR,"
Colinz Laboratories Ltd.,COLINZ,Pharmaceuticals & Drugs,10.46,BSE,43.50,9.27,1,2025-09,0.66,3.7,2025-09,5.87,0.46,2025-09,22.64,0.73,1.06,1,2025-03,0.07,5.39,6.74,"COLINZ,"
Clinitech Laboratory Ltd.,CTLLAB,Hospital & Healthcare Services,10.04,BSE,44.00,4.76,1,2025-03,0,6.97,2025-03,8.24,0.4,2025-03,25.44,,1.14,1,2025-03,0,6.38,9.21,"CTLLAB,"
Decipher Labs Ltd.,DECIPHER,Pharmaceuticals & Drugs,9.86,BSE,9.77,-0.41,2,2025-03,0.25,7.29,2025-06,18.1,-9.45,2025-06,0,,0.51,2,2024-03,0,-7.44,-4.24,"DECIPHER,"
Shamrock Industrial Company Ltd.,SHAMROIN,Pharmaceuticals & Drugs,9.55,BSE,17.60,,1,2025-03,0,9.54,2025-06,0,-0.19,2025-06,0,0,6.43,1,2025-03,0,-7.56,-7.56,"SHAMROIN,"
Ortin Global Ltd.,ORTINGLOBE,Pharmaceuticals & Drugs,9.28,NSE,11.41,-1.81,1,2025-03,0.25,9.15,2025-06,0.25,-0.92,2025-06,0,0,5.15,1,2024-03,0.64,-117.48,-60.11,"ORTINGLOBE,"
Dr Lalchandani Labs Ltd.,DLCL,Hospital & Healthcare Services,9.23,BSE,21.29,,1,2025-03,4.07,10,2025-03,4.45,0.42,2025-03,22.07,-2.38,0.97,1,2024-03,0.37,6.7,7.07,"DLCL,"
Adline Chem Lab Ltd.,ADLINE,Pharmaceuticals & Drugs,8.71,BSE,14.89,,1,2025-03,1.49,10.14,2025-06,0,-0.06,2025-06,0,0,-5.64,1,2025-03,-1,0,0,"ADLINE,"
Ganga Pharmaceuticals Ltd.,GANGAPHARM,Pharmaceuticals & Drugs,8.63,BSE,14.60,,1,2025-09,1.56,10.16,2025-03,2.64,0.08,2025-03,110.65,-6.78,1.09,1,2025-03,0.22,1.22,3.22,"GANGAPHARM,"
Transpact Enterprises Ltd.,TRANSPACT,Medical Equipment/Supplies/Accessories,7.83,BSE,202.45,,1,2025-03,0.1,7.92,2025-03,0.08,0.01,2025-03,869.93,57.57,17.33,1,2024-03,0.12,-18.63,-14.52,"TRANSPACT,"
Kobo Biotech Ltd.,KOBO,Pharmaceuticals & Drugs,7.79,BSE,3.27,,1,2024-03,139.69,147.3,2024-06,0,-5.03,2024-06,0,0,-0.06,1,2023-03,-1.09,0,-36.84,"KOBO,"
Hindustan Bio Sciences Ltd.,HINDBIO,Pharmaceuticals & Drugs,7.14,BSE,6.97,-0.85,1,2025-09,2.62,9.74,2025-09,0.7,0.02,2025-09,340.23,75.44,8.32,1,2025-03,2.77,11.78,2.94,"HINDBIO,"
Brawn Biotech Ltd.,BRAWN,Pharmaceuticals & Drugs,6.03,BSE,20.11,,1,2025-03,0,5.83,2025-06,15.2,-1.04,2025-06,0,,1.68,1,2025-03,0,-41.3,-42.59,"BRAWN,"
Boston Bio Systems Ltd.,BOSTONBIO,Medical Equipment/Supplies/Accessories,5.43,BSE,7.75,-4.56,1,2025-03,5.44,10.83,2025-06,0.37,-0.51,2025-06,0,,0.91,1,2025-03,0.92,-8.86,-5.86,"BOSTONBIO,"
Looks Health Services Ltd.,LOOKS,Hospital & Healthcare Services,5.26,BSE,5.01,,1,2025-09,,5.19,2025-09,0.54,0.16,2025-09,32.67,1.85,0.35,1,2024-03,0,-0.12,-0.16,"LOOKS,"
Fabino Enterprises Ltd.,FABINO,Pharmaceuticals & Drugs,4.83,BSE,23.00,,1,2025-03,1.79,6.38,2025-03,18.04,0.13,2025-03,36.87,,1.16,2,2025-03,0.43,1.46,5.62,"FABINO,"
MPS Pharmaa Ltd.,ADVIKLA,Pharmaceuticals & Drugs,3.63,BSE,1.90,,1,2025-03,7.46,11.09,2025-06,0,-0.9,2025-06,0,0,4.27,1,2025-03,6.9,-58.89,-9.7,"ADVIKLA,"
Dolphin Medical Services Ltd.,DOLPHMED,Hospital & Healthcare Services,3.16,BSE,2.15,,1,2025-03,0.87,4,2025-06,0.81,-0.01,2025-06,0,0,0.31,1,2024-03,0.08,-1.03,-0.79,"DOLPHMED,"
Hemo Organic Ltd.,HEMORGANIC,Pharmaceuticals & Drugs,3.15,BSE,9.10,8.33,1,2025-03,1.48,4.62,2025-06,2.42,0.08,2025-06,39.42,0.71,-13.34,1,2025-03,-9.77,0,2.51,"HEMORGANIC,"
Cresanto Global Ltd.,RAYLA,Pharmaceuticals & Drugs,1.56,BSE,3.65,,1,2025-09,2.47,4.02,2025-09,0.05,-0.28,2025-06,0,,-0.57,1,2025-03,-0.92,0,0,"RAYLA,"
Solara Active Pharma Sciences Ltd. - (Partly Paid-up Equity Shares (Rights Issue)),SOLARAPP1,Pharmaceuticals & Drugs,0,BSE,400.00,-2.55,1,,,0,,,,-0,,,,1,-0,,,,"SOLARAPP1,"
Murae Organisor Ltd. - (Rights Entitlements (REs)),MURAE-RE1,Pharmaceuticals & Drugs,0,BSE,0.07,,1,,,0,,,,-0,,,,1,-0,,,,"MURAE-RE1,"
Rajnish Wellness Ltd. - (Rights Entitlements (REs)),RAJNI-RE,Pharmaceuticals & Drugs,0,BSE,0.04,,1,,,0,,,,-0,,,,1,-0,,,,"RAJNI-RE,"
Kilitch Drugs (India) Ltd. - (Rights Entitlements (REs)),KILITC-RE,Pharmaceuticals & Drugs,0,NSE,62.43,,1,,,0,,,,-0,,,,1,-0,,,,"KILITC-RE,"
Valiant Laboratories Ltd. - (Rights Entitlements (REs)),VALIANT-RE,Pharmaceuticals & Drugs,0,NSE,10.71,,1,,,0,,,,-0,,,,1,-0,,,,"VALIANT-RE,"
