Sector: Information Technology,
Date: 09-Nov-2025,
Note:- Statement: 1 = Standalone and 2 = Consolidated,
Generated by and for: signshailesh@gmail.com,

Stock Name,Symbol,Industry,Market Cap(Rs. Cr.),Exchange,LTP,Chg%,TTM Statement,Period Ending,Total Debt(Rs. Cr.),Enterprise Value(Rs. Cr.),TTM Ending (Results),Net Sales (Rs. Cr.),Profit After Tax (Rs. Cr.),TTM Ending (Valuation),Price Earning Ratio(TTM),"PEG Ratio ",Price To Book Value(TTM),Statement,Year Ending,Debt Equity Ratio,Return On Equity(%),Return On Capital Employed(%),Symbol with Comma for External Upload
Tata Consultancy Services Ltd.,TCS,IT - Software,1082658.42,NSE,2991.80,-0.63,2,2025-09,,1068205.42,2025-09,257688,49687,2025-09,21.9,2.59,10.24,2,2025-03,0,52.94,71.74,"TCS,"
Infosys Ltd.,INFY,IT - Software,613750.48,NSE,1476.80,0.69,2,2025-09,,581918.48,2025-09,169458,28159,2025-09,21.82,2.18,5.94,2,2025-03,0,29.4,41.35,"INFY,"
HCL Technologies Ltd.,HCLTECH,IT - Software,410387.57,NSE,1512.40,-0.92,2,2025-09,2359,388998.57,2025-09,122427,16983,2025-09,24.17,2.55,5.76,2,2025-03,0.03,25.4,33.54,"HCLTECH,"
Eternal Ltd.,ETERNAL,e-Commerce,295252.48,NSE,306.10,0.15,2,2025-09,,294445.48,2025-09,31995,188,2025-09,0,,9.56,2,2025-03,0,2.16,3.36,"ETERNAL,"
Wipro Ltd.,WIPRO,IT - Software,247950.29,NSE,236.49,-1.48,2,2025-09,12850.7,247717.29,2025-09,89654.9,13503.9,2025-09,18.37,2.96,2.9,2,2025-03,0.2,16.99,20.27,"WIPRO,"
LTIMindtree Ltd.,LTIM,IT - Software,165103,NSE,5567.50,-1.50,2,2025-09,,162117.6,2025-09,39667.5,4851.1,2025-09,33.91,1.37,7.05,2,2025-03,0,21.84,30.37,"LTIM,"
Tech Mahindra Ltd.,TECHM,IT - Software,135887.37,NSE,1386.70,-1.90,2,2025-09,268.5,131869.27,2025-09,54015.7,4458.1,2025-09,30.3,28.58,4.93,2,2025-03,0.02,15.9,20.43,"TECHM,"
Swiggy Ltd.,SWIGGY,e-Commerce,100144.86,NSE,401.40,-0.63,2,2025-09,127,98541.86,2025-09,18925.09,-4164.91,2025-09,0,,10.2,2,2025-03,0,0,-33.05,"SWIGGY,"
Persistent Systems Ltd.,PERSISTENT,IT - Software,91180.29,NSE,5781.00,-1.04,2,2025-09,,89976.97,2025-09,13218.7,1665.16,2025-09,54.76,1.67,12.76,2,2025-03,0,26.22,32.91,"PERSISTENT,"
Info Edge (India) Ltd.,NAUKRI,BPO/ITeS,87251.48,NSE,1345.40,1.40,2,2025-03,1.27,86985.62,2025-06,2963.71,1507.47,2025-06,85.11,2.54,2.49,2,2025-03,0,4.04,6.08,"NAUKRI,"
One97 Communications Ltd.,PAYTM,Fintech,86115.55,NSE,1346.50,1.96,2,2025-09,15,75009.55,2025-09,7717.8,-608.5,2025-09,0,,5.61,2,2025-03,0,-5.52,-4.43,"PAYTM,"
PB Fintech Ltd.,POLICYBZR,Fintech,82579.85,NSE,1783.80,1.50,2,2025-09,,82199.49,2025-09,5761.03,457.75,2025-09,178.9,,12.18,2,2025-03,0,6.55,6.85,"POLICYBZR,"
FSN E-Commerce Ventures Ltd.,NYKAA,e-Commerce,70381.06,NSE,245.87,-0.11,2,2025-09,989.85,71157.24,2025-09,8829.89,103.47,2025-09,675.77,,50.71,2,2025-03,0.76,5.9,11.21,"NYKAA,"
Oracle Financial Services Software Ltd.,OFSS,IT - Software,70292.8,NSE,8076.50,-1.66,2,2025-09,,65449.7,2025-09,7072.5,2373.2,2025-09,29.62,2.9,9.54,2,2025-03,0,29.88,40.83,"OFSS,"
Coforge Ltd.,COFORGE,IT - Software,58254.25,NSE,1740.20,-1.34,2,2025-09,608.2,58332.05,2025-09,14402.4,1273.4,2025-09,49.79,3.97,8.45,2,2025-03,0.11,19.7,25.68,"COFORGE,"
Mphasis Ltd.,MPHASIS,IT - Software,52160.87,NSE,2736.00,-1.37,2,2025-09,1220.58,51765.67,2025-09,14905.78,1787.04,2025-09,29.22,3.89,5.42,2,2025-03,0.12,18.98,23.01,"MPHASIS,"
L&T Technology Services Ltd.,LTTS,IT - Software,43308.9,NSE,4089.20,-0.28,2,2025-09,,41817.1,2025-09,11480.9,1275,2025-09,33.89,3.72,7,2,2025-03,0,22.52,31.51,"LTTS,"
Hexaware Technologies Ltd.,HEXT,IT - Software,40962.42,NSE,672.45,-3.87,2,2025-06,,39042.52,2025-09,13106.6,1397.4,2025-09,29.34,2.36,6.63,2,2024-12,0,23.75,32.65,"HEXT,"
Tata Elxsi Ltd.,TATAELXSI,IT - Software,32275.02,NSE,5180.00,-1.19,1,2025-09,,31005.76,2025-09,3657.71,670.62,2025-09,48.13,1.92,11.94,1,2025-03,0,29.45,39.09,"TATAELXSI,"
KPIT Technologies Ltd.,KPITTECH,IT - Software,31610.15,NSE,1153.00,-0.53,2,2025-03,1.53,30343.61,2025-06,6016.48,808.99,2025-06,39.15,0.97,10.53,2,2025-03,0,34.01,46.04,"KPITTECH,"
Inventurus Knowledge Solutions Ltd.,IKS,BPO/ITeS,28493.15,NSE,1660.20,-0.44,2,2025-09,641.63,28905.69,2025-09,2902.3,611.15,2025-09,46.73,,12.71,2,2025-03,0.42,33.55,28.65,"IKS,"
Tata Technologies Ltd.,TATATECH,IT - Software,27310.49,NSE,672.95,-0.58,2,2025-09,,26838.05,2025-09,5170.65,679.12,2025-09,39.39,,7.66,2,2025-03,0,19.97,27.68,"TATATECH,"
Affle 3i Ltd.,AFFLE,BPO/ITeS,24559.43,NSE,1747.20,-1.73,2,2025-09,35.13,23534.71,2025-09,2471.38,419.3,2025-09,58.57,1.39,7.54,2,2025-03,0.03,14.11,16.85,"AFFLE,"
Firstsource Solutions Ltd.,FSL,BPO/ITeS,24098.5,NSE,340.45,-3.09,2,2025-09,1376.88,25242.6,2025-09,8793.7,669.83,2025-09,35.98,3.11,5.51,2,2025-03,0.38,15.54,17.53,"FSL,"
eClerx Services Ltd.,ECLERX,BPO/ITeS,20444.86,NSE,4279.50,-6.35,2,2025-09,,19626.5,2025-09,3691.51,614.73,2025-09,33.29,1.59,7.79,2,2025-03,0,24.28,33.15,"ECLERX,"
Brainbees Solutions Ltd.,FIRSTCRY,e-Commerce,17597.19,NSE,337.20,-2.08,2,2025-03,553.27,16444.89,2025-06,7870.1,-255.62,2025-06,0,,4.4,2,2025-03,0.14,-8.05,-1.65,"FIRSTCRY,"
Zensar Technologies Ltd.,ZENSARTECH,IT - Software,15895.8,NSE,697.65,-0.82,2,2025-09,,15078.8,2025-09,5490.8,700.4,2025-09,22.7,1.15,3.71,2,2025-03,0,17.23,22.93,"ZENSARTECH,"
Intellect Design Arena Ltd.,INTELLECT,IT - Software,15734.62,NSE,1132.70,-0.04,2,2025-09,0.56,15350.6,2025-09,2795.31,404.31,2025-09,39.11,0.42,5.32,2,2025-03,0,13.42,17.28,"INTELLECT,"
Indiamart Intermesh Ltd.,INDIAMART,e-Commerce,14703.97,NSE,2447.50,-1.04,2,2025-09,,14668.27,2025-09,1472.5,590.5,2025-09,27.34,0.91,6.88,2,2025-03,0,28.63,36.38,"INDIAMART,"
CarTrade Tech Ltd.,CARTRADE,e-Commerce,13855.41,NSE,2895.10,0.89,2,2025-09,,13763.99,2025-09,712.18,202.78,2025-09,74.07,,5.95,2,2025-03,0,7.65,8.41,"CARTRADE,"
Newgen Software Technologies Ltd.,NEWGEN,IT - Software,13481.76,NSE,947.95,-0.76,2,2025-09,,13085.73,2025-09,1532.45,328.8,2025-09,41,1.2,8.46,2,2025-03,0,23.97,29.67,"NEWGEN,"
Cyient Ltd.,CYIENT,IT - Software,12344.92,NSE,1112.70,-2.58,2,2025-09,166.1,11084.82,2025-09,7328.4,626.6,2025-09,21.51,1.73,2.22,2,2025-03,0.04,13.74,18.91,"CYIENT,"
Birlasoft Ltd.,BSOFT,IT - Software,10540.07,NSE,378.25,1.42,2,2025-09,9.88,10107.69,2025-09,5293.39,461.58,2025-09,22.83,1.26,2.85,2,2025-03,0,16.33,22.05,"BSOFT,"
Sonata Software Ltd.,SONATSOFTW,IT - Software,10323.84,NSE,367.80,0.53,2,2025-03,441.56,10315.97,2025-06,10595,428.37,2025-06,24.1,2.7,5.74,2,2025-03,0.26,27.55,30.22,"SONATSOFTW,"
CE Info Systems Ltd.,MAPMYINDIA,IT - Software,9926.51,NSE,1815.50,2.88,2,2025-03,27.62,9815.84,2025-06,483.37,162.65,2025-06,63.05,,12.04,2,2025-03,0.04,20.79,27.92,"MAPMYINDIA,"
Nazara Technologies Ltd.,NAZARA,IT - Software,9817.32,NSE,265.05,1.20,2,2025-03,141.27,9500.42,2025-06,1872.6,113.26,2025-06,76.9,0.72,2.84,2,2025-03,0.05,2.57,3.54,"NAZARA,"
Tanla Platforms Ltd.,TANLA,IT - Software,8111.54,NSE,611.85,0.90,2,2025-09,,7296.69,2025-09,4143.93,479.3,2025-09,16.92,0.44,3.59,2,2025-03,0,24.35,30.16,"TANLA,"
RateGain Travel Technologies Ltd.,RATEGAIN,IT - Software,7918.43,NSE,671.75,-1.53,2,2025-03,0,7568.8,2025-06,1089.57,210.49,2025-06,37.62,,4.62,2,2025-03,0,13.47,17.57,"RATEGAIN,"
Happiest Minds Technologies Ltd.,HAPPSTMNDS,IT - Software,7531.51,NSE,494.60,-1.17,2,2025-09,1198.59,7792.7,2025-09,2198.85,195.25,2025-09,38.57,2.08,4.63,2,2025-03,0.74,12.1,15.24,"HAPPSTMNDS,"
Mastek Ltd.,MASTEK,IT - Software,6513.22,NSE,2099.60,-0.65,2,2025-09,521.59,6513.05,2025-09,3630.02,365.28,2025-09,17.83,0.75,2.43,2,2025-03,0.23,16.7,17.93,"MASTEK,"
Just Dial Ltd.,JUSTDIAL,BPO/ITeS,6417.04,NSE,753.05,-0.03,1,2025-09,,6264.82,2025-09,1177.46,568,2025-09,11.3,0.95,1.31,2,2024-03,0,9.47,12.37,"JUSTDIAL,"
Infibeam Avenues Ltd.,INFIBEAM,Fintech,6380.97,NSE,18.27,0.50,2,2025-03,152.55,6202.11,2025-06,4527.73,222.59,2025-06,29.43,1.74,1.45,2,2025-03,0.04,6.79,8.63,"INFIBEAM,"
Aurionpro Solutions Ltd.,AURIONPRO,IT - Software,6229.74,NSE,1128.00,-2.89,2,2025-09,18.48,6027.68,2025-09,1327.56,204.8,2025-09,30.64,0.72,3.88,2,2025-03,0.01,15.63,18.4,"AURIONPRO,"
ASM Technologies Ltd.,ASMTEC,IT - Software,5988.47,BSE,4104.90,4.57,2,2025-09,40.14,5974.56,2025-09,456.63,55.42,2025-06,152.65,1.81,21.67,2,2025-03,0.57,20.76,20.3,"ASMTEC,"
Axiscades Technologies Ltd.,AXISCADES,IT - Software,5955.51,NSE,1400.60,-5.00,2,2025-03,189.48,6055.73,2025-06,1054.81,79.39,2025-06,75.75,3.55,8.9,2,2025-03,0.29,12.38,14.56,"AXISCADES,"
Datamatics Global Services Ltd.,DATAMATICS,IT - Software,5237.42,NSE,887.05,-1.66,2,2025-09,157.68,5247.49,2025-09,1880.41,233.23,2025-09,22.5,1.18,3.6,2,2025-03,0.12,15.91,19.02,"DATAMATICS,"
eMudhra Ltd.,EMUDHRA,IT - Software,5232.04,NSE,632.35,-0.51,2,2025-09,16.48,5192.97,2025-09,605.9,98.2,2025-09,55.06,,6.43,2,2025-03,0,12.61,15.41,"EMUDHRA,"
Zaggle Prepaid Ocean Services Ltd.,ZAGGLE,IT - Software,4884.83,NSE,364.00,3.09,2,2025-03,8.54,4240.03,2025-06,1383.52,96.55,2025-06,50.21,,3.88,2,2025-03,0.01,9.8,13.24,"ZAGGLE,"
Indiabulls Ltd.,YAARI,e-Commerce,4860.28,NSE,21.04,,2,2025-09,,4181.63,2025-09,236.27,15.35,2025-09,0,0,1.5,2,2025-03,-0.95,0,0,"YAARI,"
R Systems International Ltd.,RSYSTEMS,IT - Software,4857.64,NSE,410.35,-1.82,2,2025-06,54.46,4665.67,2025-09,1852.05,188.79,2025-09,25.73,1.46,6.67,2,2024-12,0.01,21.76,30.73,"RSYSTEMS,"
Cigniti Technologies Ltd.,CIGNITITEC,IT - Software,4635.28,NSE,1689.60,-0.85,2,2025-09,,4444.88,2025-09,2148.18,285.22,2025-09,16.25,1.27,4.11,2,2025-03,0,23.64,31.68,"CIGNITITEC,"
"NIIT Learning Systems Ltd. ",NIITMTS,IT - Software,4502.88,NSE,328.30,2.77,2,2025-09,216.13,4398.02,2025-09,1775.66,206.71,2025-09,21.78,,3.37,2,2025-03,0.06,21.74,28.11,"NIITMTS,"
Moschip Technologies Ltd.,MOSCHIP,IT - Software,4496.84,NSE,233.75,1.92,2,2025-09,20.13,4467.76,2025-09,543.4,42.8,2025-09,105.06,4.06,12.22,2,2025-03,0,12.42,12.8,"MOSCHIP,"
Route Mobile Ltd.,ROUTE,IT - Software,4389.04,NSE,696.60,-1.28,2,2025-09,,3342.02,2025-09,4529.04,185.7,2025-09,25.66,0.71,1.74,2,2025-03,0.18,14.77,17.46,"ROUTE,"
MSTC Ltd.,MSTCLTD,e-Commerce,3772.03,NSE,535.00,-0.01,2,2025-03,145,2558.31,2025-06,319.34,416.91,2025-06,8.87,0.59,4.82,2,2025-03,0.2,58.76,60.68,"MSTCLTD,"
Network People Services Technologies Ltd.,NPST,IT - Software,3594.89,NSE,1770.00,0.65,2,2025-03,3.13,3503.6,2025-03,173.21,45.2,2025-03,79.54,,32.84,2,2025-03,0.03,57.85,73.72,"NPST,"
63 Moons Technologies Ltd.,63MOONS,IT - Software,3436.08,NSE,747.45,-3.03,2,2025-09,,1573.86,2025-09,76.4,-60.44,2025-09,0,0,0.98,2,2025-03,0,-1.66,-1.62,"63MOONS,"
Protean e-Gov Technologies Ltd.,PROTEAN,BPO/ITeS,3433.06,NSE,845.10,-0.97,2,2025-09,,3325.48,2025-09,885.8,91.04,2025-09,37.71,,3.37,2,2025-03,0,9.82,12.55,"PROTEAN,"
Magellanic Cloud Ltd.,MCLOUD,IT - Software,3431.57,NSE,58.66,-1.44,2,2025-09,257.45,3639.86,2025-09,636.16,107.19,2025-09,32,0.42,5.99,2,2025-03,0.47,22.36,23.66,"MCLOUD,"
Quess Corp Ltd.,QUESS,BPO/ITeS,3377.13,NSE,226.54,1.54,2,2025-09,,3103.81,2025-09,16658.52,92.45,2025-09,38.59,-6.69,3.03,2,2025-03,0.01,2.43,3.81,"QUESS,"
TechNVision Ventures Ltd.,TECHNVISN,IT - Software,2931.49,BSE,4673.00,4.98,2,2025-03,14.45,2895.2,2025-06,232.01,-2.02,2025-06,0,0,377.61,2,2025-03,0.89,1.56,9.84,"TECHNVISN,"
RPSG Ventures Ltd.,RPSGVENT,IT - Software,2781.74,NSE,843.60,0.57,2,2025-03,4879.47,6710.44,2025-06,10063.45,79.49,2025-06,0,0,0.97,2,2025-03,1.87,6.26,16.49,"RPSGVENT,"
Nucleus Software Exports Ltd.,NUCLEUS,IT - Software,2714.93,NSE,1030.90,0.00,2,2025-09,,2630.83,2025-09,865.89,161.23,2025-09,16.84,1.31,3.2,2,2025-03,0,20.48,27.62,"NUCLEUS,"
Brightcom Group Ltd.,BCG,IT - Software,2648.3,NSE,13.11,3.07,2,2025-03,0,1494.9,2025-06,5419.73,761.39,2025-06,3.48,0.38,0.3,2,2025-03,0,8.62,12.32,"BCG,"
Saksoft Ltd.,SAKSOFT,IT - Software,2587.73,NSE,195.27,-0.35,2,2025-03,54.28,2444.7,2025-06,931.08,115.56,2025-06,22.39,0.97,4.01,2,2025-03,0.09,19.57,25.35,"SAKSOFT,"
GHV Infra Projects Ltd.,GHVINFRA,IT - Software,2395.77,BSE,334.00,0.85,1,2025-09,235.77,2594.43,2025-09,447.65,32.88,2025-09,72.86,0.12,24.69,1,2024-03,0,0,0,"GHVINFRA,"
Hinduja Global Solutions Ltd.,HGS,BPO/ITeS,2357.88,NSE,504.85,0.18,2,2025-03,1525.47,3027.42,2025-06,4368.49,-107.12,2025-06,0,0,0.31,2,2025-03,0.2,-1.55,3.21,"HGS,"
Ceinsys Tech Ltd.,CEINSYSTECH,IT - Software,2353.34,BSE,1319.05,-5.00,2,2025-09,64.16,2265.27,2025-09,574.23,87.2,2025-09,24.25,1.04,5.04,2,2025-03,0.11,21.46,27.28,"CEINSYSTECH,"
Ramco Systems Ltd.,RAMCOSYS,IT - Software,2330.27,NSE,624.30,-2.42,2,2025-09,,2281.2,2025-09,648.94,8.59,2025-09,268.59,,7.19,2,2025-03,0,-13.02,-6.54,"RAMCOSYS,"
Digitide Solutions Ltd.,DIGITIDE,IT - Software,2320.63,NSE,155.91,4.50,2,2025-09,49.22,2292.94,2025-03,3268.73,137.75,2025-03,,,,2,2025-03,0.09,20.73,27.4,"DIGITIDE,"
Sasken Technologies Ltd.,SASKEN,IT - Software,2250.3,NSE,1490.20,8.17,2,2025-09,,2184.25,2025-09,821.55,41.04,2025-09,57.3,-6.66,2.85,2,2025-03,0,6.56,8.32,"SASKEN,"
Genesys International Corporation Ltd.,GENESYS,IT - Software,1999.38,NSE,478.25,-1.08,2,2025-03,109.84,2091.31,2025-06,326.14,57.78,2025-06,34.5,0.36,3,2,2025-03,0.2,10.86,15.32,"GENESYS,"
Accelya Solutions India Ltd.,ACCELYA,IT - Software,1990.86,NSE,1331.00,-1.48,2,2025-06,0,1911.83,2025-09,537.87,126.17,2025-09,15.78,1.91,6.48,2,2025-06,0,46.03,63.52,"ACCELYA,"
One Mobikwik Systems Ltd.,MOBIKWIK,Fintech,1958.6,NSE,249.75,1.75,2,2025-09,323.38,1423.41,2025-09,1078.84,-181.86,2025-09,0,,3.74,2,2025-03,0.52,-39.01,-8.65,"MOBIKWIK,"
Bharat Global Developers Ltd.,BGDL,IT - Software,1782.68,BSE,176.05,-4.35,1,2025-03,87.57,1869.77,2025-06,634.48,14.92,2025-06,119.5,0.26,9.3,1,2025-03,0.46,11,11.29,"BGDL,"
Quick Heal Technologies Ltd.,QUICKHEAL,IT - Software,1701.31,NSE,313.85,0.90,2,2025-09,,1694.47,2025-09,276.5,-0.74,2025-09,0,0,3.81,2,2025-03,0,1.18,0.28,"QUICKHEAL,"
D-Link (India) Ltd.,DLINKINDIA,IT - Networking,1569.85,NSE,442.00,1.96,2,2025-09,,1514.46,2025-09,1427.93,103.68,2025-09,15.14,0.57,3.32,2,2025-03,0,22.9,30.84,"DLINKINDIA,"
Megasoft Ltd.,MEGASOFT,IT - Software,1566.51,NSE,210.16,-0.28,2,2025-09,,1542.43,2025-09,0,143.82,2025-09,11.36,,6.21,2,2025-03,1.19,6.29,9.66,"MEGASOFT,"
Expleo Solutions Ltd.,EXPLEOSOL,IT - Software,1520.93,NSE,980.20,-1.51,2,2025-03,0,1291.58,2025-06,1032.28,99.77,2025-06,15.24,0.73,2.32,2,2025-03,0,16.56,22.86,"EXPLEOSOL,"
Infobeans Technologies Ltd.,INFOBEAN,IT - Software,1494.63,NSE,619.55,4.28,2,2025-09,,1441.4,2025-09,436.84,63.49,2025-09,23.54,1.82,4.06,2,2025-03,0,12.31,17.59,"INFOBEAN,"
Unicommerce eSolutions Ltd.,UNIECOM,IT - Software,1433.23,NSE,128.84,3.38,2,2025-03,0.45,1431.11,2025-03,134.79,17.62,2025-03,81.06,,9.4,2,2025-03,0.01,33.15,35.51,"UNIECOM,"
NIIT Ltd.,NIITLTD,IT - Education,1378.62,NSE,100.59,1.31,2,2025-09,0.33,1330.46,2025-09,373.46,32.8,2025-09,42.7,-3.63,1.29,2,2025-03,0,4.83,5.69,"NIITLTD,"
Blue Cloud Softech Solutions Ltd.,BLUECLOUDS,IT - Software,1356.4,BSE,31.09,-3.06,2,2025-03,90.08,1443.48,2025-06,771.67,48.18,2025-06,28.15,,9.96,2,2025-03,0.74,44.47,37.89,"BLUECLOUDS,"
Alldigi Tech Ltd.,ALLDIGI,BPO/ITeS,1337.93,NSE,875.45,-1.00,2,2025-09,,1286.53,2025-09,576.89,71.72,2025-09,18.65,1.98,5.4,2,2025-03,0,32.99,45.53,"ALLDIGI,"
One Point One Solutions Ltd.,ONEPOINT,BPO/ITeS,1323.81,NSE,50.35,3.26,2,2025-03,7.09,1317.39,2025-06,264.22,34.99,2025-06,37.83,1.27,3.19,2,2024-03,0.22,23.32,29.26,"ONEPOINT,"
Aurum Proptech Ltd.,AURUM,IT - Software,1304.99,NSE,170.23,-0.97,2,2025-09,61.81,1312.14,2025-09,285.89,-34.27,2025-09,0,,2.68,2,2025-03,0.31,-19.31,-4.18,"AURUM,"
IZMO Ltd.,IZMO,IT - Software,1291.22,NSE,867.20,-4.02,2,2025-03,9.65,1276.35,2025-06,233.54,48.86,2025-06,26.43,0.74,3.55,2,2025-03,0.03,14.75,16.24,"IZMO,"
Dynacons Systems & Solutions Ltd.,DSSL,IT - Software,1113.53,NSE,874.95,-1.81,2,2025-03,51.89,1060.87,2025-06,1275.11,74.53,2025-06,14.97,0.23,4.48,2,2025-03,0.23,37.52,46.62,"DSSL,"
Kellton Tech Solutions Ltd.,KELLTONTEC,IT - Software,1113.14,NSE,21.09,0.29,2,2025-03,177.34,1262.95,2025-06,1131.37,82.43,2025-06,13.5,5.44,1.88,2,2025-03,0.33,16.38,17.31,"KELLTONTEC,"
Matrimony.Com Ltd.,MATRIMONY,BPO/ITeS,1107.07,NSE,513.15,0.67,2,2025-03,0,1042.69,2025-06,450.58,40,2025-06,27.88,3.13,4.46,2,2025-03,0,17.12,23.49,"MATRIMONY,"
Silver Touch Technologies Ltd.,SILVERTUC,IT - Software,1049.29,NSE,824.60,4.41,2,2025-03,43.48,1075.33,2025-06,298.12,22.91,2025-06,45.79,1.37,7.62,2,2025-03,0.33,18.21,22.66,"SILVERTUC,"
Creative Newtech Ltd.,CREATIVE,BPO/ITeS,1045.31,NSE,696.10,-0.19,2,2025-03,71.8,1061.88,2025-06,1868.3,54.21,2025-06,19.75,0.42,3.44,2,2024-03,0.36,29.88,27.4,"CREATIVE,"
Innovana Thinklabs Ltd.,INNOVANA,IT - Software,995.5,NSE,481.85,-0.66,2,2025-03,5.26,988.69,2025-06,110.45,44.22,2025-06,21.21,1.4,4.57,2,2025-03,0.03,22.57,31.14,"INNOVANA,"
Xchanging Solutions Ltd.,XCHANGING,IT - Software,984.92,NSE,88.37,-1.73,2,2025-09,88.79,769.81,2025-09,199.18,59.16,2025-09,16.65,-8.54,2.68,2,2025-03,0.24,13.92,15.46,"XCHANGING,"
Allied Digital Services Ltd.,ADSL,IT - Software,979.39,NSE,173.43,2.05,2,2025-09,98.3,900.07,2025-09,877.64,40.11,2025-09,25.64,2.38,1.62,2,2025-03,0.12,5.54,10.72,"ADSL,"
Sahana System Ltd.,SAHANA,IT - Software,974.11,NSE,1102.30,-2.75,1,2025-03,12.16,957.35,2025-03,108.41,17.27,2025-03,56.39,,6.75,2,2025-03,0.07,33.73,44.13,"SAHANA,"
Veefin Solutions Ltd.,VEEFIN,IT - Software,923.29,BSE,359.35,-0.70,1,2025-03,12.72,893.01,2025-03,37.32,11.15,2025-03,82.8,,5.31,2,2025-03,0.03,6.2,7.15,"VEEFIN,"
Vakrangee Ltd.,VAKRANGEE,BPO/ITeS,918.55,NSE,8.49,2.04,2,2025-09,,826.63,2025-09,268.97,9.91,2025-09,93.91,-2.53,4.4,2,2025-03,0,4.31,6.07,"VAKRANGEE,"
RNFI Services Ltd.,RNFI,Fintech,910.2,NSE,363.20,-1.82,1,2025-03,15.76,806.75,2025-03,275.45,14.13,2025-03,64.4,,8.38,2,2025-03,0.14,28.01,32.79,"RNFI,"
Kody Technolab Ltd.,KODYTECH,IT - Software,850.58,NSE,667.25,-1.89,1,2025-03,13.06,859.44,2025-03,71.77,17.62,2025-03,48.27,,15.56,2,2025-03,0.24,32.23,27.16,"KODYTECH,"
Mindteck (India) Ltd.,MINDTECK,IT - Software,819.15,NSE,256.05,2.28,2,2025-03,0,684.94,2025-06,417.57,31.05,2025-06,26.38,0.41,3.07,2,2025-03,0,12.03,15.14,"MINDTECK,"
Nintec Systems Ltd.,NINSYS,IT - Software,789.76,NSE,420.35,-1.75,2,2025-03,2.11,765.66,2025-06,145.75,28.24,2025-06,27.97,,11.45,2,2025-03,0.03,54.66,70.04,"NINSYS,"
Trident Techlabs Ltd.,TECHLABS,IT - Software,767.02,NSE,443.85,4.44,1,2025-03,12.7,773.14,2025-03,76.57,11.52,2025-03,66.61,,13.21,2,2025-03,0.22,21.99,26.7,"TECHLABS,"
Iris Business Services Ltd.,IRIS,BPO/ITeS,760.86,NSE,369.65,5.00,2,2025-03,3.45,729.61,2025-06,128.18,10.59,2025-06,73.28,0.77,10.3,2,2025-03,0.05,23.36,30.81,"IRIS,"
KSolves India Ltd.,KSOLVES,IT - Software,745.74,NSE,315.50,-0.69,2,2025-09,2.5,730.55,2025-09,148.38,31.01,2025-09,24.05,0.2,22.45,2,2025-03,0.43,153.95,172.63,"KSOLVES,"
Subex Ltd.,SUBEXLTD,IT - Software,701.38,NSE,12.46,-0.24,2,2025-03,0,623,2025-06,283.85,-7.42,2025-06,0,,2.23,2,2025-03,0,-9.96,-5.52,"SUBEXLTD,"
Onmobile Global Ltd.,ONMOBILE,IT - Software,693.43,NSE,65.10,-4.48,2,2025-09,77.21,635.6,2025-09,573.71,8.39,2025-09,79.92,,1.06,2,2025-03,0.07,-6.45,-4.15,"ONMOBILE,"
Tera Software Ltd.,TERASOFT,IT - Software,687.72,NSE,547.80,3.75,2,2025-03,19.93,697.25,2025-06,115.54,10.99,2025-06,62.58,,5.41,2,2025-03,0.16,8.02,11.25,"TERASOFT,"
Onward Technologies Ltd.,ONWARDTEC,IT - Software,668.62,NSE,295.70,0.14,2,2025-09,,601.95,2025-09,522.8,41.12,2025-09,16.26,0.48,2.88,2,2025-03,0,12.89,17.86,"ONWARDTEC,"
MOS Utility Ltd.,MOS,Fintech,643.6,NSE,25.00,3.31,1,2025-03,16.97,633.01,2025-03,207.94,11.22,2025-03,57.36,,5.74,2,2025-03,0.2,16.73,22.52,"MOS,"
Aptech Ltd.,APTECHT,IT - Education,617.44,NSE,105.95,-1.44,2,2025-09,,591.6,2025-09,484.21,21.71,2025-09,28.44,3.73,2.6,2,2025-03,0,7.48,14.04,"APTECHT,"
Digispice Technologies Ltd.,DIGISPICE,IT - Software,589.19,NSE,25.21,0.40,2,2025-03,76.71,281.93,2025-06,462.4,-30,2025-06,0,0,2.59,2,2024-03,0.11,21.7,21.15,"DIGISPICE,"
Vinsys IT Services India Ltd.,VINSYS,IT - Software,587.63,NSE,400.35,3.99,1,2025-03,19.35,593.66,2025-03,58.59,11.32,2025-03,51.92,,6.89,2,2025-03,0.15,25.95,28.69,"VINSYS,"
ABM Knowledgeware Ltd.,ABMKNO,IT - Software,572.56,BSE,289.90,-3.22,2,2025-03,0,544.48,2025-06,100.15,21.11,2025-06,38.8,-23.66,2.39,2,2025-03,0,7.49,9.81,"ABMKNO,"
TechD Cybersecurity Ltd.,TECHD,IT - Software,569.17,NSE,760.95,-5.00,1,2025-03,0.32,560.12,,,,2025-03,67.79,,9.31,1,2025-03,0.01,62.33,81.5,"TECHD,"
Sigma Solve Ltd.,SIGMA,BPO/ITeS,565.26,NSE,55.36,0.33,2,2025-09,3.11,563.69,2025-09,89.36,22.89,2025-09,24.71,,9.11,2,2025-03,0.07,47.93,59.21,"SIGMA,"
XT Global Infotech Ltd.,XTGLOBAL,IT - Software,526.1,NSE,38.89,-0.28,2,2025-03,33.1,548.44,2025-06,277.14,11.03,2025-06,45.82,2.23,3.09,2,2025-03,0.2,6.14,8.26,"XTGLOBAL,"
Tracxn Technologies Ltd.,TRACXN,IT - Software,519.27,NSE,48.83,-0.53,1,2025-09,,517.38,2025-09,84.98,-10.6,2025-09,0,,9.56,1,2025-03,0,-20.16,10.21,"TRACXN,"
CyberTech Systems And Software Ltd.,CYBERTECH,IT - Software,518.48,NSE,166.44,-5.00,2,2025-09,,401.06,2025-09,237.04,35.46,2025-09,14.62,0.68,2.69,2,2025-03,0.02,15.02,19.87,"CYBERTECH,"
All E Technologies Ltd.,ALLETEC,IT - Software,516.67,NSE,255.85,-0.97,2,2025-09,0.55,378.26,2025-09,138.34,31,2025-09,16.67,,3.55,2,2025-03,0,23.91,30.9,"ALLETEC,"
SoftTech Engineers Ltd.,SOFTTECH,IT - Software,458.24,NSE,343.25,-2.71,2,2025-03,34.43,455.74,2025-06,102.51,1.86,2025-06,282,-10.31,2.72,2,2025-03,0.21,0.91,4.67,"SOFTTECH,"
Alphalogic Techsys Ltd.,ALPHALOGIC,BPO/ITeS,458.13,BSE,73.17,-0.96,2,2025-03,0.84,458.94,2025-06,65.56,6.17,2025-06,96.49,,9.42,2,2025-03,0.02,14.64,19.32,"ALPHALOGIC,"
Ace Software Exports Ltd.,ACESOFT,IT - Software,416.36,BSE,326.15,3.28,2,2025-03,5.73,383.82,2025-06,39.59,5.71,2025-06,74.1,1.96,4.64,2,2025-03,0.06,9.43,11.19,"ACESOFT,"
Inspirisys Solutions Ltd.,INSPIRISYS,IT - Software,402.03,NSE,98.75,9.99,2,2025-09,82.88,478.83,2025-09,404.16,33.24,2025-09,10.31,0.15,5.94,2,2025-03,1.36,60.19,25.49,"INSPIRISYS,"
Dev Accelerator Ltd.,DEVX,IT - Software,400.79,NSE,44.49,0.98,2,2025-03,130.67,528.1,,,,2025-03,231.4,,2.06,2,2025-03,2.39,4.64,29.97,"DEVX,"
Systango Technologies Ltd.,SYSTANGO,IT - Software,400.24,NSE,272.85,6.40,1,2025-09,,376.33,2025-03,61.33,23.2,2025-03,17.25,,3.98,2,2025-03,0,26.26,32.26,"SYSTANGO,"
Virtual Galaxy Infotech Ltd.,VGINFOTECH,IT - Software,397.9,NSE,160.00,-0.87,1,2025-03,39.73,435.07,2025-03,120.14,32.12,2025-03,12.39,,2.13,2,2024-03,0.93,53.85,36.4,"VGINFOTECH,"
Pelatro Ltd.,PELATRO,IT - Software,396.34,NSE,374.00,3.30,2,2025-09,13.71,389.35,2025-03,85.77,11.89,2025-03,33.32,,4.41,2,2025-03,0.18,26,27.2,"PELATRO,"
Bartronics India Ltd.,ASMS,IT - Software,394.12,NSE,13.09,1.08,1,2025-03,0.18,392.68,2025-06,35.3,1.3,2025-06,302.94,20.3,13.73,1,2025-03,0.01,6.38,8.9,"ASMS,"
FCS Software Solutions Ltd.,FCSSOFT,IT - Software,377.81,NSE,2.20,-0.90,2,2025-03,0,324.38,2025-06,35.67,2.79,2025-06,135.13,8.01,1.47,2,2025-03,0,1.46,4.04,"FCSSOFT,"
Danlaw Technologies India Ltd.,DANLAW,IT - Software,372.14,BSE,767.40,1.47,1,2025-03,22.12,371.9,2025-06,225.85,18.93,2025-06,19.66,0.39,4.64,1,2025-03,0.29,28.11,31.09,"DANLAW,"
Trejhara Solutions Ltd.,TREJHARA,IT - Software,367.77,NSE,253.70,4.71,2,2025-03,,354.54,2025-06,30.97,3.05,2025-06,120.7,-8.7,1.63,2,2024-03,0,6.69,7.29,"TREJHARA,"
Ekansh Concepts Ltd.,EKANSH,IT - Software,358.83,BSE,233.00,0.04,2,2025-03,11.13,368.43,2025-06,37.06,2.04,2025-06,163.1,9.06,7.31,2,2024-03,1.18,-8.13,4.71,"EKANSH,"
3I Infotech Ltd.,3IINFOLTD,IT - Software,349.05,NSE,16.83,-1.29,2,2025-03,39.33,328.73,2025-06,716.56,70.74,2025-06,4.93,-0.28,0.93,2,2025-03,0.13,8.61,5.63,"3IINFOLTD,"
Softsol India Ltd.,SOFTSOL,IT - Software,340.16,BSE,230.40,-0.95,1,2025-03,,339.15,2025-06,12.93,10.53,2025-06,32.29,2.05,2.97,2,2024-03,0,6.76,10.04,"SOFTSOL,"
Avance Technologies Ltd.,AVANCE,IT - Software,334.94,BSE,1.69,-4.52,2,2025-03,55.78,370.22,2025-06,162.32,4.73,2025-06,70.83,,0.88,2,2025-03,0.15,1.4,1.81,"AVANCE,"
Take Solutions Ltd.,TAKE,IT - Software,331.82,NSE,22.61,-2.54,2,2025-09,,331.67,2025-09,0,3.66,2025-09,6.89,0.18,12.86,2,2025-03,0,12.67,13.63,"TAKE,"
Sat Kartar Shopping Ltd.,SATKARTAR,e-Commerce,300.57,NSE,190.90,-0.05,1,2025-09,2.26,273.65,2025-03,162.92,9.82,2025-03,30.62,,5.84,1,2025-03,0.11,32.22,39.89,"SATKARTAR,"
AION-Tech Solutions Ltd.,GOLDTECH,IT - Software,298.57,NSE,57.66,0.10,2,2025-03,2.36,271.79,2025-06,90.34,16.17,2025-06,16.53,,1.01,2,2025-03,0.02,12.16,16.07,"GOLDTECH,"
Intense Technologies Ltd.,INTENTECH,IT - Software,280.63,NSE,118.00,1.66,2,2025-09,0.2,253.49,2025-09,132.59,10.23,2025-09,27.43,-22.3,1.95,2,2025-03,0,12.29,15.25,"INTENTECH,"
Airan Ltd.,AIRAN,IT - Software,279.92,NSE,22.49,0.99,2,2025-03,2.28,254.6,2025-06,106.04,0.23,2025-06,0,0,1.9,2,2025-03,0.02,13.88,17.42,"AIRAN,"
Virinchi Ltd.,VIRINCHI,IT - Software,278.79,NSE,27.42,1.14,2,2025-03,159.99,431.02,2025-06,305.35,-0.2,2025-06,0,0,0.59,2,2025-03,0.34,0.11,6.54,"VIRINCHI,"
Akiko Global Services Ltd.,AKIKO,BPO/ITeS,277.96,NSE,258.10,-4.37,1,2025-09,5,281.89,2025-03,63.45,5.96,2025-03,46.65,,6.65,2,2025-03,0.05,18.06,22.61,"AKIKO,"
DRC Systems India Ltd.,DRCSYSTEMS,IT - Software,274.33,NSE,19.04,1.49,2,2025-03,0,272.27,2025-06,68.31,15.41,2025-06,17.62,,2.95,2,2025-03,0,27.39,30.37,"DRCSYSTEMS,"
CapitalNumbers Infotech Ltd.,CNINFOTECH,IT - Software,274.19,BSE,112.25,-0.75,1,2025-03,0,186.07,2025-03,99.72,25.76,2025-03,10.65,,1.75,2,2025-03,0,23,30.47,"CNINFOTECH,"
Artificial Electronics Intelligent Material Ltd.,AEIM,IT - Software,265.52,BSE,156.50,5.00,1,2025-09,0.01,263.89,2025-09,61.2,12.8,2025-09,20.74,0.32,6.33,1,2025-03,0,17.78,22.9,"AEIM,"
Meta Infotech Ltd.,METAINFO,IT - Software,263.77,BSE,140.00,3.24,1,2025-03,17.35,280.3,,,,2025-03,18.43,,2.18,1,2025-03,0.39,38.38,45.36,"METAINFO,"
Dev Information Technology Ltd.,DEVIT,IT - Software,225.8,NSE,40.04,-0.60,2,2025-03,18.36,242.26,2025-06,178.19,13.24,2025-06,16.79,0.35,3.19,2,2025-03,0.27,23.89,26.64,"DEVIT,"
Trigyn Technologies Ltd.,TRIGYN,IT - Software,223.26,NSE,73.41,-0.65,2,2025-03,8.92,-180.89,2025-06,879.62,-0.3,2025-06,0,0,0.3,2,2025-03,0.01,1.63,4.03,"TRIGYN,"
Sattrix Information Security Ltd.,SATTRIX,IT - Software,216,BSE,317.65,4.99,1,2025-03,1.74,205.98,2025-03,43.92,4.24,2025-03,50.91,,6.12,2,2025-03,0.05,16.16,23.67,"SATTRIX,"
Titan Intech Ltd.,TITANIN,IT - Software,215.72,BSE,2.86,4.76,1,2025-03,2.85,218.11,2025-06,27.17,4.16,2025-06,51.79,0.95,1.64,1,2025-03,0.04,7.19,6.38,"TITANIN,"
NSB BPO Solutions Ltd.,NSBBPO,BPO/ITeS,213.91,BSE,107.10,2.00,1,2025-03,23.61,232.04,,,,2025-03,25.06,,1.07,2,2025-03,0.17,6.96,10.17,"NSBBPO,"
Cura Technologies Ltd.,CURAA,IT - Software,208.49,NSE,194.54,5.00,1,2025-03,4.46,212.85,2025-06,0.14,-0.53,2025-06,0,,26.53,1,2025-03,0.63,-17.22,-10.73,"CURAA,"
Optivalue Tek Consulting Ltd.,OPTIVALUE,IT - Software,207.66,NSE,88.70,-1.93,1,2025-03,5.53,208.61,,,,2025-03,17.11,,2.48,1,2025-03,0.17,49.02,54.74,"OPTIVALUE,"
Infinity Infoway Ltd.,INFINITY,IT - Software,207.1,BSE,380.00,2.56,1,2025-03,0.23,203.21,,,,-0,,,,2,2025-03,0.02,47.33,61.72,"INFINITY,"
Silverline Technologies Ltd.,SILVERLINE,IT - Software,202.71,BSE,13.00,,1,2025-03,33.95,236.13,2025-06,133.04,10.7,2025-06,18.94,,1.54,1,2024-03,1.45,0.05,0.04,"SILVERLINE,"
Atishay Ltd.,ATISHAY,IT - Software,202.17,BSE,183.00,-4.04,1,2025-09,4.75,203.91,2025-09,58.22,7.96,2025-09,25.4,1.08,3.95,1,2025-03,0.08,15.47,20.66,"ATISHAY,"
Macobs Technologies Ltd.,MACOBSTECH,e-Commerce,202.17,NSE,206.40,-0.24,1,2025-03,0.62,196.82,2025-03,23.61,2.61,2025-03,77.58,,7.2,1,2025-03,0.02,13.74,18.39,"MACOBSTECH,"
Fidel Softech Ltd.,FIDEL,IT - Software,193.2,NSE,140.50,-3.73,2,2025-09,18.46,200.46,2025-03,55.04,9.33,2025-03,20.7,,3.95,2,2025-03,0,20.6,27.71,"FIDEL,"
7Seas Entertainment Ltd.,7SEASL,IT - Software,189.87,BSE,85.06,-0.26,1,2025-03,1.17,190.73,2025-06,17.63,1.94,2025-06,97.62,3.87,9.18,1,2024-03,0.04,20.73,18.4,"7SEASL,"
Xelpmoc Design And Tech Ltd.,XELPMOC,IT - Software,188.4,NSE,121.98,-1.84,2,2025-03,0,187.76,2025-06,3.95,-6.93,2025-06,0,,3.33,2,2025-03,0,-14.1,-12.61,"XELPMOC,"
Ace Alpha Tech Ltd.,ACEALPHA,IT - Software,182.61,BSE,104.00,,1,2025-03,0,182.16,2025-03,15.53,11.2,2025-03,16.31,,2.85,1,2025-03,0,41,54.34,"ACEALPHA,"
GVP Infotech Ltd.,GVPTECH,IT - Software,171.52,NSE,9.32,0.54,1,2025-09,,112.42,2025-09,7.69,-90.99,2025-09,0,,0.91,1,2025-03,0,-1.58,-1.54,"GVPTECH,"
Enser Communications Ltd.,ENSER,BPO/ITeS,169.96,NSE,19.50,,1,2025-03,18.29,177.72,2025-03,70.32,8.18,2025-03,20.77,,4.99,2,2025-03,0.53,25.46,25.45,"ENSER,"
Covance Softsol Ltd.,COVANCE,IT - Software,167.77,BSE,75.76,1.99,2,2025-09,,164.77,2025-09,124.73,14.48,2025-09,11.59,,1.14,2,2025-03,0.8,16.17,14.28,"COVANCE,"
Cressanda Railway Solutions Ltd.,CRSL,IT - Software,164.6,BSE,3.90,-0.51,2,2025-03,0,164.23,2025-06,18.54,-2.96,2025-06,0,,0.99,2,2025-03,0,0.33,0.39,"CRSL,"
Citizen Infoline Ltd.,CIL,IT - Software,164.08,BSE,304.00,2.00,1,2025-03,0,164.05,2025-06,4.61,0.05,2025-06,0,0,35.22,1,2025-03,0,0.71,0.88,"CIL,"
Canarys Automations Ltd.,CANARYS,IT - Software,160.72,NSE,28.10,-1.58,1,2025-03,7.14,140.05,2025-03,85.96,8.79,2025-03,18.29,,1.95,2,2025-03,0.09,10.93,14.36,"CANARYS,"
Enfuse Solutions Ltd.,ENFUSE,e-Commerce,160.19,NSE,181.05,-5.21,1,2025-03,25.16,181.54,2025-03,43.48,3.24,2025-03,49.36,,4.57,2,2025-03,0.72,9.26,12.42,"ENFUSE,"
Naapbooks Ltd.,NBL,IT - Software,157.26,BSE,145.80,,1,2025-03,0.64,157.19,2025-03,12.18,4.48,2025-03,35.09,,4.68,2,2024-03,0.11,13.57,17.45,"NBL,"
Intrasoft Technologies Ltd.,ISFT,BPO/ITeS,157.18,NSE,96.42,-0.69,2,2025-03,12.79,165.57,2025-06,512.94,13.07,2025-06,12.02,0.28,0.68,2,2025-03,0.06,5.77,6.12,"ISFT,"
BITS Ltd.,BITS,IT - Education,154.16,BSE,13.78,-4.97,2,2025-09,,153.79,2025-09,1.26,0.35,2025-09,404.63,15.55,7.55,2,2025-03,0,1.15,1.15,"BITS,"
RS Software (India) Ltd.,RSSOFTWARE,IT - Software,148.56,NSE,57.21,-9.75,2,2025-09,,142.91,2025-09,35.2,-9.91,2025-09,0,0,3.1,2,2025-03,0,18.18,18.61,"RSSOFTWARE,"
Hypersoft Technologies Ltd.,HYPERSOFT,IT - Software,148.28,BSE,91.24,4.99,1,2025-03,0,147.78,2025-06,17.84,1.05,2025-06,140.68,2.74,9.87,1,2025-03,0,9.93,20.58,"HYPERSOFT,"
Reliable Data Services Ltd.,RELIABLE,IT - Software,147.68,NSE,142.75,4.99,2,2025-03,46.53,193.61,2025-06,149.58,11.04,2025-06,13.49,0.68,2.51,2,2025-03,0.81,19.49,18.53,"RELIABLE,"
Smartlink Holdings Ltd.,SMARTLINK,IT - Networking,145.78,NSE,145.78,-1.43,2,2025-09,,142.14,2025-09,226.45,10.41,2025-09,13.99,0.65,0.73,2,2025-03,0.01,3.42,3.37,"SMARTLINK,"
Elnet Technologies Ltd.,ELNET,IT - Software,145.62,BSE,364.05,-0.34,1,2025-09,4.26,67.47,2025-09,23.44,19.1,2025-09,7.63,0.76,0.88,1,2025-03,0.03,11.88,15.36,"ELNET,"
Compucom Software Ltd.,COMPUSOFT,IT - Education,145.35,NSE,18.39,-0.38,2,2025-03,29.61,124.69,2025-06,35.07,3.58,2025-06,40.56,1.44,1.02,2,2025-03,0.21,1.05,3.53,"COMPUSOFT,"
Trust Fintech Ltd.,TRUST,IT - Software,140.57,NSE,59.00,-0.67,1,2025-03,0,135.79,2025-03,31.26,9,2025-03,15.62,,1.37,2,2025-03,0,11.55,16.22,"TRUST,"
Delaplex Ltd.,DELAPLEX,IT - Software,132.09,NSE,145.00,-2.23,1,2025-03,0,127.98,2025-03,55.76,10.34,2025-03,12.78,,1.83,2,2025-03,0,16.44,21.13,"DELAPLEX,"
Diensten Tech Ltd.,DTL,IT - Software,129.4,NSE,156.65,0.00,1,2025-03,32.16,150.76,2025-03,64.86,-2.12,2025-03,0,,6.81,1,2025-03,1.69,-20.26,0.31,"DTL,"
Secmark Consultancy Ltd.,SECMARK,BPO/ITeS,128.34,NSE,122.20,5.44,2,2025-03,6.56,118.42,2025-06,35.94,3.24,2025-06,39.64,1.29,6.58,2,2025-03,0.32,23.7,22.41,"SECMARK,"
MPS Infotecnics Ltd.,VISESHINFO,IT - Software,128.33,NSE,0.33,,2,2025-03,31.48,124.86,2025-06,0.42,-9.64,2024-09,0,,0.3,1,2022-03,0.05,-0.95,-0.94,"VISESHINFO,"
Jetking Infotrain Ltd.,JETKINGQ,IT - Education,126.89,BSE,201.30,-4.98,2,2025-09,0.49,123.07,2025-09,24.22,4.39,2025-09,26.66,1.36,2.35,2,2025-03,0.01,8.53,10.12,"JETKINGQ,"
Odyssey Technologies Ltd.,ODYSSEY,IT - Software,125.71,BSE,80.80,-0.35,1,2025-09,,92.21,2025-09,27.47,4.41,2025-09,28.52,0.5,2.22,1,2025-03,0,8.04,10.76,"ODYSSEY,"
CG-VAK Software & Exports Ltd.,CGVAK,IT - Software,125.47,BSE,246.35,-2.86,2,2025-03,0,115.42,2025-06,77.25,10.34,2025-06,12.14,0.63,1.69,2,2025-03,0,13.83,19.67,"CGVAK,"
Rox Hi-Tech Ltd.,ROXHITECH,IT - Networking,119.53,NSE,46.10,-0.43,1,2025-03,46.58,138.66,2025-03,186.51,19.32,2025-03,6.19,,1.06,2,2025-03,0.42,18.1,19.63,"ROXHITECH,"
Athena Global Technologies Ltd.,ATHENAGLO,IT - Software,117.91,BSE,80.10,-1.17,2,2025-03,89.02,206.12,2025-06,14.48,-19.74,2025-06,0,,0.65,2,2024-03,0.43,217.68,123.87,"ATHENAGLO,"
Odigma Consultancy Solutions Ltd.,ODIGMA,IT - Software,116.97,NSE,36.99,-0.56,1,2025-03,,89.73,2025-06,40.34,0.41,2025-06,286.69,,,1,-0,,,,"ODIGMA,"
AAA Technologies Ltd.,AAATECH,BPO/ITeS,116.88,NSE,91.99,1.78,1,2025-09,,91.95,2025-09,29.73,3.52,2025-09,33.16,-32.83,3.79,1,2025-03,0,11.94,16.03,"AAATECH,"
Sofcom Systems Ltd.,SOFCOM,IT - Software,113.93,BSE,47.07,-15.89,2,2025-03,0.4,114.17,2025-03,8.28,0.78,2025-03,146.44,3.75,1.23,1,2024-03,0,3.64,4.46,"SOFCOM,"
Orchasp Ltd.,ORCHASP,IT - Software,111.67,NSE,3.41,1.79,2,2025-03,15.66,127.01,2025-03,21.08,-10.52,2025-03,0,,0.97,2,2025-03,0.14,-9.56,-8.26,"ORCHASP,"
Cambridge Technology Enterprises Ltd.,CTE,IT - Software,103.83,NSE,52.80,1.29,2,2025-03,86.24,169.53,2025-06,195.43,-39.03,2025-06,0,,1.51,2,2025-03,1.27,-53.28,-19.11,"CTE,"
California Software Company Ltd.,CALSOFT,IT - Software,103.56,NSE,16.34,-6.95,2,2025-03,0.8,102.32,2025-06,5.92,0.77,2025-06,134.67,2.15,1.75,2,2024-03,0.68,5.43,4.42,"CALSOFT,"
Kandarp Digi Smart BPO Ltd.,KANDARP,BPO/ITeS,102.79,NSE,114.55,5.00,1,2025-03,4.2,105.69,2025-03,24.34,1.59,2025-03,64.47,,5.23,1,2025-03,0.21,8.49,12.84,"KANDARP,"
Asit C Mehta Financial Services Ltd.,ASITCFIN,IT - Software,102.33,BSE,124.10,-0.72,2,2025-03,117.72,172.96,2025-06,70.92,-3.25,2025-06,0,0,4.42,2,2024-03,3.17,-86.34,0.01,"ASITCFIN,"
Maxgrow India Ltd.,MAXGROW,BPO/ITeS,100.5,BSE,25.16,,1,2024-09,0.17,100.63,2024-09,0,-0.14,2024-09,0,,4.12,1,2020-03,0,-0.72,-0.64,"MAXGROW,"
Jeevan Scientific Technology Ltd.,JSTL,IT - Software,95,BSE,60.00,-4.50,2,2025-03,15.14,109.9,2025-06,42.76,-4.18,2025-06,0,0,2.33,2,2025-03,0.34,0.14,3.17,"JSTL,"
WEP Solutions Ltd.,WEPSOLN,IT - Software,94.96,BSE,26.00,0.00,1,2025-03,14.55,93.61,2025-06,66.15,3.42,2025-06,27.73,0.19,1.5,1,2025-03,0.23,6.58,9.51,"WEPSOLN,"
Paramatrix Technologies Ltd.,PARAMATRIX,IT - Software,91.26,NSE,82.60,-4.73,1,2025-03,0,45.89,2025-03,20.93,4.01,2025-03,22.77,,1.54,2,2025-03,0,11.95,14.85,"PARAMATRIX,"
HandsOn Global Management (HGM) Ltd.,HGM,BPO/ITeS,87.7,NSE,69.63,-0.34,2,2025-03,0.71,80.86,2025-06,30.5,5.17,2025-06,16.97,0.38,3.4,2,2025-03,0.03,18.01,20.72,"HGM,"
Olatech Solutions Ltd.,OLATECH,IT - Software,86.34,BSE,194.00,,1,2025-03,2.35,81.27,2025-03,21.04,4.24,2025-03,20.36,,6.24,1,2025-03,0.17,39.98,40.29,"OLATECH,"
Aris International Ltd.,ARISINT,IT - Software,84.29,BSE,561.95,,1,2025-09,0.21,84.44,2025-09,0.32,0.09,2025-09,957.87,52.37,131.81,1,2024-03,0.45,24.51,18.59,"ARISINT,"
Riddhi Corporate Services Ltd.,RIDDHICORP,BPO/ITeS,82.78,BSE,68.78,-0.96,1,2025-03,8.34,71.66,2025-06,300.68,13.28,2025-06,6.24,0.12,1.18,1,2024-03,0.23,10.06,23.99,"RIDDHICORP,"
Suvidhaa Infoserve Ltd.,SUVIDHAA,Fintech,82.24,NSE,3.86,-1.28,2,2025-03,3.55,76.81,2025-06,7.42,-16.94,2025-06,0,,2.48,2,2024-03,0.06,-25.8,-23.4,"SUVIDHAA,"
Icodex Publishing Solutions Ltd.,ICODEX,IT - Software,81.61,BSE,52.19,-1.99,1,2025-03,2.99,80.97,,,,2025-03,9.11,,1.35,1,2025-03,0.16,64.81,82.78,"ICODEX,"
Sancode Technologies Ltd.,SANCODE,IT - Software,81.32,BSE,199.85,1.99,1,2025-03,1.46,81.68,2025-03,0.3,0.06,2025-03,0,,10.92,2,2025-03,0.26,14.95,7.3,"SANCODE,"
Vedavaag Systems Ltd.,VEDAVAAG,IT - Software,78.98,BSE,33.75,0.93,2,2025-03,4.69,78.73,2025-06,114.75,8.54,2025-06,9.25,1.51,0.57,2,2025-03,0.03,6.31,8.69,"VEDAVAAG,"
Praruh Technologies Ltd.,PRARUH,IT - Networking,76.61,BSE,55.00,6.86,1,2025-03,17.11,93.64,,,,2025-03,11.29,,1.84,1,2025-03,0.94,46.08,35.58,"PRARUH,"
Ram Info Ltd.,RAMINFO,IT - Software,73.86,BSE,89.99,5.28,2,2025-09,4.36,49.94,2025-09,31.95,2.63,2025-09,27.98,1.74,1.05,2,2025-03,0.16,3.56,4.3,"RAMINFO,"
Omega Interactive Technologies Ltd.,OMEGAIN,IT - Software,71.48,BSE,275.85,4.99,1,2025-09,,69.53,2025-09,40.48,4.71,2025-09,15.18,0.08,2.18,1,2024-03,18.11,-10.71,-0.5,"OMEGAIN,"
Vertexplus Technologies Ltd.,VERTEXPLUS,IT - Software,71.21,NSE,129.95,2.61,1,2025-03,4.98,75.58,2025-03,17.61,0.86,2025-03,83.14,,2.9,2,2025-03,0.21,3.74,5.98,"VERTEXPLUS,"
Bodhtree Consulting Ltd.,BODHTREE,IT - Software,70.19,BSE,32.10,-2.70,1,2025-09,0.32,56.53,2025-09,10.18,1.08,2025-09,64.87,,3.09,1,2025-03,0.04,-9.01,-8.06,"BODHTREE,"
Cranes Software International Ltd.,CRANESSOFT,IT - Software,70.05,BSE,4.61,0.44,2,2025-03,755.69,825.22,2025-06,7.39,-14.63,2025-06,0,0,-0.08,2,2025-03,-0.86,0,0,"CRANESSOFT,"
Identixweb Ltd.,IDENTIXWEB,IT - Software,68.91,BSE,66.00,-1.42,1,2025-03,0.38,62.35,2025-03,8.53,4.11,2025-03,16.76,,2.22,2,2025-03,0.03,27.37,34.63,"IDENTIXWEB,"
SA Tech Software India Ltd.,SATECH,IT - Software,68.35,NSE,52.35,-1.51,1,2025-03,11.67,77.66,2025-03,99.5,7.44,2025-03,9.19,,1.97,1,2024-03,1.1,38.05,34.36,"SATECH,"
Cadsys India Ltd.,CADSYS,BPO/ITeS,68.02,NSE,68.00,2.26,1,2025-03,111.91,177.88,2025-03,19.67,0.54,2025-03,125.98,-6.47,1.18,2,2025-03,3.82,-164.89,-43.27,"CADSYS,"
Adroit Infotech Ltd.,ADROITINFO,IT - Software,65.86,NSE,11.50,1.68,2,2025-09,21.46,86.99,2025-09,39.35,1.37,2025-09,48.18,,0.84,2,2025-03,0.2,1.29,3.97,"ADROITINFO,"
Securekloud Technologies Ltd.,SECURKLOUD,IT - Software,65.72,NSE,19.60,0.98,2,2025-03,104.43,110.34,2025-06,131.24,-171.81,2025-06,0,,-0.57,2,2025-03,4.26,-495.84,-20.94,"SECURKLOUD,"
Palred Technologies Ltd.,PALREDTEC,IT - Software,64.73,NSE,54.62,0.96,2,2025-03,55.88,64.78,2025-06,79.85,-11.76,2025-06,0,0,1.44,2,2025-03,1.15,-19.8,-2.56,"PALREDTEC,"
Sylph Technologies Ltd.,SYLPH,IT - Software,63.58,BSE,0.75,-3.85,2,2025-03,7.94,71.34,2018-03,2.99,-0.03,2018-03,0,,,1,2025-03,0.11,-1.97,-1.01,"SYLPH,"
Takyon Networks Ltd.,TAKYON,IT - Networking,63.02,BSE,44.00,-4.76,1,2025-03,12.07,74.78,,,,2025-03,9.87,,1.19,2,2025-03,0.34,21.92,25.94,"TAKYON,"
GSS Infotech Ltd.,GSS,IT - Software,62.54,NSE,23.97,-0.08,2,2025-03,176.18,231,2025-06,119.46,-2.99,2025-06,0,,0.18,2,2025-03,0.5,-0.39,0.02,"GSS,"
BLS Infotech Ltd.,BLSINFOTE,IT - Software,59.96,BSE,1.38,,1,2025-03,0,59.94,2025-06,0,0.02,2024-12,658.95,26.82,1.47,1,2025-03,0,0.01,0.01,"BLSINFOTE,"
Hiliks Technologies Ltd.,HILIKS,IT - Software,59,BSE,59.00,-4.52,1,2025-03,0,58.43,2025-06,7.72,0.51,2025-06,115.91,3.08,2.36,1,2025-03,0,3.29,5.19,"HILIKS,"
Globalspace Technologies Ltd.,GSTL,IT - Software,58.26,BSE,16.95,-3.14,2,2025-03,9.69,67.66,2025-06,41.79,0.74,2025-06,72.82,-2.04,1.07,2,2025-03,0.18,-3.61,-2.01,"GSTL,"
AMPVOLTS Ltd.,AMPVOLTS,IT - Software,57.56,BSE,22.14,0.59,1,2025-03,11.35,44.21,2025-06,2.89,0.47,2025-06,122.48,2.11,1.17,1,2025-03,0.23,1.39,-1.04,"AMPVOLTS,"
Austere Systems Ltd.,AUSTERE,IT - Software,57.51,BSE,54.89,0.26,1,2025-03,0.48,51.09,,,,2025-03,14.33,,1.81,1,2025-03,0.03,31.76,42.28,"AUSTERE,"
Lee & Nee Softwares (Exports) Ltd.,LEENEE,IT - Software,55.66,BSE,10.10,-0.49,2,2025-03,0.06,53.5,2025-06,11.08,0.34,2025-06,161.34,4.75,0.98,2,2025-03,0,0.55,0.9,"LEENEE,"
We Win Ltd.,WEWIN,BPO/ITeS,52.94,NSE,52.10,-2.10,2,2025-03,12.4,60.14,2025-06,80.3,1.58,2025-06,33.78,-5.52,1.83,2,2025-03,0.44,6.02,10.7,"WEWIN,"
Quicktouch Technologies Ltd.,QUICKTOUCH,IT - Software,52.8,NSE,41.20,-2.49,2,2025-03,17.16,65.1,2025-06,60.19,0.37,2025-06,436.38,,0.34,2,2025-03,0.13,5.68,5.6,"QUICKTOUCH,"
Nettlinx Ltd.,NETTLINX,IT - Software,52.41,BSE,21.88,1.02,2,2025-09,12.18,63.41,2025-09,29.2,0.79,2025-09,65.77,1.65,0.85,2,2025-03,0.33,14.62,17.31,"NETTLINX,"
LCC Infotech Ltd.,LCCINFOTEC,IT - Education,51.4,NSE,4.03,-2.18,1,2025-03,2.11,53.5,2025-06,0.38,-2.03,2025-06,0,,97.83,2,2024-03,0.83,-183.06,-167.96,"LCCINFOTEC,"
Saven Technologies Ltd.,7TEC,IT - Software,51.12,BSE,46.99,3.85,1,2025-09,,45.93,2025-09,16.83,3.36,2025-09,15.22,-760.93,2.38,1,2025-03,0,13.44,17.94,"7TEC,"
Globtier Infotech Ltd.,GLOBTIER,IT - Software,50.58,BSE,33.49,4.53,1,2025-03,12.21,59.36,,,,2025-03,8.38,,1.06,2,2025-03,0.61,31.7,31.23,"GLOBTIER,"
Pace E-Commerce Ventures Ltd.,PACE,e-Commerce,49.44,BSE,21.94,-3.77,1,2025-09,11.82,57.91,2025-03,72.14,3.31,2025-03,14.94,,0.65,1,2025-03,0.15,4.44,6.53,"PACE,"
Kashyap Tele-Medicines Ltd.,KASHYAP,IT - Software,48.87,BSE,10.24,1.99,1,2025-03,0,48.86,2025-06,0.13,-0.03,2025-06,0,0,80.19,1,2025-03,0,-0.05,-0.02,"KASHYAP,"
Infonative Solutions Ltd.,INFONATIVE,IT - Education,47.83,BSE,40.37,1.20,1,2025-03,4.05,51.52,2025-03,21.67,5.95,2025-03,8.04,,1.37,1,2024-03,0.19,15.46,18.02,"INFONATIVE,"
IEC Education Ltd.,IECEDU,IT - Education,46.15,BSE,30.24,-1.98,2,2025-03,1.68,47.74,2025-06,0,-0.2,2025-06,0,0,1.54,2,2025-03,0.06,-0.91,-0.86,"IECEDU,"
HRH Next Services Ltd.,HRHNEXT,BPO/ITeS,43.97,NSE,33.30,4.88,1,2025-03,9.51,52.89,2025-03,57.84,3.14,2025-03,14,,1.2,1,2025-03,0.26,10.91,15.33,"HRHNEXT,"
Radiowalla Network Ltd.,RADIOWALLA,e-Commerce,43.28,NSE,61.40,4.51,1,2025-09,0.63,34.54,2025-03,20.49,0.76,2025-03,57.02,,1.8,1,2023-03,0.19,42.53,39.64,"RADIOWALLA,"
Tridhya Tech Ltd.,TRIDHYA,IT - Software,41.45,NSE,17.80,4.71,1,2025-03,100.17,141.13,2025-03,34.9,-1.78,2025-03,0,,0.94,2,2025-03,2.33,-8.39,2.14,"TRIDHYA,"
ERP Soft Systems Ltd.,ERPSOFT,IT - Software,41.03,BSE,104.60,,2,2025-03,1.9,41.85,2025-06,10.29,0.24,2025-06,172.38,24.42,2.26,2,2024-03,0.11,1,1.26,"ERPSOFT,"
Triton Corp Ltd.,TRITON,BPO/ITeS,40.78,BSE,2.04,2.00,2,2025-09,2.95,43.36,2025-09,2.45,0.61,2025-09,67.18,3.97,63.75,2,2025-03,10.08,30.6,9.1,"TRITON,"
Jupiter Infomedia Ltd.,JUPITERIN,BPO/ITeS,40.77,BSE,40.69,0.15,2,2025-09,,10.43,2025-09,2.48,-2.21,2025-09,0,0,1.51,2,2025-03,0,22.94,30.52,"JUPITERIN,"
LEX Nimble Solutions Ltd.,LEX,IT - Software,40.63,BSE,96.97,,1,2025-09,,38.08,2025-03,7.17,1.19,2025-03,34.2,6.4,2.64,1,2025-03,0,7.41,10.16,"LEX,"
Netlink Solutions (India) Ltd.,NETLINK,IT - Software,39.05,BSE,153.55,-1.51,1,2025-09,,9.68,2025-09,0.05,-1.16,2025-09,0,0,1.22,1,2025-03,0,19.34,24.96,"NETLINK,"
B2B Software Technologies Ltd.,B2BSOFT,IT - Software,37.39,BSE,32.27,-1.62,2,2025-09,,31.56,2025-09,27.02,2.5,2025-09,15,0.63,1.57,2,2024-03,0,9.67,12.54,"B2BSOFT,"
Mudunuru Ltd.,MUDUNURU,IT - Software,36.78,BSE,11.24,1.81,1,2025-03,3.68,40.45,2025-06,6.73,-1.38,2025-06,0,0,-38.24,1,2024-03,-4.02,0,-84.65,"MUDUNURU,"
USG Tech Solutions Ltd.,USGTECH,IT - Software,36.69,BSE,9.31,-2.31,2,2025-03,5.3,41.76,2025-06,0,-0.67,2025-06,0,0,1.01,2,2025-03,0.15,-1.71,-1.16,"USGTECH,"
Informed Technologies India Ltd.,INFORTEC,BPO/ITeS,34.85,BSE,83.60,-1.64,2,2025-03,0.17,34.32,2025-06,1.88,0.32,2025-06,67.55,2.63,1.67,2,2025-03,0.01,6.65,9.79,"INFORTEC,"
Accedere Ltd.,Accedere,IT - Software,34.06,BSE,76.00,3.60,2,2025-09,0.55,34.13,2025-09,3.37,0.07,2025-09,256.07,5.8,7.81,2,2025-03,0.1,3.26,3.17,"Accedere,"
Megri Soft Ltd.,MEGRISOFT,IT - Software,33.43,BSE,107.90,-0.78,2,2025-03,0,32.38,2025-06,3.08,0.56,2025-06,59.81,6.89,1.49,2,2025-03,0,2.51,3.37,"MEGRISOFT,"
Rolta India Ltd.,ROLTA,IT - Software,32.68,NSE,1.96,0.51,2,2025-03,10845.78,10649.41,2025-03,0,-26.07,2025-03,0,0,0,2,2024-03,-1.05,0,-2.28,"ROLTA,"
Yudiz Solutions Ltd.,YUDIZ,IT - Software,31.27,NSE,30.30,4.48,1,2025-03,0.47,0.15,2025-03,20.95,-0.56,2025-03,0,,0.65,2,2025-03,0.01,-6.32,-10.8,"YUDIZ,"
Starcom Information Technology Ltd.,STARCOM,IT - Software,31,BSE,62.00,-4.62,1,2025-03,15.72,46.56,2025-06,2.77,-5.1,2025-06,0,,-1.22,1,2024-03,-1.13,0,-79.85,"STARCOM,"
Ahasolar Technologies Ltd.,AHASOLAR,IT - Software,30.66,BSE,99.18,-5.00,1,2025-03,0.71,24.26,2025-03,39,-1.02,2025-03,0,,2.08,2,2025-03,0.05,-6.27,-5.66,"AHASOLAR,"
Response Informatics Ltd.,RESPONSINF,IT - Software,30.3,BSE,37.00,4.52,2,2025-03,0.96,28.88,2025-06,30.06,1.22,2025-06,19.47,,1.98,2,2025-03,0.06,15.66,16.55,"RESPONSINF,"
Mindpool Technologies Ltd.,MINDPOOL,IT - Software,30.13,NSE,71.10,,1,2025-03,,29.78,2025-03,26.56,0.08,2025-03,371.96,-10.91,2.33,2,2024-03,0,1.09,2.71,"MINDPOOL,"
Micropro Software Solutions Ltd.,MICROPRO,IT - Software,30.03,NSE,21.00,-3.89,1,2025-03,0,16.73,2025-03,20.33,-1.05,2025-03,0,,0.65,2,2025-03,0,-3.97,-3.45,"MICROPRO,"
Vama Industries Ltd.,VAMA,IT - Software,29.95,BSE,5.70,2.15,2,2025-03,0.94,30.28,2025-06,64.53,-0.52,2025-06,0,0,1.81,2,2024-03,0.04,-20.29,-8.09,"VAMA,"
Senthil Infotek Ltd.,SENINFO,IT - Software,28.91,BSE,57.25,4.70,1,2025-03,,26.64,2025-06,0.12,-2.13,2025-06,0,,10.9,1,2024-03,0,0.08,0.11,"SENINFO,"
Acceleratebs India Ltd.,ACCELERATE,IT - Software,28.54,BSE,83.00,0.00,1,2025-03,1.73,26.97,2025-03,6.77,0.73,2025-03,38.93,,6.54,1,2025-03,0.4,17.72,22.31,"ACCELERATE,"
Groarc Industries India Ltd.,GROARC,IT - Software,27.65,BSE,13.51,-4.99,1,2025-09,1.49,29.08,2025-09,25.6,-0.93,2025-09,0,0,0.71,1,2025-03,0.04,2.21,2.91,"GROARC,"
Niks Technology Ltd.,NIKSTECH,IT - Software,25.2,BSE,504.00,,1,2025-03,0,22.84,2025-03,9.09,0.45,2025-03,55.94,1.4,4.04,1,2025-03,0,9.21,12.19,"NIKSTECH,"
PlatinumOne Business Services Ltd.,POBS,BPO/ITeS,24.53,BSE,155.00,,1,2025-09,3.57,26.86,2025-03,30.43,1.56,2025-03,15.77,,1.48,1,2025-03,0.22,9.87,13.7,"POBS,"
ACE Integrated Solutions Ltd.,ACEINTEG,BPO/ITeS,23.87,NSE,23.40,-0.89,1,2025-03,0.14,20.82,2025-06,6.47,-1.9,2025-06,0,,1.38,2,2024-03,0.01,2.19,2.06,"ACEINTEG,"
Fone4 Communications (India) Ltd.,FONE4,e-Commerce,23.15,BSE,9.28,9.95,1,2025-03,2.82,25.91,2025-03,58.35,-3.19,2025-03,0,,1.47,1,2025-03,0.72,-57.72,-33.24,"FONE4,"
G-Tec Jainx Education Ltd.,GTECJAINX,IT - Education,23.1,NSE,22.67,-6.52,2,2025-03,1.05,23.97,2025-06,7.78,-3.4,2025-06,0,,15.26,2,2024-03,0.11,-2.37,2.69,"GTECJAINX,"
Infronics Systems Ltd.,INFRONICS,IT - Software,21.27,BSE,27.34,-1.05,1,2025-03,0,18.19,2025-06,1.5,0.51,2025-06,41.47,0.92,6.7,1,2025-03,0,40.35,50.23,"INFRONICS,"
Jonjua Overseas Ltd.,JONJUA,IT - Software,21.05,BSE,8.68,0.00,1,2025-03,0.03,17.07,2025-03,4.77,2.46,2025-03,8.56,0.13,0.69,1,2024-03,0.01,10.57,14.2,"JONJUA,"
Ekennis Software Service Ltd.,EKENNIS,IT - Software,20.85,BSE,148.95,4.16,1,2025-03,3.41,24.17,2025-03,2.18,-1.62,2025-03,0,,6.12,2,2024-03,0,0.01,1.5,"EKENNIS,"
COSYN Ltd.,COSYN,IT - Software,17.71,BSE,23.61,-3.63,2,2025-03,0.01,12.19,2025-06,12.09,0.16,2025-06,110.67,-3.09,0.64,2,2024-03,0.07,0.13,8.49,"COSYN,"
Educomp Solutions Ltd.,EDUCOMP,IT - Education,17.15,NSE,1.37,,1,2025-03,2680.87,2687.84,2025-03,3.62,-32.14,2025-03,0,0,-0.01,2,2024-03,-0.88,0,0,"EDUCOMP,"
Euphoria Infotech (India) Ltd.,EUPHORIAIT,IT - Software,15.71,BSE,54.15,,1,2025-03,1.17,15.94,2025-03,13.22,1.79,2025-03,8.77,,0.99,2,2025-03,0.07,12.2,17.05,"EUPHORIAIT,"
Continental Chemicals Ltd.,CONTCHM,IT - Software,15.68,BSE,69.73,-4.99,1,2025-03,0.03,12.74,2025-06,0.23,0.47,2025-06,33.51,0.82,3.03,1,2025-03,0.01,9.06,10.74,"CONTCHM,"
Vivo Collaboration Solutions Ltd.,VIVO,IT - Software,15.32,NSE,76.05,,1,2025-03,,14.88,2025-03,2.6,-1.27,2025-03,0,,1.13,1,2024-03,0,-4.81,-4.74,"VIVO,"
Quadpro ITeS Ltd.,QUADPRO,BPO/ITeS,15.16,NSE,3.00,3.45,1,2025-03,0.94,13.55,2025-03,7.85,0.64,2025-03,23.78,,0.76,1,2025-03,0.05,3.26,4.3,"QUADPRO,"
United Interactive Ltd.,UNITEDINT,BPO/ITeS,14.92,BSE,81.50,1.86,2,2025-03,0,-3.88,2025-06,2.3,2.51,2025-06,12.43,1.31,0.4,2,2025-03,0,6.15,8.29,"UNITEDINT,"
TeleCanor Global Ltd.,TELECANOR,BPO/ITeS,14.71,BSE,13.35,3.41,1,2025-06,11.07,25.68,2025-06,5.05,0.73,2025-06,20.04,0.81,-3.32,1,2025-03,-2.3,0,16.37,"TELECANOR,"
Computer Point Ltd.,COMPUPN,IT - Education,14.43,BSE,4.90,-0.41,1,2025-03,0,13.84,2025-06,0,-0.27,2025-06,0,,0.43,1,2025-03,0,-0.35,0.05,"COMPUPN,"
Plada Infotech Services Ltd.,PLADAINFO,BPO/ITeS,13.33,NSE,15.55,-4.01,1,2025-03,16.92,27.57,2025-03,66.93,1.86,2025-03,7.16,,0.55,2,2024-03,0.65,18.01,17.08,"PLADAINFO,"
Usha Martin Education & Solutions Ltd.,UMESLTD,IT - Education,13.16,NSE,4.99,0.60,2,2025-03,0.71,13.81,2025-06,0.55,0.32,2025-06,40.85,1.11,0.9,2,2025-03,0.05,2.17,2.96,"UMESLTD,"
Southern Infoconsultants Ltd.,SOUTHERNIN,IT - Software,12.15,BSE,24.95,1.75,2,2025-03,0,12.04,2025-06,12.19,-0.02,2025-06,0,0,2.13,2,2025-03,0,4.64,7.84,"SOUTHERNIN,"
I Power Solutions India Ltd.,IPOWER,IT - Software,11.94,BSE,20.24,,1,2025-03,2.14,13.75,2025-06,0,-0.31,2025-06,0,,1.79,1,2024-03,0.06,-3.79,-3.67,"IPOWER,"
Octaware Technologies Ltd.,OCTAWARE,IT - Software,10.97,BSE,30.55,,1,2025-03,,10.41,2025-03,6.54,0.1,2025-03,114.26,6.72,1.17,2,2024-03,0.05,-11.1,-10.19,"OCTAWARE,"
Patrona Risk Solutions Ltd.,CRPRISK,BPO/ITeS,10.81,BSE,6.18,,1,2025-03,23.14,33.87,2025-03,2.13,0,2024-03,300.16,20.19,0.18,1,2025-03,0.38,0,0,"CRPRISK,"
Globesecure Technologies Ltd.,GSTL,IT - Software,10.44,NSE,6.55,4.80,1,2025-03,7.35,17.47,2025-03,16.91,-2.87,2025-03,0,,0.23,1,2025-03,0.16,-8.6,-4.84,"GSTL,"
Svam Softwares Ltd.,SVAMSOF,IT - Software,10.17,BSE,6.30,0.48,1,2024-09,,10.07,2025-06,0.21,-0.04,2025-06,0,0,0.3,1,2024-03,0,0.44,0.48,"SVAMSOF,"
Otco International Ltd.,OTCO,IT - Software,9.8,BSE,7.56,3.70,1,2025-03,5.88,15.48,2025-03,0.9,0.03,2025-03,332.34,-17.55,3.68,1,2025-03,2.21,1.11,0.4,"OTCO,"
ObjectOne Information Systems Ltd.,OONE,IT - Software,9.65,BSE,9.18,-0.76,1,2025-03,0.72,5.05,2025-06,15.98,-0.62,2025-06,0,0,0.63,1,2023-03,0.06,10.98,15.66,"OONE,"
Wherrelz IT Solutions Ltd.,WITS,IT - Software,9.39,BSE,241.00,,1,2025-09,,9.31,2025-03,10.72,-8.94,2025-03,0,,6.61,1,2024-03,27.07,7.11,0.46,"WITS,"
Space Incubatrics Technologies Ltd.,SPACEINCUBA,IT - Software,9.24,BSE,2.67,,1,2025-09,1.14,10.35,2025-09,20.1,9.58,2025-09,0.96,0.06,0.5,2,2024-03,0,0.32,0.41,"SPACEINCUBA,"
Mipco Seamless Rings (Gujarat) Ltd.,MPCOSEMB,IT - Software,8.94,BSE,24.95,,1,2025-03,1.43,10.35,2025-06,0,-0.12,2025-06,0,0,-2.65,1,2024-03,-0.6,0,0,"MPCOSEMB,"
VCU Data Management Ltd.,VCU,IT - Software,8.84,BSE,5.70,2.52,1,2025-03,0,7.76,2025-06,0,-0.02,2025-06,0,0,0.29,1,2025-03,0,0.26,0.36,"VCU,"
PS IT Infrastructure & Services Ltd.,PSITINFRA,IT - Software,8.55,BSE,1.59,1.92,1,2025-03,4.99,13.54,2025-06,0.64,-1.01,2025-06,0,0,0.26,1,2025-03,0.15,-1.27,-0.91,"PSITINFRA,"
Popees Cares Ltd.,POPEES,IT - Software,7.97,BSE,13.13,4.96,1,2025-03,,7.91,2025-06,0,-0.43,2025-06,0,,-11.57,1,2024-03,0,-245.89,-281.35,"POPEES,"
Capricorn Systems Global Solutions Ltd.,CAPRICORN,IT - Software,7.88,BSE,19.71,,1,2025-03,,7.69,2025-06,1.03,-0.6,2025-06,0,,2.96,1,2024-03,0,-3.93,-3.99,"CAPRICORN,"
Ajel Ltd.,AJEL,IT - Software,7.33,BSE,6.27,,2,2025-03,11.15,18.41,2025-06,13.95,-1.15,2024-12,0,,0.58,2,2024-03,0.73,-13.05,-6.24,"AJEL,"
Mahaveer Infoway Ltd.,MAHAVEER,IT - Software,7.32,BSE,13.28,-1.99,1,2025-06,0.36,7.51,2025-06,2.66,0.15,2025-06,47.82,21.16,1.77,2,2024-03,0.44,-9.38,-4.48,"MAHAVEER,"
Net Avenue Technologies Ltd.,CBAZAAR,e-Commerce,7.29,NSE,3.40,0.00,1,2025-03,0.7,4.6,2025-03,27.12,-3.45,2025-03,0,,1.1,2,2024-03,0.14,-31.82,-7.16,"CBAZAAR,"
Bharatiya Global Infomedia Ltd.,BGLOBAL,IT - Software,7.26,NSE,4.39,,2,2025-03,2.48,9.07,2025-06,0.25,-4.1,2025-06,0,,0.09,2,2024-03,0.03,-2.93,-2.44,"BGLOBAL,"
Melstar Information Technologies Ltd.,MELSTAR,IT - Software,7.26,NSE,4.25,,2,2025-03,2.88,9.96,2025-03,0,-1.21,2016-03,0,0,,1,2024-03,0.52,0,362.73,"MELSTAR,"
Covidh Technologies Ltd.,COVIDH,IT - Software,6.98,BSE,8.30,1.97,1,2025-03,1.61,8.56,2025-06,0,0.13,2025-06,51.7,2.8,0.88,1,2025-03,-16.38,0,18.82,"COVIDH,"
PFL Infotech Ltd.,PFLINFOTC,IT - Software,6.91,BSE,9.24,-4.74,1,2025-03,,6.87,2025-06,0,-0.67,2025-06,0,0,-20.33,1,2024-03,0.12,-173.81,-171.41,"PFLINFOTC,"
First Fintec Ltd.,FIRSTFIN,IT - Software,6.73,BSE,6.88,3.93,1,2025-03,0.25,6.96,2025-06,2.08,0.05,2025-06,124.64,8.51,0.63,1,2025-03,0.02,-0.88,0.2,"FIRSTFIN,"
SecUR Credentials Ltd.,SECURCRED,BPO/ITeS,6.69,NSE,1.56,,1,2023-09,20.4,24.52,2023-12,38.25,4.81,2023-12,1.39,0.16,0.14,1,2023-03,0.41,17.59,21.44,"SECURCRED,"
Omni AxS Software Ltd.,OMNIAX,IT - Software,6.41,BSE,3.94,2.60,1,2025-03,0,6.36,2025-06,0.12,0.02,2025-06,400.34,42.54,0.55,1,2025-03,0,-0.63,-0.63,"OMNIAX,"
Hit Kit Global Solutions Ltd.,HITKITGLO,IT - Software,6.36,BSE,1.30,2.36,1,2025-03,,6.11,2025-06,0.93,2.46,2025-06,2.59,0.03,0.54,1,2024-03,0.02,-32.97,-32.57,"HITKITGLO,"
Nihar Info Global Ltd.,NIHARINF,IT - Software,6.36,BSE,5.95,-4.95,2,2025-03,2.25,8.52,2025-06,10.45,-3.55,2025-06,0,,1.05,2,2024-03,0.19,-32.79,-26.77,"NIHARINF,"
Tranway21 Technologies Ltd.,TRANWAY21,IT - Software,5.85,BSE,5.52,,1,2025-03,5.29,10.97,2025-03,3.93,-0.32,2025-03,0,0,0.49,2,2024-03,0.3,-1.09,-0.01,"TRANWAY21,"
Virgo Global Ltd.,VIRGOGLOB,IT - Software,5.57,BSE,5.30,-2.03,1,2025-03,0,5.38,2025-06,0.25,-0.84,2025-06,0,0,8.93,1,2025-03,0,0.37,3.11,"VIRGOGLOB,"
Pagaria Energy Ltd.,WOMENNET,IT - Software,4.8,BSE,11.03,0.00,1,2025-03,0.16,4.94,2025-06,0,0.06,2025-06,77.38,3.26,0.76,1,2025-03,0.03,0.98,1.15,"WOMENNET,"
Jointeca Education Solutions Ltd.,JOINTECAED,IT - Software,4.76,BSE,4.75,-4.04,1,2025-03,1.13,5.87,2025-03,0.21,-1.52,2025-03,0,0,0.7,1,2024-03,0.17,-13.98,-10.96,"JOINTECAED,"
Quintegra Solutions Ltd.,QUINTEGRA,IT - Software,4.53,NSE,1.72,,1,2025-03,13.27,17.8,2025-06,0,-0.08,2025-06,0,,-0.35,1,2025-03,-1.02,0,-28.39,"QUINTEGRA,"
Integra Telecommunication And Software Ltd.,INTELSOFT,IT - Software,4.49,BSE,4.25,,1,2023-03,0.61,5.1,2023-06,0.25,0.02,2023-06,236.21,6.07,0.42,1,2022-03,0.05,6.76,7.6,"INTELSOFT,"
Adjia Technologies Ltd.,ADJIA,IT - Software,4.28,BSE,48.60,,1,2025-03,0.05,4.25,2025-03,0.24,0.05,2025-03,80.73,8.12,1.89,1,2024-03,0.02,3.28,3.54,"ADJIA,"
T Spiritual World Ltd.,TSPIRITUAL,IT - Software,4.12,BSE,2.06,-2.83,1,2025-03,0,4.09,2025-06,0,-0.2,2025-06,0,0,3.32,1,2025-03,0,-14.02,-14.02,"TSPIRITUAL,"
G-Tech Info Training Ltd.,GTEIT,BPO/ITeS,3.95,BSE,11.28,,1,2025-03,,3.81,2025-06,0,0,2025-06,0,0,31.84,1,2024-03,0,10.82,13.93,"GTEIT,"
Integrated Hitech Ltd.,INTEGHIT,IT - Software,3.26,BSE,3.26,8.31,2,2025-03,0.42,3.67,2025-06,0.02,-3.05,2025-06,0,,-6.33,2,2025-03,-0.97,-278.58,-174.93,"INTEGHIT,"
Fourth Generation Information Systems Ltd.,4THGEN,IT - Software,3.1,BSE,8.74,,1,2025-03,3.88,6.87,2025-06,0.11,-1.01,2025-06,0,,-1.91,1,2025-03,-2.79,0,-14.42,"4THGEN,"
Twinstar Industries Ltd.,TWINSTAR,IT - Software,2.99,BSE,1.33,,1,2021-09,15.79,18.62,2021-12,0,-3.17,2021-12,0,,,1,2021-03,0.8,-15.73,-8.95,"TWINSTAR,"
IDream Film Infrastructure Company Ltd.,SOFTBPO,IT - Software,2.78,BSE,185.25,,2,2025-03,4,6.78,2025-06,0,-0.22,2025-06,0,0,-0.61,2,2024-03,-0.9,0,0,"SOFTBPO,"
Unipro Technologies Ltd.,UPROTECH,IT - Software,1.97,BSE,3.24,,1,2025-03,1.82,3.76,2025-06,0.07,-0.31,2025-06,0,0,-2.06,1,2025-03,-1.87,0,-63.31,"UPROTECH,"
Baron Infotech Ltd.,BARONINF,IT - Software,1.41,BSE,1.38,,1,2024-03,1.1,2.5,2024-03,0,-0.17,2024-03,0,0,,1,2023-03,-5.08,-296.67,-126.88,"BARONINF,"
Springform Technology Ltd.,SFTL,IT - Software,0.06,BSE,11.02,,1,2025-03,0.1,0.09,2025-06,0.05,-1,2024-12,0,,2.05,1,2025-03,-4.7,-208.85,-188.36,"SFTL,"
Jonjua Overseas Ltd. - (Rights Entitlements (REs)),JONJUA-RE,IT - Software,0,BSE,0.12,,1,,,0,,,,-0,,,,1,-0,,,,"JONJUA-RE,"
Ace Software Exports Ltd. - (Rights Entitlements (REs)),ACES-RE,IT - Software,0,BSE,170.00,,1,,,0,,,,-0,,,,1,-0,,,,"ACES-RE,"
Ace Software Exports ltd. - (Partly Paid-up),ASEPP,IT - Software,0,BSE,249.05,,1,,,0,,,,-0,,,,1,-0,,,,"ASEPP,"
California Software Company Ltd. - (Rights Entitlements (REs)),CALSOFT-RE,IT - Software,0,NSE,1.02,,1,,,0,,,,-0,,,,1,-0,,,,"CALSOFT-RE,"
Interactive Financial Services Ltd. - (Rights Entitlements (REs)),INTFIN-RE,IT - Software,0,BSE,0.36,,1,,,0,,,,-0,,,,1,-0,,,,"INTFIN-RE,"
California Software Co.Ltd. - (Partly Paid-up (Rights Issue)),CALSOFTPP,IT - Software,0,BSE,5.10,-2.67,1,,,0,,,,-0,,,,1,-0,,,,"CALSOFTPP,"
Sylph Technologies Ltd. - (Rights Entitlements (REs)),SYLPH-RE,IT - Software,0,BSE,0.04,,1,,,0,,,,-0,,,,1,-0,,,,"SYLPH-RE,"
Bodhtree Consulting Ltd. - (Rights Entitlements (REs)),BODH-RE,IT - Software,0,BSE,5.26,,1,,,0,,,,-0,,,,1,-0,,,,"BODH-RE,"
Kati Patang Lifestyle Ltd. - (Rights Entitlements (REs)),KATIPA-RE,IT - Software,0,BSE,1.85,,1,,,0,,,,-0,,,,1,-0,,,,"KATIPA-RE,"
Infibeam Avenues Ltd. - (Partly Paid-up Equity Shares (Rights Issue)),INFIBPP,Fintech,0,NSE,11.62,-4.20,1,,,0,,,,-0,,,,1,-0,,,,"INFIBPP,"
GVP Infotech Ltd. - (Partly paid-up Rights),GVPTECHPP,IT - Software,0,NSE,4.09,2.51,1,,,0,,,,-0,,,,1,-0,,,,"GVPTECHPP,"
Kati Patang Lifestyle Ltd- Partly Paid-up Equity Shares,890220,IT - Software,0,BSE,9.63,-0.72,1,,,0,,,,-0,,,,1,-0,,,,"890220,"
Covance Softsol Ltd. - (Rights Entitlements (REs)),COVAN-RE,IT - Software,0,BSE,110.45,,1,,,0,,,,-0,,,,1,-0,,,,"COVAN-RE,"
3I Infotech Ltd. - (Rights Entitlements (REs),3IINFO-RE,IT - Software,0,NSE,1.28,,1,,,0,,,,-0,,,,1,-0,,,,"3IINFO-RE,"
Covidh Technologies Ltd. - (Rights Entitlements (REs)),COVIDH-RE,IT - Software,0,BSE,1.96,,1,,,0,,,,-0,,,,1,-0,,,,"COVIDH-RE,"
