Sector: Power,
Date: 09-Nov-2025,
Note:- Statement: 1 = Standalone and 2 = Consolidated,
Generated by and for: signshailesh@gmail.com,

Stock Name,Symbol,Industry,Market Cap(Rs. Cr.),Exchange,LTP,Chg%,TTM Statement,Period Ending,Total Debt(Rs. Cr.),Enterprise Value(Rs. Cr.),TTM Ending (Results),Net Sales (Rs. Cr.),Profit After Tax (Rs. Cr.),TTM Ending (Valuation),Price Earning Ratio(TTM),"PEG Ratio ",Price To Book Value(TTM),Statement,Year Ending,Debt Equity Ratio,Return On Equity(%),Return On Capital Employed(%),Symbol with Comma for External Upload
NTPC Ltd.,NTPC,Power Generation/Distribution,316256.77,NSE,326.10,-0.17,2,2025-09,252196.58,560502.47,2025-09,186737.7,16616.56,2025-09,13.32,0.88,1.65,2,2025-03,1.35,13.89,10.99,"NTPC,"
Adani Power Ltd.,ADANIPOWER,Power Generation/Distribution,292163.12,NSE,151.48,-1.10,2,2025-09,47253.69,329125.77,2025-09,55474.57,11750.89,2025-09,24.28,0.37,5,2,2025-03,0.68,25.63,22.87,"ADANIPOWER,"
Power Grid Corporation Of India Ltd.,POWERGRID,Power Generation/Distribution,252976.42,NSE,272.00,0.67,2,2025-09,135922.87,380072.93,2025-09,46180.55,14515.99,2025-09,16.64,2.37,2.56,2,2025-03,1.41,17.26,12.89,"POWERGRID,"
Adani Green Energy Ltd.,ADANIGREEN,Power Generation/Distribution,174625.38,NSE,1059.80,-0.07,2,2025-09,85997,256429.38,2025-09,12237,1928,2025-09,86.53,1.65,8.94,2,2025-03,9.49,26.23,9.75,"ADANIGREEN,"
Tata Power Company Ltd.,TATAPOWER,Power Generation/Distribution,125704.66,NSE,393.20,0.37,2,2025-03,58145.56,172099.24,2025-06,66219.68,4215.49,2025-06,30.96,0.88,3.4,2,2025-03,1.62,14.01,12.54,"TATAPOWER,"
Adani Energy Solutions Ltd.,ADANIENSOL,Power Generation/Distribution,115299.11,NSE,960.60,-0.78,2,2025-09,45373.65,155767.53,2025-09,25619.95,2411.14,2025-09,51.12,2,4.93,2,2025-03,1.82,5.31,7.74,"ADANIENSOL,"
JSW Energy Ltd.,JSWENERGY,Power Generation/Distribution,90840.27,NSE,519.15,0.35,2,2025-09,68140.7,154006.46,2025-09,15949.06,2216.6,2025-09,44.89,3.35,3.12,2,2025-03,1.82,8.27,6.94,"JSWENERGY,"
NTPC Green Energy Ltd.,NTPCGREEN,Power Generation/Distribution,83420.66,NSE,98.96,-0.67,2,2025-09,20329.35,103470.39,2025-09,2419.85,571.69,2025-09,137.45,,4.45,2,2025-03,0.99,3.84,5.09,"NTPCGREEN,"
NHPC Ltd.,NHPC,Power Generation/Distribution,81836.9,NSE,81.48,-1.65,2,2025-09,44796.24,123584.92,2025-09,11212.76,3144.21,2025-09,25.81,31.09,1.98,2,2025-03,0.99,8.71,7.93,"NHPC,"
Torrent Power Ltd.,TORNTPOWER,Power Generation/Distribution,64577.76,NSE,1281.20,0.63,2,2025-03,8736.68,72934.44,2025-06,28037.9,2803.85,2025-06,23.5,-5.93,3.52,2,2025-03,0.5,20.61,17.19,"TORNTPOWER,"
NLC India Ltd.,NLCINDIA,Power Generation/Distribution,35754.42,NSE,258.25,-0.65,2,2025-09,24327.78,59339.59,2025-09,16251.43,2728.19,2025-09,13.68,1.12,1.79,2,2025-03,1.2,15.39,11.57,"NLCINDIA,"
SJVN Ltd.,SJVN,Power Generation/Distribution,33356.1,NSE,84.85,-1.26,2,2025-03,26925.37,56910,2025-06,3119.09,710.91,2025-06,48.32,-3.96,2.31,2,2025-03,1.9,5.79,4.88,"SJVN,"
CESC Ltd.,CESC,Power Generation/Distribution,23157.72,NSE,174.75,-0.48,2,2025-09,18513,37149.72,2025-09,17907,1516,2025-09,15.97,10.24,1.82,2,2025-03,1.48,12.18,11.75,"CESC,"
Nava Ltd.,NAVA,Power Generation/Distribution,16242.86,NSE,573.10,-3.74,2,2025-09,1590.73,16047.58,2025-09,4017.66,1236.87,2025-09,17.61,0.78,2,2,2025-03,0.12,19.78,20.67,"NAVA,"
Reliance Power Ltd.,RPOWER,Power Generation/Distribution,16228.77,NSE,39.19,-4.58,2,2025-03,15153.08,30408.48,2025-06,7476.24,3090.35,2025-06,5.25,,1.08,2,2025-03,1.04,22.53,16.81,"RPOWER,"
Acme Solar Holdings Ltd.,ACMESOLAR,Power Generation/Distribution,16070.37,NSE,265.10,-1.49,2,2025-09,12313.99,24993.14,2025-09,1814.63,480.02,2025-09,33.39,,3.36,2,2025-03,2.32,7.09,8.53,"ACMESOLAR,"
Indian Energy Exchange Ltd.,IEX,Power Generation/Distribution,12385.61,NSE,138.96,0.59,2,2025-09,,12310.79,2025-09,569.98,449.07,2025-09,26.44,1.35,9.92,2,2025-03,0,41.37,53.8,"IEX,"
Waaree Renewable Technologies Ltd.,WAAREERTL,Power Generation/Distribution,12320.38,NSE,1180.60,-0.07,2,2025-09,25.78,12151.6,2025-09,2214.89,349.98,2025-09,35.2,0.26,18.72,2,2025-03,0.06,65.52,81.92,"WAAREERTL,"
Jaiprakash Power Ventures Ltd.,JPPOWER,Power Generation/Distribution,12062.09,NSE,17.61,-0.45,2,2025-09,3507.45,13412.71,2025-09,5502.54,742.58,2025-09,16.24,0.41,0.95,2,2025-03,0.31,10.08,10.26,"JPPOWER,"
KPI Green Energy Ltd.,KPIGREEN,Power Generation/Distribution,9934.15,NSE,503.20,-1.48,2,2025-09,2141.08,11246.16,2025-09,2265.01,417.29,2025-09,25.04,0.21,3.75,2,2025-03,0.47,20.1,19.95,"KPIGREEN,"
GMR Power and Urban Infra Ltd.,GMRP&UI,Power Generation/Distribution,8517.27,NSE,119.06,-0.13,2,2025-03,10238.3,17769.22,2025-06,6381.42,429.35,2025-06,46.14,,15.44,2,2025-03,17.44,0,30.76,"GMRP&UI,"
Reliance Infrastructure Ltd.,RELINFRA,Power Generation/Distribution,7144.92,NSE,175.89,-5.00,2,2025-03,6292.61,10577.04,2025-06,22306.87,8853.29,2025-06,1.37,0.04,-0.45,2,2025-03,-0.39,0,0,"RELINFRA,"
RattanIndia Power Ltd.,RTNPOWER,Power Generation/Distribution,5574.17,NSE,10.38,-1.14,2,2025-09,3779.08,8657.97,2025-09,3145.25,85.61,2025-09,65.11,4.1,1.23,2,2025-03,0.77,4.96,8.74,"RTNPOWER,"
PTC India Ltd.,PTC,Power Generation/Distribution,4900.42,NSE,165.52,0.76,2,2025-03,2957.24,4583.66,2025-06,15564.24,943.34,2025-06,5.32,0.42,0.81,2,2025-03,0.51,15.6,16.17,"PTC,"
Ravindra Energy Ltd.,RELTD,Power Generation/Distribution,2890.8,NSE,161.30,-0.30,2,2025-09,385.53,3212.98,2025-09,495.11,70.7,2025-09,42.11,15.31,7.35,2,2025-03,0.56,9.64,9.06,"RELTD,"
Gujarat Industries Power Company Ltd.,GIPCL,Power Generation/Distribution,2718.61,NSE,175.15,-0.48,1,2025-03,1815.63,4065.23,2025-06,1307.82,201.12,2025-06,13.52,-4.3,0.76,1,2025-03,0.52,6.19,6.73,"GIPCL,"
BF Utilities Ltd.,BFUTILITIE,Power Generation/Distribution,2565.92,NSE,679.55,-0.55,1,2025-03,10.5,2541.44,2025-06,18.9,4.91,2025-06,523.02,17.73,15.03,2,2024-03,23.42,0,38.96,"BFUTILITIE,"
Orient Green Power Company Ltd.,GREENPOWER,Power Generation/Distribution,1625.82,NSE,13.86,0.51,2,2025-09,469.88,1937.43,2025-09,294.36,72.21,2025-09,22.78,2.12,1.37,2,2025-03,0.5,3.75,6.91,"GREENPOWER,"
India Power Corporation Ltd.,DPSCLTD,Power Generation/Distribution,1112.07,NSE,11.42,-1.13,2,2025-09,92.26,1173.19,2025-09,657.39,7.7,2025-09,146.13,-12.47,1.35,2,2024-03,0.39,3.24,6.58,"DPSCLTD,"
Urja Global Ltd.,URJA,Power Generation/Distribution,698.74,NSE,12.52,-0.16,2,2025-09,9.53,707.84,2025-09,71.88,2.72,2025-09,322.44,125.95,3.92,2,2025-03,0.05,0.79,1.47,"URJA,"
GVK Power & Infrastructure Ltd.,GVKPIL,Power Generation/Distribution,517.98,NSE,3.29,0.92,2,2025-03,3370.46,3215.59,2025-06,658.74,-784.57,2025-06,0,0,-0.26,2,2025-03,-5.46,0,34.85,"GVKPIL,"
Surana Telecom And Power Ltd.,SURANAT&P,Power Generation/Distribution,290.8,NSE,21.32,1.96,2,2025-03,6.43,292.48,2025-06,15.69,24.05,2025-06,11.65,0.42,1.85,2,2025-03,0.04,16.3,19.78,"SURANAT&P,"
Indowind Energy Ltd.,INDOWIND,Power Generation/Distribution,195.65,NSE,15.19,0.13,2,2025-03,7.03,200.97,2025-06,37.63,2.16,2025-06,100.38,5.63,0.7,2,2025-03,0.03,0.49,2,"INDOWIND,"
Globus Power Generation Ltd.,GLOBUSCON,Power Generation/Distribution,153.37,BSE,15.50,0.13,1,2025-03,0,153.34,2025-06,0,3.66,2025-06,41.86,6.76,18.93,1,2025-03,0,52.7,52.74,"GLOBUSCON,"
Energy Development Company Ltd.,ENERGYDEV,Power Generation/Distribution,90.87,NSE,19.11,-0.83,2,2025-03,146.45,221.36,2025-06,36.27,-95.16,2025-06,0,0,16.33,2,2024-03,1.52,-2.12,2.97,"ENERGYDEV,"
WAA Solar Ltd.,WAA,Power Generation/Distribution,83.58,BSE,63.00,-0.08,1,2025-03,142.25,187.73,2025-03,27.65,1.22,2025-03,68.56,-7.7,0.46,2,2025-03,0.76,2.12,3.21,"WAA,"
Karma Energy Ltd.,KARMAENG,Power Generation/Distribution,63.44,NSE,53.36,-2.13,1,2025-03,1.04,63.9,2025-06,9.36,1.23,2025-06,51.45,1.03,1.56,1,2025-03,0.03,3.98,4.31,"KARMAENG,"
Sungarner Energies Ltd.,SEL,Power Generation/Distribution,54.95,NSE,237.00,-2.37,1,2025-03,14.39,68.88,2025-03,27.86,1.34,2025-03,40.87,,5.04,2,2025-03,1.28,15.91,18.02,"SEL,"
Sri KPR Industries Ltd.,SRIKPRIND,Power Generation/Distribution,46.86,BSE,23.26,-2.84,2,2025-06,,44.87,2025-06,12.15,2.69,2025-06,17.45,10.84,0.5,2,2025-03,0,5.05,6.29,"SRIKPRIND,"
Gita Renewable Energy Ltd.,GITARENEW,Power Generation/Distribution,41.58,BSE,98.80,-0.30,1,2025-03,0,41.44,2025-06,0.14,-0.31,2025-06,0,0,3.19,1,2025-03,0,-2.95,-2.93,"GITARENEW,"
KKV Agro Powers Ltd.,KKVAPOW,Power Generation/Distribution,33.53,NSE,537.75,,1,2025-03,8.68,41.47,2025-03,962.14,1.69,2025-03,19.86,-1.94,1.53,1,2025-03,0.38,8,10.84,"KKVAPOW,"
Veer Energy & Infrastructure Ltd.,VEERENRGY,Power Generation/Distribution,23.63,BSE,15.98,1.20,1,2025-03,0,23.47,2025-06,9.94,0.26,2025-06,92.65,-2.62,0.37,1,2025-03,0,0.29,0.39,"VEERENRGY,"
Amalgamated Electricity Company Ltd.,AMALGAM,Power Generation/Distribution,22.46,BSE,80.90,5.00,1,2025-03,,22.46,2025-06,0,-0.15,2025-06,0,0,-50.31,1,2024-03,0,0,0,"AMALGAM,"
